accession	organism_name	strain	tax_id	assembly_level	assembly_status	release_date	submitter	refseq_category	sequencing_tech_raw	tech_category	biosample_accession	host	isolation_source	geo_loc_name	collection_date	total_sequence_length	total_ungapped_length	number_of_contigs	contig_n50	contig_l50	number_of_scaffolds	scaffold_n50	scaffold_l50	total_number_of_chromosomes	gc_percent	assembly_name	is_t2t_flagged	is_gapless_chromosome_level
GCA_000002495.2	Pyricularia oryzae 70-15	70-15	242507	Chromosome	current	2011-10-14	International Rice Blast Genome Consortium	reference genome	Sanger ABI	sanger	SAMN02953596					40979121	40949321	216	823590	13	53	6606598	3	7	51.5	MG8	False	False
GCF_000002495.2	Pyricularia oryzae 70-15	70-15	242507	Chromosome	current	2011-10-14	International Rice Blast Genome Consortium	reference genome	Sanger ABI	sanger	SAMN02953596					40979121	40949321	216	823590	13	53	6606598	3	7	51.5	MG8	False	False
GCA_059330735.1	Pyricularia oryzae		318829	Complete Genome	current	2026-07-13	Kansas State University		Oxford Nanopore MinION	long-read	SAMN56458200	Triticum aestivum		Bolivia	2018	43347792	43347792	7	7502585	3	7	7502585	3	7	50	OKI18v1	False	True
GCA_049735435.1	Pyricularia oryzae	70-15	318829	Complete Genome	current	2025-04-17	Chinese Academy of Sciences		PacBio SequelI	long-read	SAMN46257954	Oryza sativa	infected leaf	None	2021-11-01	43463497	43463497	7	6853756	3	7	6853756	3	7	51	ASM4973543v1	False	True
GCA_050157985.1	Pyricularia oryzae	Guy11	318829	Complete Genome	current	2025-05-06	Fujian Agriculture and Forestry University		PacBio	long-read	SAMN43111377	Oryza sativa		not collected	not collected	42973823	42973823	7	6773983	3	7	6773983	3	7	51	ASM5015798v1	False	True
GCA_050157325.1	Pyricularia oryzae	95HPH-4	318829	Complete Genome	current	2025-05-06	Fujian Agriculture and Forestry University		Oxford Nanopore PromethION	long-read	SAMN43111381	Oryza sativa		China: Fujian	2023	47777704	47777704	9	6738481	4	9	6738481	4	9	51	ASM5015732v1	False	True
GCA_050157855.1	Pyricularia oryzae	95085	318829	Complete Genome	current	2025-05-06	Fujian Agriculture and Forestry University		Oxford Nanopore PromethION	long-read	SAMN43111376	Oryza sativa		China: Fujian	1995	45859373	45859373	9	6551064	4	9	6551064	4	9	51	ASM5015785v1	False	True
GCA_059330115.1	Pyricularia oryzae		318829	Complete Genome	current	2026-07-13	Kansas State University		Oxford Nanopore MinION	long-read	SAMN56458201	Triticum aestivum		Brazil: Passo Fundo, Rio Grande do Sul	2016	44285086	44285086	8	6433460	3	8	6433460	3	8	50	16MoT01v1	False	True
GCA_059330025.1	Pyricularia oryzae		318829	Complete Genome	current	2026-07-13	Kansas State University		Oxford Nanopore MinION	long-read	SAMN56501178	Triticum aestivum		Bolivia	2011	42958876	42958876	8	6311493	3	8	6311493	3	8	50	B2v1	False	True
GCA_036493215.1	Pyricularia oryzae		318829	Complete Genome	current	2023-08-24	Cell function and structure, Graduate School of Agricultural Sciences, Kobe University		PacBio2; Illumina MiSeq;Illumina HiSeq	hybrid (long-read+short-read)	SAMD00549507			Brazil	2020-10-30	42501442	42501442	7	6276809	3	7	6276809	3	7	50	Br48_v3	False	True
GCA_012272995.1	Pyricularia oryzae	LpKY97	318829	Complete Genome	current	2020-04-12	University of Kentucky		Oxford Nanopore MiniION	long-read	SAMN14533965	perennial ryegrass		not applicable	not applicable	45612971	45612971	9	6155580	4	9	6155580	4	9	50	ASM1227299v1	False	True
GCA_004346965.1	Pyricularia oryzae		318829	Complete Genome	current	2019-03-12	Academia Sinica		PacBio RSII; Illumina MiSeq	hybrid (long-read+short-read)	SAMN10491321	Eleusine coracana		Japan: Miyazaki	1976	42703282	42703282	7	6129159	3	7	6129159	3	7	50	ASM434696v1	False	True
GCA_059329645.1	Pyricularia oryzae		318829	Complete Genome	current	2026-07-13	Kansas State University		Oxford Nanopore MinION	long-read	SAMN56458202	Avena sativa		Brazil: Parana	1990	43683271	43683271	9	5985948	4	9	5985948	4	9	50	Br58v1	False	True
GCA_059330365.1	Pyricularia oryzae		318829	Complete Genome	current	2026-07-13	Kansas State University		Oxford Nanopore MinION	long-read	SAMN56458204	Triticum aestivum		Bolivia	2020	44500455	44500455	8	5943893	4	8	5943893	4	8	50	NE20v1	False	True
GCA_059329725.1	Pyricularia oryzae		318829	Complete Genome	current	2026-07-13	Kansas State University		Oxford Nanopore MinION	long-read	SAMN56458205	Lolium multiflorum		USA: Mississippi	1980	43923837	43923837	8	5691609	3	8	5691609	3	8	50	ATCC64557v1	False	True
GCA_000292605.2	Pyricularia oryzae P131	P131	1143193	Complete Genome	current	2023-07-25	China Agricultural University		Illumina HiSeq; PacBio; Hi-C	hybrid (long-read+short-read)	SAMN02981399	Oryza sativa L. ssp. japonica	infected leaf	Japan	1976-01-01/1976-12-31	43237743	43237743	7	7048921	3	7	7048921	3	7	51	PoP131	False	True
GCA_004785725.2	Pyricularia oryzae	B71	318829	Chromosome	current	2021-03-15	Kansas State University		Oxford Nanopore MiniION	long-read	SAMN06076154	Triticum aestivum	wheat head	Bolivia: Okinawa Uno	2012-03-09	44811409	44811209	10	6474281	3	8	6668242	3	8	50	ASM478572v2	False	False
GCA_030718865.1	Pyricularia oryzae	T3	318829	Chromosome	current	2023-08-14	Kansas State University		Oxford Nanopore MinION	long-read	SAMN36849576	Triticum aestivum		Brazil	1986	41682104	41681904	9	6136143	3	7	6306421	3	7	50	ASM3071886v1	False	False
GCA_059330725.1	Pyricularia oryzae		318829	Chromosome	current	2026-07-13	Kansas State University		Oxford Nanopore MinION	long-read	SAMN56458203	Triticum aestivum		Brazil: Sertaneja, Parana	1985	43610337	43610237	9	6109771	4	8	6482445	3	8	50	T47v1	False	False
GCA_059330485.1	Pyricularia oryzae		318829	Chromosome	current	2026-07-13	Kansas State University		Oxford Nanopore MinION	long-read	SAMN56458206	Triticum aestivum		Brazil: Floresta, Parana	1988	45125712	45125312	13	6045283	4	9	6045283	4	9	50	T21v1	False	False
GCA_021764705.1	Pyricularia oryzae		318829	Chromosome	current	2022-02-01	Huazhong Agricultural University		Oxford Nanopore; Illumina NextSeq	hybrid (long-read+short-read)	SAMN25211060		rice	China: Enshi Hubei	2021-10-10	45746719	45746019	14	5527333	4	7	7493747	3	7	51	ASM2176470v1	False	False
GCA_043231905.1	Pyricularia oryzae	O-219	318829	Chromosome	current	2024-10-16	Kansas State University		Oxford Nanopore MinION	long-read	SAMN37099171	Rice	Diseased rice plant	Cote d'Ivoire	1985	46767474	46767374	13	6382644	4	12	6382644	4	7	51	KSU_PyrO_219_1	False	False
GCA_036172685.1	Pyricularia oryzae	TF05-1MC7	318829	Chromosome	current	2024-01-31	Kansas State University		Oxford Nanopore MinION	long-read	SAMN36850036	Lolium arundinaceum		USA: Kentucky, Lexington	2005	45513680	45513680	11	6099538	4	11	6099538	4	9	50	TF05-1MC7Ref1	False	False
GCA_026261775.1	Pyricularia oryzae	ZM1-2	318829	Chromosome	current	2022-12-02	Kansas State University		Oxford Nanopore MinION	long-read	SAMN29254577	Triticum aestivum		Zambia: Mpika, Muchinga	2018	44974979	44974979	12	6045076	4	12	6045076	4	9	50	ZM1-2.v0.43	False	False
GCA_043231925.1	Pyricularia oryzae	O-135	318829	Chromosome	current	2024-10-16	Kansas State University		Oxford Nanopore MinION	long-read	SAMN37099169	Rice	Diseased rice plant	China: Zhejiang, Hangzhou	1985	44468491	44468491	10	5950546	4	10	5950546	4	7	51	KSU_PyrO_135_1	False	False
GCA_059330095.1	Pyricularia oryzae		318829	Chromosome	current	2026-07-13	Kansas State University		Oxford Nanopore MinION	long-read	SAMN56501177	Triticum aestivum		Paraguay: Canindeyu	2012	44918736	44918736	14	5928839	4	14	5928839	4	9	50	P3v1	False	False
GCA_059469275.1	Pyricularia oryzae		318829	Chromosome	current	2026-07-16	University of Georgia		Illumina NovaSeq; PacBio RSII	hybrid (long-read+short-read)	SAMN49375469		Ethiopia	Ethiopia	2016-10	44456732	44346732	33	5806171	4	22	6127106	4	7	50	ASM5946927v1	False	False
GCA_046718735.1	Pyricularia oryzae	Guy11	318829	Chromosome	current	2025-01-17	Kansas State University		Oxford Nanopore MinION	long-read	SAMN37608890	rice	Diseased rice plant	French Guiana	1979	42607926	42605914	14	5802300	4	12	6590161	3	7	51	KSU_PyrO_Guy11_1	False	False
GCA_057381395.1	Pyricularia oryzae	gw6	318829	Chromosome	current	2026-05-11	Hebei Agricultural University		PacBio Sequel	long-read	SAMN31488230	Setaria italica	missing	China: Shijiazhuang, Gaocheng	2016-08-10	39199217	39199217	43	5592785	3	43	5592785	3	7	51	ASM5738139v1	False	False
GCA_043231915.1	Pyricularia oryzae	O-137	318829	Chromosome	current	2024-10-16	Kansas State University		Oxford Nanopore MinION	long-read	SAMN37099170	Rice	Diseased rice plant	China: Zhejiang, Hangzhou	1985	44200050	44199950	9	5522887	4	8	5740312	4	7	51	KSU_PyrO_137_1	False	False
GCA_055697955.1	Pyricularia oryzae		318829	Chromosome	current	2026-03-05	Brazilian Agricultural Research Corporation		Illumina NovaSeq	short-read	SAMN45804013	Triticum aestivum		Brazil: Assis, PR	2013	42374045	42308971	975	178006	65	176	6085918	3	8	50	ASM5569795v1	False	False
GCA_049355405.1	Pyricularia oryzae		318829	Chromosome	current	2025-04-08	Brazilian Agricultural Research Corporation		Illumina NovaSeq	short-read	SAMN45804025	Triticum aestivum		Brazil: Argenita, MG	2015-07-15	43074183	43011910	986	152340	78	206	6232963	3	7	50	ASM4935540v1	False	False
GCA_055689575.1	Pyricularia oryzae		318829	Chromosome	current	2026-03-05	Brazilian Agricultural Research Corporation		Illumina NovaSeq	short-read	SAMN45804017	Triticum aestivum		Brazil: Assis, PR	2013	42912136	42848405	970	152254	84	179	6191916	3	8	50	ASM5568957v1	False	False
GCA_055697935.1	Pyricularia oryzae		318829	Chromosome	current	2026-03-05	Brazilian Agricultural Research Corporation		Illumina NovaSeq	short-read	SAMN45804014	Triticum aestivum		Brazil: Assis, PR	2013	42739401	42673355	983	152202	87	157	6274490	3	8	50	ASM5569793v1	False	False
GCA_030512215.1	Pyricularia oryzae	TRG2	318829	Chromosome	current	2023-07-26	National Science and Technology Development Agency		PacBio RSII	long-read	SAMN27511241	Oryza sativa		Thailand	NA	38916680	38770471	3234	152159	62	1771	5827256	3	7	51.5	TGR2_hybrid_assembly	False	False
GCA_055689635.1	Pyricularia oryzae		318829	Chromosome	current	2026-03-05	Brazilian Agricultural Research Corporation		Illumina NovaSeq	short-read	SAMN45804012	Triticum aestivum		Brazil: Assis, PR	2013	43045474	42980204	1062	150956	83	231	6235207	3	8	50	ASM5568963v1	False	False
GCA_049355415.1	Pyricularia oryzae		318829	Chromosome	current	2025-04-08	Brazilian Agricultural Research Corporation		Illumina NovaSeq	short-read	SAMN45804029	Triticum aestivum		Brazil: Sacramento, MG	2017-05-17	43025429	42962437	954	150407	86	152	6250136	3	7	50	ASM4935541v1	False	False
GCA_049355325.1	Pyricularia oryzae		318829	Chromosome	current	2025-04-08	Brazilian Agricultural Research Corporation		Illumina NovaSeq	short-read	SAMN45804020	Triticum aestivum		Brazil: Pedrinopolis, MG	2015-07-15	42979565	42918601	944	148174	84	171	6163044	3	7	50	ASM4935532v1	False	False
GCA_055689595.1	Pyricularia oryzae		318829	Chromosome	current	2026-03-05	Brazilian Agricultural Research Corporation		Illumina NovaSeq	short-read	SAMN45804024	Triticum aestivum		Brazil: Perdizes, MG	2015-07-15	42981609	42907161	1126	142532	89	210	6157575	3	8	50	ASM5568959v1	False	False
GCA_055689535.1	Pyricularia oryzae		318829	Chromosome	current	2026-03-05	Brazilian Agricultural Research Corporation		Illumina NovaSeq	short-read	SAMN45804019	Triticum aestivum		Brazil: Uberaba, MG	2015-07-15	43256556	43182921	1195	139869	94	290	6259668	3	8	50	ASM5568953v1	False	False
GCA_049355375.1	Pyricularia oryzae		318829	Chromosome	current	2025-04-08	Brazilian Agricultural Research Corporation		Illumina NovaSeq	short-read	SAMN45804009	Triticum aestivum		Brazil: Cascavel, PR	2013	42870903	42803400	1054	137613	85	184	6273795	3	7	50	ASM4935537v1	False	False
GCA_055689515.1	Pyricularia oryzae		318829	Chromosome	current	2026-03-05	Brazilian Agricultural Research Corporation		Illumina NovaSeq	short-read	SAMN45804021	Triticum aestivum		Brazil: Romaria, MG	2015-07-15	42933601	42851441	1205	137510	95	206	6137152	3	8	50	ASM5568951v1	False	False
GCA_055697915.1	Pyricularia oryzae		318829	Chromosome	current	2026-03-05	Brazilian Agricultural Research Corporation		Illumina NovaSeq	short-read	SAMN45804007	Triticum aestivum		Brazil: Amambai, MS	2012-06-25	43207151	43099285	1463	135059	94	212	6221440	3	8	50	ASM5569791v1	False	False
GCA_049355335.1	Pyricularia oryzae		318829	Chromosome	current	2025-04-08	Brazilian Agricultural Research Corporation		Illumina NovaSeq	short-read	SAMN45804015	Triticum aestivum		Brazil: Assis, PR	2013	42019977	41954494	987	135058	94	167	6044138	3	7	50	ASM4935533v1	False	False
GCA_049355395.1	Pyricularia oryzae		318829	Chromosome	current	2025-04-08	Brazilian Agricultural Research Corporation		Illumina NovaSeq	short-read	SAMN45804030	Triticum aestivum		Brazil: Nova Ponte, MG	2017-05-17	43021031	42940699	1246	134959	102	273	6149646	3	7	50	ASM4935539v1	False	False
GCA_049355315.1	Pyricularia oryzae		318829	Chromosome	current	2025-04-08	Brazilian Agricultural Research Corporation		Illumina NovaSeq	short-read	SAMN45804022	Triticum aestivum		Brazil: Serra do Salitre, MG	2015-07-15	43016526	42937528	1175	134922	95	209	6144003	3	7	50	ASM4935531v1	False	False
GCA_055689605.1	Pyricularia oryzae		318829	Chromosome	current	2026-03-05	Brazilian Agricultural Research Corporation		Illumina NovaSeq	short-read	SAMN45804023	Triticum aestivum		Brazil: Casa Branca, SP	2015-07-15	42549565	42493906	893	134861	94	173	6218978	3	8	50	ASM5568960v1	False	False
GCA_055697855.1	Pyricularia oryzae		318829	Chromosome	current	2026-03-05	Brazilian Agricultural Research Corporation		Illumina NovaSeq	short-read	SAMN45804010	Triticum aestivum		Brazil: Cascavel, PR	2013	42870344	42792635	1144	133726	90	186	6265318	3	8	50	ASM5569785v1	False	False
GCA_055774735.1	Pyricularia oryzae		318829	Chromosome	current	2026-03-05	Brazilian Agricultural Research Corporation		Illumina NovaSeq	short-read	SAMN45804028	Triticum aestivum		Brazil: Uberaba, MG	2017-05-17	43977652	43863507	1734	133636	102	423	6258378	3	8	50	ASM5577473v1	False	False
GCA_055689495.1	Pyricularia oryzae		318829	Chromosome	current	2026-03-05	Brazilian Agricultural Research Corporation		Illumina NovaSeq	short-read	SAMN45804031	Triticum aestivum		Brazil: Brasilia, DF	2017-09-17	43612811	43488114	1903	129618	103	491	6194380	3	8	50	ASM5568949v1	False	False
GCA_055697875.1	Pyricularia oryzae		318829	Chromosome	current	2026-03-05	Brazilian Agricultural Research Corporation		Illumina NovaSeq	short-read	SAMN45804008	Triticum aestivum		Brazil: Sao Luis Gonzaga, RS	2012-09-18	42668985	42601348	1004	126299	88	166	6124397	3	8	50	ASM5569787v1	False	False
GCA_055697975.1	Pyricularia oryzae		318829	Chromosome	current	2026-03-05	Brazilian Agricultural Research Corporation		Illumina NovaSeq	short-read	SAMN45804027	Triticum aestivum		Brazil: Passo Fundo, RS	2017-03-17	43286861	43182465	1542	122061	98	330	6213044	3	8	50	ASM5569797v1	False	False
GCA_055697895.1	Pyricularia oryzae		318829	Chromosome	current	2026-03-05	Brazilian Agricultural Research Corporation		Illumina NovaSeq	short-read	SAMN45804016	Triticum aestivum		Brazil: Assis, PR	2013	42652025	42574348	1141	118375	96	191	6151526	3	8	50	ASM5569789v1	False	False
GCA_055697835.1	Pyricularia oryzae		318829	Chromosome	current	2026-03-05	Brazilian Agricultural Research Corporation		Illumina NovaSeq	short-read	SAMN45804011	Triticum aestivum		Brazil: Assis, PR	2013	43017720	42933092	1257	113822	101	263	6291321	3	8	50	ASM5569783v1	False	False
GCA_055697985.1	Pyricularia oryzae		318829	Chromosome	current	2026-03-05	Brazilian Agricultural Research Corporation		Illumina NovaSeq	short-read	SAMN45804026	Triticum aestivum		Brazil: Londrina, PR	2015-08-15	42923426	42815094	1668	109363	101	423	6007635	3	8	50	ASM5569798v1	False	False
GCA_055689555.1	Pyricularia oryzae		318829	Chromosome	current	2026-03-05	Brazilian Agricultural Research Corporation		Illumina NovaSeq	short-read	SAMN45804018	Triticum aestivum		Brazil: Uberaba, MG	2015-07-15	42954001	42817138	1854	95846	126	356	6167284	3	8	50	ASM5568955v1	False	False
GCA_944989335.1	Pyricularia oryzae		318829	Contig	current	2022-07-13	The John Innes Centre		Oxford Nanopore,Illumina	hybrid (long-read+short-read)	SAMEA110153377	Setaria	Wild grasses	Germany	2021-08	44788744	44788744	29	6975948	3	29	6975948	3		50.5	GA10A2_contigs_polished	False	False
GCA_905067025.2	Pyricularia oryzae		318829	Contig	current	2020-12-16	THE SAINSBURY LABORATORY		Oxford Nanopore,Illuminate	hybrid (long-read+short-read)	SAMEA7473262			Italy	2011	47005811	47005811	24	6618557	3	24	6618557	3		51	AG006_contigs_polished	False	False
GCA_944606705.1	Pyricularia oryzae		318829	Contig	current	2022-07-15	iwate biotechnology research center		Oxford Nanopore,Illumina	hybrid (long-read+short-read)	SAMEA110145009					43626931	43626931	11	6588090	3	11	6588090	3		51	d44a_contigs_polished	False	False
GCA_944606235.1	Pyricularia oryzae		318829	Contig	current	2022-07-15	iwate biotechnology research center		Oxford Nanopore,Illumina	hybrid (long-read+short-read)	SAMEA110144965	Oryza sativa		Indonesia		43162440	43162440	11	6457810	3	11	6457810	3		51	O23_contigs_polished	False	False
GCA_946468025.1	Pyricularia oryzae		318829	Contig	current	2022-09-12	John Innes Centre		Oxford Nanopore	long-read	SAMEA110691667					42866477	42866477	21	6394504	3	21	6394504	3		50	MoT PS-2	False	False
GCA_905067035.2	Pyricularia oryzae		318829	Contig	current	2020-12-16	THE SAINSBURY LABORATORY		Oxford Nanopore,Illumina	hybrid (long-read+short-read)	SAMEA7473258			Italy	2011	47495958	47495958	26	6249570	3	26	6249570	3		51	AG039_contigs_polished	False	False
GCA_003016745.2	Pyricularia oryzae	Sar-2-20-1	318829	Contig	current	2021-09-24	Fujian Agriculture and Forestry University		PacBio Sequel	long-read	SAMN06050113	Oryza sativa	not collected	Suriname: Saramacca	2013	46284791	46284791	16	6161260	4	16	6161260	4		51	ASM301674v2	False	False
GCA_011799915.1	Pyricularia oryzae	Sar-2-20-1	318829	Contig	current	2020-03-31	Fujian Agriculture and Forestry University		PacBio Sequel	long-read	SAMN12340660	Oryza sativa		Suriname: Saramacca	2013	46284791	46284791	16	6161260	4	16	6161260	4		51	ASM1179991v1	False	False
GCA_905067015.2	Pyricularia oryzae		318829	Contig	current	2020-12-16	THE SAINSBURY LABORATORY		Oxford Nanopore,Illumina	hybrid (long-read+short-read)	SAMEA7473266			Italy	2011	47810826	47810826	33	6094221	4	33	6094221	4		51	AG098_contigs_polished	False	False
GCA_905067075.2	Pyricularia oryzae		318829	Contig	current	2020-12-16	THE SAINSBURY LABORATORY		Oxford Nanopore,Illumina	hybrid (long-read+short-read)	SAMEA7473261			Italy	2003	44615198	44615198	16	6063740	4	16	6063740	4		51	PR003_contigs_polished	False	False
GCA_900474375.2	Pyricularia oryzae		318829	Contig	current	2018-12-06	THE SAINSBURY LABORATORY		minION	long-read	SAMEA4708262					43978086	43978086	16	6037509	3	16	6037509	3		50	BTMP13_1_contigs	False	False
GCA_963556445.1	Pyricularia oryzae		318829	Contig	current	2024-02-24	The John Innes Centre		PromethION,Illumina HiSeq 2500	hybrid (long-read+short-read)	SAMEA114466569			Brazil	1990	43945100	43945100	10	6027403	4	10	6027403	4		50	Br62_assembly	False	False
GCA_050656755.1	Pyricularia oryzae	95085 HCT	318829	Contig	current	2025-06-02	Fujian Agriculture and Forestry University		PacBio	long-read	SAMN48319862	Oryza sativa		China: Fuzhou	2023	46771724	46771724	18	6015361	4	18	6015361	4		51	HCTi.v1.0.fasta	False	False
GCA_905067055.2	Pyricularia oryzae		318829	Contig	current	2020-12-16	THE SAINSBURY LABORATORY		Oxford Nanopore,Illumina	hybrid (long-read+short-read)	SAMEA7473263			Italy	2011	45916910	45916910	24	5961411	4	24	5961411	4		51	AG032_contigs_polished	False	False
GCA_050141245.1	Pyricularia oryzae	HCT1	318829	Contig	current	2025-05-05	Fujian Agriculture and Forestry University		PacBio Sequel	long-read	SAMN43111382	Oryza sativa		China: Fujian	2023	40816409	40816409	58	5904295	3	58	5904295	3		51	ASM5014124v1	False	False
GCA_905066965.2	Pyricularia oryzae		318829	Contig	current	2020-12-16	THE SAINSBURY LABORATORY		Oxford Nanopore,Illumina	hybrid (long-read+short-read)	SAMEA7473260			Italy	2011	47743121	47743121	37	5900770	4	37	5900770	4		50.5	AG059_contigs_polished	False	False
GCA_050141175.1	Pyricularia oryzae	HCT2	318829	Contig	current	2025-05-05	Fujian Agriculture and Forestry University		PacBio Sequel	long-read	SAMN43111383	Oryza sativa		China: Fujian	2023	46018840	46018840	145	5867634	4	145	5867634	4		51	ASM5014117v1	False	False
GCA_905067005.2	Pyricularia oryzae		318829	Contig	current	2020-12-16	THE SAINSBURY LABORATORY		Oxford Nanopore,Illumina	hybrid (long-read+short-read)	SAMEA7473265			Italy	2011	46291169	46291169	19	5673907	4	19	5673907	4		51	AG038_contigs_polished	False	False
GCA_003015975.2	Pyricularia oryzae	FJ98099	318829	Contig	current	2021-09-24	Fujian Agriculture and Forestry University		PacBio Sequel	long-read	SAMN06050092	Oryza sativa	not collected	China: Fujian	1998	44637475	44637475	10	5637639	4	10	5637639	4		51	ASM301597v2	False	False
GCA_011799925.1	Pyricularia oryzae	FJ98099	318829	Contig	current	2020-03-31	Fujian Agriculture and Forestry University		PacBio Sequel	long-read	SAMN12340661	Oryza sativa		China: Fujian	1998	44637475	44637475	10	5637639	4	10	5637639	4		51	ASM1179992v1	False	False
GCA_900474475.3	Pyricularia oryzae		318829	Contig	current	2020-01-16	THE SAINSBURY LABORATORY		Oxford Nanopore	long-read	SAMEA4708261					43939965	43939965	27	5531649	4	27	5531649	4		50	CD156_genome_polished_no_mito	False	False
GCA_012654115.1	Pyricularia oryzae	Arcadia2	318829	Scaffold	current	2020-04-22	International Wheat Blast Consortium		Illumina MiSeq	short-read	SAMN14167122			not applicable	not applicable	45684507	45660506	30	5510653	4	23	5982914	4		50.5	ASM1265411v1	False	False
GCA_003015475.2	Pyricularia oryzae	AV1-1-1	318829	Contig	current	2021-09-24	Fujian Agriculture and Forestry University		PacBio Sequel	long-read	SAMN06050065	Oryza sativa	not collected	Ghana: Aveyime	2015	44970614	44970614	13	5503597	4	13	5503597	4		51	ASM301547v2	False	False
GCA_011799965.1	Pyricularia oryzae	AV1-1-1	318829	Contig	current	2020-03-31	Fujian Agriculture and Forestry University		PacBio Sequel	long-read	SAMN12340659	Oryza sativa		Ghana: Aveyime	2015	44970614	44970614	13	5503597	4	13	5503597	4		51	ASM1179996v1	False	False
GCA_003015815.2	Pyricularia oryzae	FJ72ZC7-77	318829	Contig	current	2021-09-24	Fujian Agriculture and Forestry University		PacBio Sequel	long-read	SAMN06050081	Oryza sativa	not collected	China: Fujian	1992	43369826	43369826	13	5454130	3	13	5454130	3		51	ASM301581v2	False	False
GCA_011799905.1	Pyricularia oryzae	FJ72ZC7-77	318829	Contig	current	2020-03-31	Fujian Agriculture and Forestry University		PacBio Sequel	long-read	SAMN12340662	Oryza sativa		China: Fujian	1992	43369826	43369826	13	5454130	3	13	5454130	3		51	ASM1179990v1	False	False
GCA_050141075.1	Pyricularia oryzae	HCT1109	318829	Contig	current	2025-05-05	Fujian Agriculture and Forestry University		PacBio Sequel	long-read	SAMN43111386	Oryza sativa		China: Fujian	2023	41779481	41779481	67	5444627	4	67	5444627	4		51	ASM5014107v1	False	False
GCA_050140955.1	Pyricularia oryzae	avrpik-1	318829	Contig	current	2025-05-05	Fujian Agriculture and Forestry University		PacBio Sequel	long-read	SAMN43143353	Oryza sativa		China: Fujian	2023	41891141	41891141	83	5443991	4	83	5443991	4		51	ASM5014095v1	False	False
GCA_050140945.1	Pyricularia oryzae	HCT1511	318829	Contig	current	2025-05-05	Fujian Agriculture and Forestry University		PacBio Sequel	long-read	SAMN43111389	Oryza sativa		China: Fujian	2023	42650632	42650632	119	5436533	4	119	5436533	4		51	ASM5014094v1	False	False
GCA_900474655.3	Pyricularia oryzae		318829	Contig	current	2020-01-16	THE SAINSBURY LABORATORY		Oxford Nanopore	long-read	SAMEA4708258					46410415	46410415	31	5398440	4	31	5398440	4		51	FR13_genome_polished_no_mito	False	False
GCA_021442365.1	Pyricularia oryzae	K23/123	318829	Contig	current	2022-01-12	University of Bedfordshire		PacBio; Illumina MiSeq	hybrid (long-read+short-read)	SAMN08033374	Eleucine coracana	neck blast	Kenya: Busia district	2000	42583001	42583001	21	5380831	4	21	5380831	4		50	FMB_K23123	False	False
GCA_025473435.1	Pyricularia oryzae	Rep1-buf1#5	318829	Contig	current	2022-09-28	Kansas state University		Oxford Nanopore MinION	long-read	SAMN20714323	Oryza sativa	CRISPR-Cas12a editing	USA:Lab strain	2019	44462687	44462687	24	5150716	4	24	5150716	4		51	ASM2547343v1	False	False
GCA_900474545.3	Pyricularia oryzae		318829	Contig	current	2020-01-16	THE SAINSBURY LABORATORY		Oxford Nanopore	long-read	SAMEA4708260					41805140	41805140	17	5096353	3	17	5096353	3		50	BR32_genome_polished_no_mito	False	False
GCA_944989255.1	Pyricularia oryzae		318829	Contig	current	2022-07-13	The John Innes Centre		Oxford Nanopore,Illumina	hybrid (long-read+short-read)	SAMEA110153376	Setaria	Wild grasses	Germany	2021-08	44312841	44312841	20	5068283	4	20	5068283	4		50.5	GE12B_contigs_polished	False	False
GCA_050141145.1	Pyricularia oryzae	HCT8	318829	Contig	current	2025-05-05	Fujian Agriculture and Forestry University		PacBio Sequel	long-read	SAMN43111385	Oryza sativa		China: Fujian	2023	41617990	41617990	106	4953908	4	106	4953908	4		51	ASM5014114v1	False	False
GCA_050656645.1	Pyricularia oryzae	95HPH-4-HIFI	318829	Contig	current	2025-06-02	Fujian Agriculture and Forestry University		PacBio	long-read	SAMN43143354	Oryza sativa		China: Fujian	2023	46065458	46065458	39	4850927	4	39	4850927	4		51	95HPH-4-hifi	False	False
GCA_050140975.1	Pyricularia oryzae	HCT1701	318829	Contig	current	2025-05-05	Fujian Agriculture and Forestry University		PacBio Sequel	long-read	SAMN43111390	Oryza sativa		China: Fujian	2023	41386469	41386469	79	4806363	4	79	4806363	4		51	ASM5014097v1	False	False
GCA_050141065.1	Pyricularia oryzae	HCT1307	318829	Contig	current	2025-05-05	Fujian Agriculture and Forestry University		PacBio Sequel	long-read	SAMN43111387	Oryza sativa		China: Fujian	2023	42559394	42559394	105	4793887	4	105	4793887	4		51	ASM5014106v1	False	False
GCA_050141105.1	Pyricularia oryzae	HCT1504	318829	Contig	current	2025-05-05	Fujian Agriculture and Forestry University		PacBio Sequel	long-read	SAMN43111388	Oryza sativa		China: Fujian	2023	35218470	35218470	120	4785008	4	120	4785008	4		51	ASM5014110v1	False	False
GCA_050141165.1	Pyricularia oryzae	HCT7	318829	Contig	current	2025-05-05	Fujian Agriculture and Forestry University		PacBio Sequel	long-read	SAMN43111384	Oryza sativa		China: Fujian	2023	40376776	40376776	66	4779076	4	66	4779076	4		51	ASM5014116v1	False	False
GCA_021845515.1	Pyricularia oryzae	E34	318829	Contig	current	2022-02-01	University of Bedfordshire		PacBio; Illumina MiSeq	hybrid (long-read+short-read)	SAMN12142210	Eleucine coracana	neck blast	Ethiopia: Diga	2016	44150490	44150490	31	4729682	3	31	4729682	3		50	ASM2184551v1	False	False
GCA_050141255.1	Pyricularia oryzae	95HPH-3	318829	Contig	current	2025-05-05	Fujian Agriculture and Forestry University		PacBio Sequel	long-read	SAMN43111380	Oryza sativa		China: Fujian	2023	48373624	48373624	112	4608212	4	112	4608212	4		51	ASM5014125v1	False	False
GCA_905067045.2	Pyricularia oryzae		318829	Contig	current	2020-12-16	THE SAINSBURY LABORATORY		Oxford Nanopore,Illumina	hybrid (long-read+short-read)	SAMEA7473264			Italy	2010	46086469	46086469	36	4555161	5	36	4555161	5		51	AG002_contigs_polished	False	False
GCA_025473445.1	Pyricularia oryzae	Rep1-buf1#4	318829	Contig	current	2022-09-28	Kansas state University		Oxford Nanopore MinION	long-read	SAMN20714322	Oryza sativa	CRISPR-Cas12a editing	USA:Lab strain	2019	44393497	44393497	33	4365759	4	33	4365759	4		51	ASM2547344v1	False	False
GCA_900474225.2	Pyricularia oryzae		318829	Contig	current	2018-12-06	THE SAINSBURY LABORATORY		minION	long-read	SAMEA4708257					44506711	44506711	59	4344896	4	59	4344896	4		50	BTJP4_1_contigs	False	False
GCA_050141285.1	Pyricularia oryzae	95HPH-2	318829	Contig	current	2025-05-05	Fujian Agriculture and Forestry University		PacBio Sequel	long-read	SAMN43111379	Oryza sativa		China: Fujian	2023	49011405	49011405	112	4300898	5	112	4300898	5		51	ASM5014128v1	False	False
GCA_050141325.1	Pyricularia oryzae	95HPH-1	318829	Contig	current	2025-05-05	Fujian Agriculture and Forestry University		PacBio Sequel	long-read	SAMN43111378	Oryza sativa		China: Fujian	2023	46780765	46780765	54	4273260	5	54	4273260	5		51	ASM5014132v1	False	False
GCA_025473275.1	Pyricularia oryzae	Rep1-buf1#6	318829	Contig	current	2022-09-28	Kansas state University		Oxford Nanopore MinION	long-read	SAMN20714324	Oryza sativa	CRISPR-Cas12a editing	USA:Lab strain	2019	44459350	44459350	73	4188193	5	73	4188193	5		51	ASM2547327v1	False	False
GCA_002368475.1	Pyricularia oryzae	FJ81278	318829	Contig	current	2017-09-26	Fujian Agriculture and Forestry University		PacBio	long-read	SAMN06050152	Oryza sativa	not collected	China: Fujian	1981	43846566	43846566	54	4134126	5	54	4134126	5		51	ASM236847v1	False	False
GCA_905067085.2	Pyricularia oryzae		318829	Contig	current	2020-12-16	THE SAINSBURY LABORATORY		Oxford Nanopore,Illumina	hybrid (long-read+short-read)	SAMEA7473259			Italy	2001	48509714	48509714	35	4122582	5	35	4122582	5		50.5	SAndrea_contigs_polished	False	False
GCA_900474435.2	Pyricularia oryzae		318829	Contig	current	2018-12-06	THE SAINSBURY LABORATORY		minION	long-read	SAMEA4708264					44234332	44234332	57	3705381	5	57	3705381	5		50	BTGP6F_contigs	False	False
GCA_025473265.1	Pyricularia oryzae	Rep4-buf1#1	318829	Contig	current	2022-09-28	Kansas state University		Oxford Nanopore MinION	long-read	SAMN20714326	Oryza sativa	CRISPR-Cas12a editing	USA:Lab strain	2021	44674728	44674728	64	3420154	5	64	3420154	5		51	ASM2547326v1	False	False
GCA_025473255.1	Pyricularia oryzae	Rep4-buf1#13	318829	Scaffold	current	2022-09-28	Kansas state University		Oxford Nanopore MinION	long-read	SAMN20714328	Oryza sativa	CRISPR-Cas12a editing	USA:Lab strain	2021	45519630	45519530	124	3333742	6	123	3333742	6		51	ASM2547325v1	False	False
GCA_002368485.1	Pyricularia oryzae	GUY11	318829	Contig	current	2017-09-26	Fujian Agriculture and Forestry University		PacBio	long-read	SAMN06050153	Oryza sativa	not collected	Guyana	1978	42869699	42869699	56	3275692	5	56	3275692	5		51	ASM236848v1	False	False
GCA_025727595.1	Pyricularia oryzae	KEN54-20	318829	Contig	current	2022-10-17	The Sainsbury Laboratory		Oxford Nanopore MinION; Illumina	hybrid (long-read+short-read)	SAMN30921126	rice		Japan	1954	47905671	47905671	39	3032991	5	39	3032991	5		51	ASM2572759v1	False	False
GCA_025473285.1	Pyricularia oryzae	Rep4-buf1#5	318829	Contig	current	2022-09-28	Kansas state University		Oxford Nanopore MinION	long-read	SAMN20714327	Oryza sativa	CRISPR-Cas12a editing	USA:Lab strain	2021	44722005	44722005	88	2984647	6	88	2984647	6		51	ASM2547328v1	False	False
GCA_900474635.2	Pyricularia oryzae		318829	Contig	current	2018-12-06	THE SAINSBURY LABORATORY		minION	long-read	SAMEA4708263					44406101	44406101	74	2814025	6	74	2814025	6		50	BTGP1b_contigs	False	False
GCA_900474175.3	Pyricularia oryzae		318829	Contig	current	2020-01-16	THE SAINSBURY LABORATORY		Oxford Nanopore	long-read	SAMEA4708259					45580691	45580691	55	2812411	5	55	2812411	5		50.5	US71_genome_polished_no_mito	False	False
GCA_026170115.1	Pyricularia oryzae	Rep1-bas4#3	318829	Contig	current	2022-11-14	Kansas state University		Oxford Nanopore MinION	long-read	SAMN29985040	Oryza sativa	CRISPR-Cas12a editing	USA:Lab strain	2022	45835137	45835137	204	1845737	8	204	1845737	8		51	Rep1-bas4#3	False	False
GCA_025473295.1	Pyricularia oryzae	Rep1-buf1#10	318829	Scaffold	current	2022-09-28	Kansas state University		Oxford Nanopore MinION	long-read	SAMN20714325	Oryza sativa	CRISPR-Cas12a editing	USA:Lab strain	2019	45007896	45007796	136	1562235	7	135	1562235	7		51	ASM2547329v1	False	False
GCA_025473575.1	Pyricularia oryzae	Rep1-buf1#2	318829	Contig	current	2022-09-28	Kansas state University		Oxford Nanopore MinION	long-read	SAMN20714321	Oryza sativa	CRISPR-Cas12a editing	USA:Lab strain	2019	44816243	44816243	182	1337757	10	182	1337757	10		51	ASM2547357v1	False	False
GCA_911175055.1	Pyricularia oryzae		318829	Contig	current	2021-07-19	THE SAINSBURY LABORATORY		Oxford Nanopore	long-read	SAMEA9124609	Triticum aestivum				41159917	41159917	115	880253	15	115	880253	15		50	N06047_contigs	False	False
GCA_944612285.1	Pyricularia oryzae		318829	Contig	current	2022-07-15	iwate biotechnology research center		PacBio,Illumina	hybrid (long-read+short-read)	SAMEA110144966	Hordeum vulgare		Thailand		41519998	41519998	129	865826	11	129	865826	11		51.5	TH3o_contigs_polished	False	False
GCA_026170125.1	Pyricularia oryzae	Rep1-bas4#11	318829	Contig	current	2022-11-14	Kansas state University		Oxford Nanopore MinION	long-read	SAMN29985041	Oryza sativa	CRISPR-Cas12a editing	USA:Lab strain	2022	45796476	45796476	263	849061	15	263	849061	15		51	Rep1-bas4#11	False	False
GCA_026170135.1	Pyricularia oryzae	Rep1-bas4#2	318829	Contig	current	2022-11-14	Kansas state University		Oxford Nanopore MinION	long-read	SAMN29985039	Oryza sativa	CRISPR-Cas12a editing	USA:Lab strain	2022	45520154	45520154	232	845321	12	232	845321	12		51	Rep1-bas4#2	False	False
GCA_012654035.1	Pyricularia oryzae	Lh88405	318829	Scaffold	current	2020-04-22	International Wheat Blast Consortium		Illumina MiSeq	short-read	SAMN14167125			not applicable	not applicable	45525518	45505674	172	778082	15	166	778082	15		51	ASM1265403v1	False	False
GCA_001853415.3	Pyricularia oryzae	RMg-Dl	318829	Contig	current	2021-10-21	CRP on Genomics of ICAR, New Delhi		Illumina HiSeq; PacBio RSII	hybrid (long-read+short-read)	SAMN05425585	Oryza sativa	Leaf sample affected by blast disease	India: Madhubani, Bihar	2012	42437481	42437481	375	524210	21	375	524210	21		51	ASM185341v3	False	False
GCA_052857355.1	Pyricularia oryzae	YN355	318829	Scaffold	current	2025-09-26	Yunnan Agricultural University		Illumina HiSeq 2000	short-read	SAMN26000527	Oryza sativa		China: Yunnan	2008-09-24	36592387	36366633	1686	163518	57	629	465008	26		52	ASM5285735v1	False	False
GCA_052857475.1	Pyricularia oryzae	YN271	318829	Scaffold	current	2025-09-26	Yunnan Agricultural University		Illumina HiSeq 2000	short-read	SAMN26000522	Oryza sativa		China: Yunnan	2011-08-12	36834101	36570339	1775	159555	62	649	450787	25		52	ASM5285747v1	False	False
GCA_052857555.1	Pyricularia oryzae	YN239	318829	Scaffold	current	2025-09-26	Yunnan Agricultural University		Illumina HiSeq 2000	short-read	SAMN26000519	Oryza sativa		China: Yunnan	2011-08-12	36796852	36535097	1925	153834	67	693	466977	26		52	ASM5285755v1	False	False
GCA_002218345.1	Pyricularia oryzae	H08-1a	318829	Contig	current	2017-07-14	huazhong agricultural university		Illumina HiSeq	short-read	SAMN07267886	Oryza sativa Fuyou802	missing	China:Enshi	2015-10	39383118	39383118	2695	153342	61	2695	153342	61		51	H08-1a_0.9	False	False
GCA_052857915.1	Pyricularia oryzae	YN137	318829	Scaffold	current	2025-09-26	Yunnan Agricultural University		Illumina HiSeq 2000	short-read	SAMN26000504	Oryza sativa		China: Yunnan	2008-09-24	36537077	36336156	1590	146545	68	642	468649	24		52	ASM5285791v1	False	False
GCA_052856995.1	Pyricularia oryzae	YN396	318829	Scaffold	current	2025-09-26	Yunnan Agricultural University		Illumina HiSeq 2000	short-read	SAMN26000535	Oryza sativa		China: Yunnan	2008-09-24	36657831	36422634	1656	143393	72	633	382272	26		52	ASM5285699v1	False	False
GCA_052857415.1	Pyricularia oryzae	YN352	318829	Scaffold	current	2025-09-26	Yunnan Agricultural University		Illumina HiSeq 2000	short-read	SAMN26000526	Oryza sativa		China: Yunnan	2011-08-12	36513367	36306209	1650	141211	71	640	401798	25		52	ASM5285741v1	False	False
GCA_052856025.1	Pyricularia oryzae	YN694	318829	Scaffold	current	2025-09-26	Yunnan Agricultural University		Illumina HiSeq 2000	short-read	SAMN26000578	Oryza sativa		China: Yunnan	2008-09-24	36390158	36176824	1609	141178	71	636	396472	26		52	ASM5285602v1	False	False
GCA_024704415.1	Pyricularia oryzae	U47	318829	Contig	current	2022-08-16	University of Bedfordshire		Illumina HiSeq	short-read	SAMN12143016	Eleucine coracana	neck blast	Uganda: Hoima	2016	42509517	42509517	726	135039	91	726	135039	91		50	ASM2470441v1	False	False
GCA_052858085.1	Pyricularia oryzae	YN047	318829	Scaffold	current	2025-09-26	Yunnan Agricultural University		Illumina HiSeq 2000	short-read	SAMN26000493	Oryza sativa		China: Yunnan	2008-09-12	36482564	36284223	1601	134486	80	660	471662	25		52	ASM5285808v1	False	False
GCA_052858005.1	Pyricularia oryzae	YN097	318829	Scaffold	current	2025-09-26	Yunnan Agricultural University		Illumina HiSeq 2000	short-read	SAMN26000497	Oryza sativa		China: Yunnan	2007-10-08	36060443	35857130	1537	130443	75	634	333753	32		52	ASM5285800v1	False	False
GCA_052856535.1	Pyricularia oryzae	YN544	318829	Scaffold	current	2025-09-26	Yunnan Agricultural University		Illumina HiSeq 2000	short-read	SAMN26000558	Oryza sativa		China: Yunnan	2011-08-12	36111846	35890061	1698	130035	80	651	337629	30		52	ASM5285653v1	False	False
GCA_052857715.1	Pyricularia oryzae	YN199	318829	Scaffold	current	2025-09-26	Yunnan Agricultural University		Illumina HiSeq 2000	short-read	SAMN26000512	Oryza sativa		China: Yunnan	2011-08-12	36055315	35837424	1628	130034	73	639	337730	29		52	ASM5285771v1	False	False
GCA_052857455.1	Pyricularia oryzae	YN283	318829	Scaffold	current	2025-09-26	Yunnan Agricultural University		Illumina HiSeq 2000	short-read	SAMN26000523	Oryza sativa		China: Yunnan	2007-10-08	36346230	36116989	1638	128405	77	618	356503	26		52	ASM5285745v1	False	False
GCA_052857595.1	Pyricularia oryzae	YN228	318829	Scaffold	current	2025-09-26	Yunnan Agricultural University		Illumina HiSeq 2000	short-read	SAMN26000517	Oryza sativa		China: Yunnan	2008-09-24	36295397	36075413	1632	127630	69	625	450646	25		52	ASM5285759v1	False	False
GCA_052855965.1	Pyricularia oryzae	YN714	318829	Scaffold	current	2025-09-26	Yunnan Agricultural University		Illumina HiSeq 2000	short-read	SAMN26000579	Oryza sativa		China: Yunnan	2007-10-08	36504568	36249815	1941	126450	77	676	465211	26		52	ASM5285596v1	False	False
GCA_024704405.1	Pyricularia oryzae	E7	318829	Contig	current	2022-08-16	University of Bedfordshire		Illumina HiSeq	short-read	SAMN12143017	Eleucine coracana	neck blast	Ethiopia: Diga	2015	42182491	42182491	1008	122529	102	1008	122529	102		50	ASM2470440v1	False	False
GCA_024704165.1	Pyricularia oryzae	D15/s6	318829	Scaffold	current	2022-08-16	University of Bedfordshire		Illumina HiSeq	short-read	SAMN15040824	Eleucine coracana	panicle	Uganda:Soroti	2000	41684766	41683586	736	119664	106	673	126716	100		50	ASM2470416v1	False	False
GCA_003015395.1	Pyricularia oryzae	13FM-24-1	318829	Scaffold	current	2018-03-26	Fujian Agriculture and Forestry University		Illumina HiSeq	short-read	SAMN06050061	Oryza sativa	not collected	China: Yunnan	2013	38568685	38551000	2034	119331	85	1772	126393	77		51.5	ASM301539v1	False	False
GCA_031208725.1	Pyricularia oryzae	UFVPY171	318829	Contig	current	2023-09-07	University of Kentucky		Illumina NovaSeq	short-read	SAMN33023214	Urochloa brizantha		Brazil	2018	39770362	39770362	1978	118202	101	1978	118202	101		51	ASM3120872v1	False	False
GCA_025135345.1	Pyricularia oryzae	ZJG1	318829	Scaffold	current	2022-09-12	Jilin Academy of Agricultural Sciences		Illumina NovaSeq	short-read	SAMN26750225	Oryza sativa (Jijing 88 variety)		China: Gongzhuling	2016-09-11	37841042	37837653	1034	117886	83	1004	123987	78		51.5	ZJG1M_oryza	False	False
GCA_024704055.1	Pyricularia oryzae	D10/s71	318829	Scaffold	current	2022-08-16	University of Bedfordshire		Illumina HiSeq	short-read	SAMN15040828	Eleusine indica	leaf	Uganda:Apac	2002	42217637	42216564	874	115225	105	826	117140	102		50	ASM2470405v1	False	False
GCA_024704275.1	Pyricularia oryzae	K65/159w	318829	Scaffold	current	2022-08-16	University of Bedfordshire		Illumina HiSeq	short-read	SAMN15040819	Eleusine indica	panicle	Kenya: Alupe/Teso	2002	41609711	41608891	791	114158	119	742	114863	114		50	ASM2470427v1	False	False
GCA_024704115.1	Pyricularia oryzae	D9/s50	318829	Scaffold	current	2022-08-16	University of Bedfordshire		Illumina HiSeq	short-read	SAMN15040827	Eleusine indica	panicle	Uganda:Lira	2002	41823963	41822981	758	114140	108	710	120504	100		50	ASM2470411v1	False	False
GCA_003015385.1	Pyricularia oryzae	13FM-16-1	318829	Scaffold	current	2018-03-26	Fujian Agriculture and Forestry University		Illumina HiSeq	short-read	SAMN06050060	Oryza sativa	not collected	China: Yunnan	2013	38390054	38372099	1902	113853	98	1648	122137	90		51.5	ASM301538v1	False	False
GCA_003015425.1	Pyricularia oryzae	13FM-5-1	318829	Scaffold	current	2018-03-26	Fujian Agriculture and Forestry University		Illumina HiSeq	short-read	SAMN06050063	Oryza sativa	not collected	China: Yunnan	2013	38475208	38453333	2101	112638	92	1820	128693	86		51.5	ASM301542v1	False	False
GCA_052855925.1	Pyricularia oryzae	YN716	318829	Scaffold	current	2025-09-26	Yunnan Agricultural University		Illumina HiSeq 2000	short-read	SAMN26000580	Oryza sativa		China: Yunnan	2007-10-08	35919248	35746141	1481	112488	92	576	340729	28		52	ASM5285592v1	False	False
GCA_024704035.1	Pyricularia oryzae	D10/s9	318829	Scaffold	current	2022-08-16	University of Bedfordshire		Illumina HiSeq	short-read	SAMN15040829	Eleucine coracana	panicle	Uganda:Apac	2000	41829476	41827918	781	112307	111	716	121279	106		50	ASM2470403v1	False	False
GCA_002218485.1	Pyricularia oryzae	P-0029	318829	Scaffold	current	2017-07-14	International Wheat Blast Consortium		Illumina MiSeq	short-read	SAMN05898532	Bromus	leaf lesion	Paraguay: Itapua, Captan Miranda	2014-08	42445515	42394188	1314	112150	113	818	196071	63		50	ASM221848v1	False	False
GCA_024703655.1	Pyricularia oryzae	D1/s50	318829	Scaffold	current	2022-08-16	University of Bedfordshire		Illumina HiSeq	short-read	SAMN15040832	Eleucine coracana	panicle	Uganda:Pallisa	2002	41826558	41825507	779	111131	116	723	119768	108		50	ASM2470365v1	False	False
GCA_052858025.1	Pyricularia oryzae	YN093	318829	Scaffold	current	2025-09-26	Yunnan Agricultural University		Illumina HiSeq 2000	short-read	SAMN26000495	Oryza sativa		China: Yunnan	2007-10-08	35375454	35187831	1567	110809	84	623	340594	30		52	ASM5285802v1	False	False
GCA_002218475.1	Pyricularia oryzae	P-0028	318829	Scaffold	current	2017-07-14	International Wheat Blast Consortium		Illumina MiSeq	short-read	SAMN05864041	Bromus	leaf lesion	Paraguay: Itapua, Captan Miranda	2014-08	42988316	42903356	1688	110556	103	1038	207207	57		50	P-0028	False	False
GCA_002218425.1	Pyricularia oryzae	Py22.1	318829	Scaffold	current	2017-07-14	International Wheat Blast Consortium		Illumina MiSeq	short-read	SAMN05725179	Triticum aestivum		Brazil: Parana	2007	42437008	42430725	988	110009	117	900	114284	111		50	Py22.1	False	False
GCA_024704195.1	Pyricularia oryzae	K17	318829	Scaffold	current	2022-08-16	University of Bedfordshire		Illumina HiSeq	short-read	SAMN15040823	Eleusine coracana subsp. africana	neck	Kenya:Kakamega	2016	42341518	42340715	928	109493	122	879	113874	119		50	ASM2470419v1	False	False
GCA_003015405.1	Pyricularia oryzae	13FM-3-2	318829	Scaffold	current	2018-03-26	Fujian Agriculture and Forestry University		Illumina HiSeq	short-read	SAMN06050062	Oryza sativa	not collected	China: Yunnan	2013	38865278	38838448	2193	108988	92	1849	122072	84		51.5	ASM301540v1	False	False
GCA_052856045.1	Pyricularia oryzae	YN690	318829	Scaffold	current	2025-09-26	Yunnan Agricultural University		Illumina HiSeq 2000	short-read	SAMN26000577	Oryza sativa		China: Yunnan	2008-09-24	36050013	35876749	1509	108750	89	587	401822	27		52	ASM5285604v1	False	False
GCA_052855945.1	Pyricularia oryzae	YN718	318829	Scaffold	current	2025-09-26	Yunnan Agricultural University		Illumina HiSeq 2000	short-read	SAMN26000581	Oryza sativa		China: Yunnan	1994-10-23	36195685	35961240	1679	108666	93	606	421978	26		52	ASM5285594v1	False	False
GCA_003016545.1	Pyricularia oryzae		318829	Scaffold	current	2018-03-26	Fujian Agriculture and Forestry University		Illumina HiSeq	short-read	SAMN06050135	Oryza sativa	not collected	China: Yunnan	2007	38754264	38711045	2598	108643	101	2052	145748	72		51.5	ASM301654v1	False	False
GCA_003017045.1	Pyricularia oryzae		318829	Scaffold	current	2018-03-26	Fujian Agriculture and Forestry University		Illumina HiSeq	short-read	SAMN06050137	Oryza sativa	not collected	China: Yunnan	2007	39245967	39204131	2671	106499	97	2185	134629	74		51	ASM301704v1	False	False
GCA_003015465.1	Pyricularia oryzae	13FM-9-1	318829	Scaffold	current	2018-03-26	Fujian Agriculture and Forestry University		Illumina HiSeq	short-read	SAMN06050064	Oryza sativa	not collected	China: Yunnan	2013	38807663	38791118	2134	106359	101	1885	112636	89		51.5	ASM301546v1	False	False
GCA_025134795.1	Pyricularia oryzae	ZJE1	318829	Scaffold	current	2022-09-12	Jilin Academy of Agricultural Sciences		Illumina NovaSeq	short-read	SAMN26750476	Oryza sativa (Jijing 88 variety)		China: Gongzhuling	2016-07-20	37799225	37796917	1004	106112	95	978	114867	89		51.5	ZJE1M_oryza	False	False
GCA_003016245.1	Pyricularia oryzae		318829	Scaffold	current	2018-03-26	Fujian Agriculture and Forestry University		Illumina HiSeq	short-read	SAMN06050102	Oryza sativa	not collected	China: Hunan	2010	37946895	37931707	2188	103609	100	1957	108101	94		51.5	ASM301624v1	False	False
GCA_003017065.1	Pyricularia oryzae		318829	Scaffold	current	2018-03-26	Fujian Agriculture and Forestry University		Illumina HiSeq	short-read	SAMN06050138	Oryza sativa	not collected	China: Yunnan	2007	38796913	38750024	2428	102248	101	1869	152858	71		51.5	ASM301706v1	False	False
GCA_024703665.1	Pyricularia oryzae	D1/s53b	318829	Scaffold	current	2022-08-16	University of Bedfordshire		Illumina HiSeq	short-read	SAMN15040831	Eleucine coracana	leaf	Uganda:Pallisa	2002	41920817	41919332	823	101478	124	766	108517	116		50	ASM2470366v1	False	False
GCA_052857755.1	Pyricularia oryzae	YN166	318829	Scaffold	current	2025-09-26	Yunnan Agricultural University		Illumina HiSeq 2000	short-read	SAMN26000510	Oryza sativa		China: Yunnan	2007-10-08	35799627	35612876	1531	100419	95	633	278981	34		52	ASM5285775v1	False	False
GCA_024704235.1	Pyricularia oryzae	K7/28w	318829	Scaffold	current	2022-08-16	University of Bedfordshire		Illumina HiSeq	short-read	SAMN15040821	Eleusine indica	neck	Kenya:Busia	2002	41361883	41360379	827	100178	124	773	104337	119		50	ASM2470423v1	False	False
GCA_003017125.1	Pyricularia oryzae		318829	Scaffold	current	2018-03-26	Fujian Agriculture and Forestry University		Illumina HiSeq	short-read	SAMN06050140	Oryza sativa	not collected	China: Yunnan	2008	39311923	39275318	3047	99137	99	2562	133377	77		51	ASM301712v1	False	False
GCA_052856955.1	Pyricularia oryzae	YN406	318829	Scaffold	current	2025-09-26	Yunnan Agricultural University		Illumina HiSeq 2000	short-read	SAMN26000538	Oryza sativa		China: Yunnan	1995-09-15	36370653	36164066	1672	98371	103	630	464992	26		52	ASM5285695v1	False	False
GCA_052856315.1	Pyricularia oryzae	YN634	318829	Scaffold	current	2025-09-26	Yunnan Agricultural University		Illumina HiSeq 2000	short-read	SAMN26000567	Oryza sativa		China: Yunnan	2011-08-12	36495757	36274237	1823	98321	104	621	453351	25		52	ASM5285631v1	False	False
GCA_003017115.1	Pyricularia oryzae		318829	Scaffold	current	2018-03-26	Fujian Agriculture and Forestry University		Illumina HiSeq	short-read	SAMN06050139	Oryza sativa	not collected	China: Yunnan	2008	38821611	38784397	2296	98154	101	1812	149869	74		51.5	ASM301711v1	False	False
GCA_052856295.1	Pyricularia oryzae	YN635	318829	Scaffold	current	2025-09-26	Yunnan Agricultural University		Illumina HiSeq 2000	short-read	SAMN26000568	Oryza sativa		China: Yunnan	2011-08-12	36487037	36257855	1860	97947	101	630	409053	26		52	ASM5285629v1	False	False
GCA_024704255.1	Pyricularia oryzae	K28/82w	318829	Scaffold	current	2022-08-16	University of Bedfordshire		Illumina HiSeq	short-read	SAMN15040820	Eleusine indica	panicle	Kenya:Teso	2002	41929093	41927563	804	97895	127	737	108005	117		50	ASM2470425v1	False	False
GCA_052856515.1	Pyricularia oryzae	YN487	318829	Scaffold	current	2025-09-26	Yunnan Agricultural University		Illumina HiSeq 2000	short-read	SAMN26000554	Oryza sativa		China: Yunnan	1995-09-16	35055396	34857594	1648	97525	98	651	242217	37		52	ASM5285651v1	False	False
GCA_024704225.1	Pyricularia oryzae	K13	318829	Scaffold	current	2022-08-16	University of Bedfordshire		Illumina HiSeq	short-read	SAMN15040822	Eleusine coracana subsp. africana	neck	Kenya:Busia	2016	41818156	41817074	877	97358	131	826	101041	125		50	ASM2470422v1	False	False
GCA_002924685.1	Pyricularia oryzae	WBKY11	318829	Scaffold	current	2018-02-08	International Wheat Blast Consortium		Roche 454	short-read	SAMN08009578	Triticum aestivum		USA: Princeton, KY	2011-05	43356274	42814506	923	96532	133	114	3962041	5		50	ASM292468v1	False	False
GCA_052858045.1	Pyricularia oryzae	YN094	318829	Scaffold	current	2025-09-26	Yunnan Agricultural University		Illumina HiSeq 2000	short-read	SAMN26000496	Oryza sativa		China: Yunnan	2007-10-08	36035587	35854283	1517	96117	102	515	417735	28		52	ASM5285804v1	False	False
GCA_003015515.1	Pyricularia oryzae	BJ08-8	318829	Scaffold	current	2018-03-26	Fujian Agriculture and Forestry University		Illumina HiSeq	short-read	SAMN06050067	Oryza sativa	not collected	China: Beijing	2011	38584030	38569281	2242	95867	103	2008	108309	96		51.5	ASM301551v1	False	False
GCA_003016265.1	Pyricularia oryzae		318829	Scaffold	current	2018-03-26	Fujian Agriculture and Forestry University		Illumina HiSeq	short-read	SAMN06050105	Oryza sativa	not collected	China: Jiangsu	2009	38465793	38449629	2356	93782	103	2100	112616	95		51.5	ASM301626v1	False	False
GCA_003016255.1	Pyricularia oryzae		318829	Scaffold	current	2018-03-26	Fujian Agriculture and Forestry University		Illumina HiSeq	short-read	SAMN06050101	Oryza sativa	not collected	China: Hunan	2009	38108148	38092587	2214	93761	109	1996	95709	105		51.5	ASM301625v1	False	False
GCA_003016635.1	Pyricularia oryzae		318829	Scaffold	current	2018-03-26	Fujian Agriculture and Forestry University		Illumina HiSeq	short-read	SAMN06050147	Oryza sativa	not collected	China: Zhejiang	2011	38622443	38573140	2137	93690	103	1663	119229	84		51.5	ASM301663v1	False	False
GCA_024703685.1	Pyricularia oryzae	K5/24W	318829	Scaffold	current	2022-08-16	University of Bedfordshire		Illumina HiSeq	short-read	SAMN15098633	Eleusine indica	panicle	Kenya:Busia	2002	41595240	41594404	915	93003	130	868	98454	125		50	ASM2470368v1	False	False
GCA_052857105.1	Pyricularia oryzae	YN365	318829	Scaffold	current	2025-09-26	Yunnan Agricultural University		Illumina HiSeq 2000	short-read	SAMN26000530	Oryza sativa		China: Yunnan	2007-10-08	36587416	36328560	2037	91227	114	584	469949	28		52	ASM5285710v1	False	False
GCA_003017175.1	Pyricularia oryzae		318829	Scaffold	current	2018-03-26	Fujian Agriculture and Forestry University		Illumina HiSeq	short-read	SAMN06050141	Oryza sativa	not collected	China: Yunnan	2012	39313667	39263374	2790	91013	110	2199	133287	70		51	ASM301717v1	False	False
GCA_003017165.1	Pyricularia oryzae		318829	Scaffold	current	2018-03-26	Fujian Agriculture and Forestry University		Illumina HiSeq	short-read	SAMN06050143	Oryza sativa	not collected	China: Yunnan	1987	37251599	37213975	1932	90074	115	1498	117106	90		51.5	ASM301716v1	False	False
GCA_024703975.1	Pyricularia oryzae	T6	318829	Scaffold	current	2022-08-16	University of Bedfordshire		Illumina HiSeq	short-read	SAMN15098632	Eleusine coracana	neck	Tanzania: Njombe	2016	41662384	41660456	1231	89522	146	1147	92250	140		50	ASM2470397v1	False	False
GCA_052857295.1	Pyricularia oryzae	YN359	318829	Scaffold	current	2025-09-26	Yunnan Agricultural University		Illumina HiSeq 2000	short-read	SAMN26000529	Oryza sativa		China: Yunnan	2011-08-12	36068171	35895161	1584	89039	116	563	465592	24		52	ASM5285729v1	False	False
GCA_000805855.1	Pyricularia oryzae	98-06	318829	Scaffold	current	2014-12-19	nanjing agriculture university		Illumina HiSeq	short-read	SAMN03010511		field	China	1998	42306689	41294258	1161	88900	136	284	1530397	10		51	ASM80585v1	False	False
GCA_052857165.1	Pyricularia oryzae	YN314	318829	Scaffold	current	2025-09-26	Yunnan Agricultural University		Illumina HiSeq 2000	short-read	SAMN26000525	Oryza sativa		China: Yunnan	1997-09-20	35803303	35645491	1497	88233	109	563	347664	28		52	ASM5285716v1	False	False
GCA_003016655.1	Pyricularia oryzae		318829	Scaffold	current	2018-03-26	Fujian Agriculture and Forestry University		Illumina HiSeq	short-read	SAMN06050108	Oryza sativa	not collected	China: Jiangxi	2011	38309819	38296415	2298	86067	114	2092	88249	111		51.5	ASM301665v1	False	False
GCA_003016665.1	Pyricularia oryzae		318829	Scaffold	current	2018-03-26	Fujian Agriculture and Forestry University		Illumina HiSeq	short-read	SAMN06050107	Oryza sativa	not collected	China: Jiangxi	2010	37636355	37627779	2110	85519	110	1959	90344	106		52	ASM301666v1	False	False
GCA_052856935.1	Pyricularia oryzae	YN398	318829	Scaffold	current	2025-09-26	Yunnan Agricultural University		Illumina HiSeq 2000	short-read	SAMN26000537	Oryza sativa		China: Yunnan	2011-08-12	36616531	36365632	1977	85331	122	624	470970	26		52	ASM5285693v1	False	False
GCA_052856715.1	Pyricularia oryzae	YN463	318829	Scaffold	current	2025-09-26	Yunnan Agricultural University		Illumina HiSeq 2000	short-read	SAMN26000548	Oryza sativa		China: Yunnan	1995-09-16	36319609	36103486	1839	85269	129	660	450771	27		52	ASM5285671v1	False	False
GCA_003016555.1	Pyricularia oryzae		318829	Scaffold	current	2018-03-26	Fujian Agriculture and Forestry University		Illumina HiSeq	short-read	SAMN06050136	Oryza sativa	not collected	China: Yunnan	2007	39303591	39249139	2873	84306	120	2213	152964	64		51.5	ASM301655v1	False	False
GCA_003016015.1	Pyricularia oryzae		318829	Scaffold	current	2018-03-26	Fujian Agriculture and Forestry University		Illumina HiSeq	short-read	SAMN06050098	Oryza sativa	not collected	China: Hubei	2009	38201480	38190476	2194	84089	130	2005	86656	126		52	ASM301601v1	False	False
GCA_003016575.1	Pyricularia oryzae		318829	Scaffold	current	2018-03-26	Fujian Agriculture and Forestry University		Illumina HiSeq	short-read	SAMN06050144	Oryza sativa	not collected	China: Yunnan	1987	37375355	37333032	2021	83101	124	1548	114324	96		51.5	ASM301657v1	False	False
GCA_003016275.1	Pyricularia oryzae		318829	Scaffold	current	2018-03-26	Fujian Agriculture and Forestry University		Illumina HiSeq	short-read	SAMN06050104	Oryza sativa	not collected	China: Jiangsu	2008	38199718	38184469	2197	82576	115	1976	90787	106		52	ASM301627v1	False	False
GCA_002218465.1	Pyricularia oryzae	B2	318829	Scaffold	current	2017-07-14	International Wheat Blast Consortium		Illumina MiSeq	short-read	SAMN05580113	Triticum aestivum	wheat head	Bolivia: Okinawa Uno	2011-04-05	41771944	41768461	1409	81481	154	1332	81851	152		50.5	ASM221846v1	False	False
GCA_003016195.1	Pyricularia oryzae		318829	Scaffold	current	2018-03-26	Fujian Agriculture and Forestry University		Illumina HiSeq	short-read	SAMN06050097	Oryza sativa	not collected	China: Guangdong	2008	37973670	37963235	2174	81400	119	2008	87325	114		52	ASM301619v1	False	False
GCA_003017255.1	Pyricularia oryzae		318829	Scaffold	current	2018-03-26	Fujian Agriculture and Forestry University		Illumina HiSeq	short-read	SAMN06050145	Oryza sativa	not collected	China: Zhejiang	2000	37851311	37840645	2054	81284	130	1875	85055	120		52	ASM301725v1	False	False
GCA_052856575.1	Pyricularia oryzae	YN485	318829	Scaffold	current	2025-09-26	Yunnan Agricultural University		Illumina HiSeq 2000	short-read	SAMN26000553	Oryza sativa		China: Yunnan	1995-09-16	36359683	36161534	1775	81039	137	580	464963	27		52	ASM5285657v1	False	False
GCA_002368525.1	Pyricularia oryzae	GUY11	318829	Scaffold	current	2017-09-26	Fujian Agriculture and Forestry University		Illumina HiSeq	short-read	SAMN06050151	Oryza sativa	not collected	Guyana	1978	37490204	37391955	2000	80464	133	1182	180736	58		51.5	ASM236852v1	False	False
GCA_052856635.1	Pyricularia oryzae	YN477	318829	Scaffold	current	2025-09-26	Yunnan Agricultural University		Illumina HiSeq 2000	short-read	SAMN26000551	Oryza sativa		China: Yunnan	2011-08-12	35107890	34903710	1736	80362	117	642	352893	29		52	ASM5285663v1	False	False
GCA_003016625.1	Pyricularia oryzae		318829	Scaffold	current	2018-03-26	Fujian Agriculture and Forestry University		Illumina HiSeq	short-read	SAMN06050146	Oryza sativa	not collected	China: Zhejiang	2008	37823351	37813120	2044	80343	139	1871	81987	132		52	ASM301662v1	False	False
GCA_003016395.1	Pyricularia oryzae		318829	Scaffold	current	2018-03-26	Fujian Agriculture and Forestry University		Illumina HiSeq	short-read	SAMN06050115	Oryza sativa	not collected	China: Sichuan	2010	38329806	38226789	2572	80182	133	1726	121898	82		51.5	ASM301639v1	False	False
GCA_003017025.1	Pyricularia oryzae		318829	Scaffold	current	2018-03-26	Fujian Agriculture and Forestry University		Illumina HiSeq	short-read	SAMN06050133	Oryza sativa	not collected	China: Taiwan	2011	39199722	39085022	2766	79322	136	1886	119451	90		51.5	ASM301702v1	False	False
GCA_003016465.1	Pyricularia oryzae		318829	Scaffold	current	2018-03-26	Fujian Agriculture and Forestry University		Illumina HiSeq	short-read	SAMN06050126	Oryza sativa	not collected	China: Taiwan	2005	39227576	39109702	2782	78875	139	1861	114183	83		51.5	ASM301646v1	False	False
GCA_052856235.1	Pyricularia oryzae	YN643	318829	Scaffold	current	2025-09-26	Yunnan Agricultural University		Illumina HiSeq 2000	short-read	SAMN26000571	Oryza sativa		China: Yunnan	2011-08-12	36427873	36266506	1670	78604	136	546	459667	26		52	ASM5285623v1	False	False
GCA_003015545.1	Pyricularia oryzae	DB11-621	318829	Scaffold	current	2018-03-26	Fujian Agriculture and Forestry University		Illumina HiSeq	short-read	SAMN06050068	Oryza sativa	not collected	China: Liaoning	2002	38331944	38318850	2241	78574	133	2046	78953	129		52	ASM301554v1	False	False
GCA_002368515.1	Pyricularia oryzae	FJ81278	318829	Scaffold	current	2017-09-26	Fujian Agriculture and Forestry University		Illumina HiSeq	short-read	SAMN06050150	Oryza sativa	not collected	China: Fujian	1981	38028932	37882316	2454	77792	129	1415	156610	62		51.5	ASM236851v1	False	False
GCA_003015935.1	Pyricularia oryzae		318829	Scaffold	current	2018-03-26	Fujian Agriculture and Forestry University		Illumina HiSeq	short-read	SAMN06050089	Oryza sativa	not collected	China: Fujian	1986	39062630	38941746	2691	76666	141	1749	124066	80		51.5	ASM301593v1	False	False
GCA_003016105.1	Pyricularia oryzae		318829	Scaffold	current	2018-03-26	Fujian Agriculture and Forestry University		Illumina HiSeq	short-read	SAMN06050087	Oryza sativa	not collected	China: Fujian	1981	38559090	38468470	2831	76553	138	2049	122171	85		51.5	ASM301610v1	False	False
GCA_003016805.1	Pyricularia oryzae		318829	Scaffold	current	2018-03-26	Fujian Agriculture and Forestry University		Illumina HiSeq	short-read	SAMN06050118	Oryza sativa	not collected	China: Taiwan	2012	38969147	38853509	2757	76034	141	1864	123226	81		51.5	ASM301680v1	False	False
GCA_052857965.1	Pyricularia oryzae	YN125	318829	Scaffold	current	2025-09-26	Yunnan Agricultural University		Illumina HiSeq 2000	short-read	SAMN26000502	Oryza sativa		China: Yunnan	1997-09-20	35645740	35419594	1846	75377	132	660	240760	36		52	ASM5285796v1	False	False
GCA_052858155.1	Pyricularia oryzae	YN010	318829	Scaffold	current	2025-09-26	Yunnan Agricultural University		Illumina HiSeq 2000	short-read	SAMN26000487	Oryza sativa		China: Yunnan	1995-09-16	35936531	35693873	1956	75222	132	630	290305	34		52	ASM5285815v1	False	False
GCA_003016585.1	Pyricularia oryzae		318829	Scaffold	current	2018-03-26	Fujian Agriculture and Forestry University		Illumina HiSeq	short-read	SAMN06050142	Oryza sativa	not collected	China: Yunnan	2012	38723087	38681654	2518	75178	132	1959	106915	91		51.5	ASM301658v1	False	False
GCA_003016795.1	Pyricularia oryzae		318829	Scaffold	current	2018-03-26	Fujian Agriculture and Forestry University		Illumina HiSeq	short-read	SAMN06050116	Oryza sativa	not collected	China: Sichuan	2010	38719370	38606189	2669	74710	144	1798	117377	85		51.5	ASM301679v1	False	False
GCA_905109915.1	Pyricularia oryzae		318829	Scaffold	current	2020-11-22	UNIVERSITY OF EXETER		Illumina HiSeq 2500	short-read	SAMEA104365383					43511044	43503396	2174	74327	168	1684	140435	99		50	Assembly of M.oryzae isolate BTJP_4_9 genome	False	False
GCA_052857575.1	Pyricularia oryzae	YN232	318829	Scaffold	current	2025-09-26	Yunnan Agricultural University		Illumina HiSeq 2000	short-read	SAMN26000518	Oryza sativa		China: Yunnan	1995-09-15	35662980	35437490	1805	74087	129	648	278484	35		52	ASM5285757v1	False	False
GCA_052856655.1	Pyricularia oryzae	YN476	318829	Scaffold	current	2025-09-26	Yunnan Agricultural University		Illumina HiSeq 2000	short-read	SAMN26000550	Oryza sativa		China: Yunnan	2011-08-12	35917835	35707142	1830	73960	136	617	391765	29		52	ASM5285665v1	False	False
GCA_052857775.1	Pyricularia oryzae	YN161	318829	Scaffold	current	2025-09-26	Yunnan Agricultural University		Illumina HiSeq 2000	short-read	SAMN26000509	Oryza sativa		China: Yunnan	2011-08-12	35774391	35528561	1914	73696	134	659	317728	32		52	ASM5285777v1	False	False
GCA_052856435.1	Pyricularia oryzae	YN604	318829	Scaffold	current	2025-09-26	Yunnan Agricultural University		Illumina HiSeq 2000	short-read	SAMN26000563	Oryza sativa		China: Yunnan	2007-10-08	35399221	35248017	1455	73526	140	526	306560	33		52	ASM5285643v1	False	False
GCA_003016495.1	Pyricularia oryzae		318829	Scaffold	current	2018-03-26	Fujian Agriculture and Forestry University		Illumina HiSeq	short-read	SAMN06050129	Oryza sativa	not collected	China: Taiwan	2011	39075819	38965896	2742	73433	141	1850	123739	81		51.5	ASM301649v1	False	False
GCA_001548845.1	Pyricularia oryzae	SV9610	318829	Scaffold	current	2016-02-04	Fujian Agriculture and Forestry University		Illumina HiSeq	short-read	SAMN04318449	Setaria viridis	not collected	China: Zhejiang	1996	39325514	39126262	3151	73202	155	1546	154236	70		51.5	SV9610	False	False
GCA_052856495.1	Pyricularia oryzae	YN557	318829	Scaffold	current	2025-09-26	Yunnan Agricultural University		Illumina HiSeq 2000	short-read	SAMN26000559	Oryza sativa		China: Yunnan	1994-08-21	35196550	35051708	1468	72967	135	548	307719	33		52	ASM5285649v1	False	False
GCA_003016955.1	Pyricularia oryzae		318829	Scaffold	current	2018-03-26	Fujian Agriculture and Forestry University		Illumina HiSeq	short-read	SAMN06050127	Oryza sativa	not collected	China: Taiwan	2005	38749593	38640401	2617	72939	131	1715	128591	75		51.5	ASM301695v1	False	False
GCA_002924825.1	Pyricularia oryzae	PL3-1	318829	Contig	current	2018-02-08	International Wheat Blast Consortium		Roche 454	short-read	SAMN08009572	Lolium multiflorum		USA: Pulaski Co., KY	2002	42483483	42483483	1722	72795	171	1722	72795	171		50	ASM292482v1	False	False
GCA_003017035.1	Pyricularia oryzae		318829	Scaffold	current	2018-03-26	Fujian Agriculture and Forestry University		Illumina HiSeq	short-read	SAMN06050134	Oryza sativa	not collected	Ghana: Weed dabala	2015	38654543	38559610	2743	72664	144	1877	123365	86		51.5	ASM301703v1	False	False
GCA_052856375.1	Pyricularia oryzae	YN617	318829	Scaffold	current	2025-09-26	Yunnan Agricultural University		Illumina HiSeq 2000	short-read	SAMN26000565	Oryza sativa		China: Yunnan	1995-09-19	35857007	35718809	1403	72541	142	494	351573	27		52	ASM5285637v1	False	False
GCA_052856415.1	Pyricularia oryzae	YN608	318829	Scaffold	current	2025-09-26	Yunnan Agricultural University		Illumina HiSeq 2000	short-read	SAMN26000564	Oryza sativa		China: Yunnan	1995-09-18	35929656	35777077	1531	72285	141	562	355853	28		52	ASM5285641v1	False	False
GCA_003016965.1	Pyricularia oryzae		318829	Scaffold	current	2018-03-26	Fujian Agriculture and Forestry University		Illumina HiSeq	short-read	SAMN06050130	Oryza sativa	not collected	China: Taiwan	2011	38925638	38818661	2760	72132	148	1891	116757	90		51.5	ASM301696v1	False	False
GCA_001548855.1	Pyricularia oryzae	SV9623	318829	Scaffold	current	2016-02-04	Fujian Agriculture and Forestry University		Illumina HiSeq	short-read	SAMN04318450	Setaria viridis	not collected	China: Zhejiang	1996	39376824	39209190	2869	72025	161	1514	145603	78		51.5	SV9623	False	False
GCA_003016855.1	Pyricularia oryzae		318829	Scaffold	current	2018-03-26	Fujian Agriculture and Forestry University		Illumina HiSeq	short-read	SAMN06050120	Oryza sativa	not collected	China: Taiwan	2012	38994734	38881039	2818	71960	146	1920	106586	90		51.5	ASM301685v1	False	False
GCA_003016505.1	Pyricularia oryzae		318829	Scaffold	current	2018-03-26	Fujian Agriculture and Forestry University		Illumina HiSeq	short-read	SAMN06050131	Oryza sativa	not collected	China: Taiwan	2011	38977876	38859358	2878	71639	144	1955	110758	89		51.5	ASM301650v1	False	False
GCA_052856855.1	Pyricularia oryzae	YN410	318829	Scaffold	current	2025-09-26	Yunnan Agricultural University		Illumina HiSeq 2000	short-read	SAMN26000539	Oryza sativa		China: Yunnan	1995-09-16	35617526	35470606	1286	71523	135	532	306080	33		52	ASM5285685v1	False	False
GCA_052856875.1	Pyricularia oryzae	YN427	318829	Scaffold	current	2025-09-26	Yunnan Agricultural University		Illumina HiSeq 2000	short-read	SAMN26000540	Oryza sativa		China: Yunnan	2008-09-23	35947279	35764433	1442	71500	134	590	337745	32		52	ASM5285687v1	False	False
GCA_052858415.1	Pyricularia oryzae	Hei-3	318829	Scaffold	current	2025-09-26	Yunnan Agricultural University		Illumina HiSeq 2000	short-read	SAMN26000594	Oryza sativa		China: Heilongjiang	2013-09-10	35964145	35761752	1536	71173	151	584	340788	32		52	ASM5285841v1	False	False
GCA_003015825.1	Pyricularia oryzae		318829	Scaffold	current	2018-03-26	Fujian Agriculture and Forestry University		Illumina HiSeq	short-read	SAMN06050083	Oryza sativa	not collected	China: Fujian	1981	38728344	38675978	2471	71138	158	1895	85714	123		51.5	ASM301582v1	False	False
GCA_905109845.1	Pyricularia oryzae		318829	Scaffold	current	2020-11-22	UNIVERSITY OF EXETER		Illumina HiSeq 2500	short-read	SAMEA104365381					43574924	43568190	2370	70979	182	1772	153255	83		50	Assembly of M.oryzae isolate BTJP_4_15 genome	False	False
GCA_003016415.1	Pyricularia oryzae		318829	Scaffold	current	2018-03-26	Fujian Agriculture and Forestry University		Illumina HiSeq	short-read	SAMN06050117	Oryza sativa	not collected	China: Taiwan	2005	39264239	39155845	2863	70726	140	1976	113039	91		51.5	ASM301641v1	False	False
GCA_003016895.1	Pyricularia oryzae		318829	Scaffold	current	2018-03-26	Fujian Agriculture and Forestry University		Illumina HiSeq	short-read	SAMN06050122	Oryza sativa	not collected	China: Taiwan	2012	39032477	38910746	2735	70711	139	1805	121539	82		51.5	ASM301689v1	False	False
GCA_052857735.1	Pyricularia oryzae	YN179	318829	Scaffold	current	2025-09-26	Yunnan Agricultural University		Illumina HiSeq 2000	short-read	SAMN26000511	Oryza sativa		China: Yunnan	1997-09-20	35884270	35647481	1925	70641	148	664	329033	33		52	ASM5285773v1	False	False
GCA_003016825.1	Pyricularia oryzae		318829	Scaffold	current	2018-03-26	Fujian Agriculture and Forestry University		Illumina HiSeq	short-read	SAMN06050119	Oryza sativa	not collected	China: Taiwan	2012	38700975	38585107	2738	70178	141	1802	120862	81		51.5	ASM301682v1	False	False
GCA_052857895.1	Pyricularia oryzae	YN154	318829	Scaffold	current	2025-09-26	Yunnan Agricultural University		Illumina HiSeq 2000	short-read	SAMN26000506	Oryza sativa		China: Yunnan	1997-09-20	35973539	35830697	1495	69627	145	519	438530	27		52	ASM5285789v1	False	False
GCA_052857515.1	Pyricularia oryzae	YN247	318829	Scaffold	current	2025-09-26	Yunnan Agricultural University		Illumina HiSeq 2000	short-read	SAMN26000520	Oryza sativa		China: Yunnan	1995-09-16	35443038	35232509	1813	69575	131	681	252685	35		52	ASM5285751v1	False	False
GCA_003016175.1	Pyricularia oryzae		318829	Scaffold	current	2018-03-26	Fujian Agriculture and Forestry University		Illumina HiSeq	short-read	SAMN06050095	Oryza sativa	not collected	China: Guangdong	2005	37936538	37766307	2844	69063	151	1653	115008	86		51.5	ASM301617v1	False	False
GCA_003016085.1	Pyricularia oryzae		318829	Scaffold	current	2018-03-26	Fujian Agriculture and Forestry University		Illumina HiSeq	short-read	SAMN06050103	Oryza sativa	not collected	China: Jiangsu	2010	38556164	38343182	2969	68833	148	1667	144157	73		51.5	ASM301608v1	False	False
GCA_003016985.1	Pyricularia oryzae		318829	Scaffold	current	2018-03-26	Fujian Agriculture and Forestry University		Illumina HiSeq	short-read	SAMN06050132	Oryza sativa	not collected	China: Taiwan	2011	39072033	38957721	2802	68533	148	1894	113814	90		51.5	ASM301698v1	False	False
GCA_003016425.1	Pyricularia oryzae		318829	Scaffold	current	2018-03-26	Fujian Agriculture and Forestry University		Illumina HiSeq	short-read	SAMN06050124	Oryza sativa	not collected	China: Taiwan	2012	38879255	38758197	2892	68492	148	1927	119600	85		51.5	ASM301642v1	False	False
GCA_003016715.1	Pyricularia oryzae		318829	Scaffold	current	2018-03-26	Fujian Agriculture and Forestry University		Illumina HiSeq	short-read	SAMN06050110	Oryza sativa	not collected	Ghana: Kade-abaam	2015	39293993	39199948	2758	68433	163	1855	110651	92		51.5	ASM301671v1	False	False
GCA_052857045.1	Pyricularia oryzae	YN391	318829	Scaffold	current	2025-09-26	Yunnan Agricultural University		Illumina HiSeq 2000	short-read	SAMN26000533	Oryza sativa		China: Yunnan	1996-10-12	36098634	35918615	1646	68192	151	512	355975	28		52	ASM5285704v1	False	False
GCA_003016875.1	Pyricularia oryzae		318829	Scaffold	current	2018-03-26	Fujian Agriculture and Forestry University		Illumina HiSeq	short-read	SAMN06050121	Oryza sativa	not collected	China: Taiwan	2012	39029107	38923764	2668	68031	149	1791	119949	85		51.5	ASM301687v1	False	False
GCA_002218435.1	Pyricularia oryzae	Py5020	318829	Scaffold	current	2017-07-14	International Wheat Blast Consortium		Illumina MiSeq	short-read	SAMN05762829	Triticum aestivum		Brazil: Parana, Londrina	2013-06-05	42670599	42659368	1559	67755	178	1386	69664	174		50	ASM221843v1	False	False
GCA_002105295.1	Pyricularia oryzae	V86010	318829	Scaffold	current	2017-04-21	Fujian Agriculture and Forestry University		Illumina HiSeq	short-read	SAMN06392751	rice		Philippines: International Rice Research Institute	2008	38934700	38808164	2897	67610	163	1924	93412	117		51.5	ASM210529v1	False	False
GCA_003015555.1	Pyricularia oryzae	FJ0204804	318829	Scaffold	current	2018-03-26	Fujian Agriculture and Forestry University		Illumina HiSeq	short-read	SAMN06050069	Oryza sativa	not collected	China: Fujian	2011	38025015	37872762	2764	67502	152	1719	100981	101		52	ASM301555v1	False	False
GCA_003015705.1	Pyricularia oryzae	FJ2001-112B	318829	Scaffold	current	2018-03-26	Fujian Agriculture and Forestry University		Illumina HiSeq	short-read	SAMN06050076	Oryza sativa	not collected	China: Fujian	2001	38689525	38566496	2702	67059	144	1697	117832	81		51.5	ASM301570v1	False	False
GCA_003016705.1	Pyricularia oryzae		318829	Scaffold	current	2018-03-26	Fujian Agriculture and Forestry University		Illumina HiSeq	short-read	SAMN06050109	Oryza sativa	not collected	Ghana: Kade-abaam	2015	39345505	39232267	3124	66815	166	2079	96967	100		51	ASM301670v1	False	False
GCA_003016115.1	Pyricularia oryzae		318829	Scaffold	current	2018-03-26	Fujian Agriculture and Forestry University		Illumina HiSeq	short-read	SAMN06050091	Oryza sativa	not collected	China: Fujian	1995	38150992	38019071	2835	66607	160	1722	120751	84		51.5	ASM301611v1	False	False
GCA_052858065.1	Pyricularia oryzae	YN084	318829	Scaffold	current	2025-09-26	Yunnan Agricultural University		Illumina HiSeq 2000	short-read	SAMN26000494	Oryza sativa		China: Yunnan	2008-09-23	36002669	35823214	1482	66584	158	581	337866	30		52	ASM5285806v1	False	False
GCA_052856755.1	Pyricularia oryzae	YN460	318829	Scaffold	current	2025-09-26	Yunnan Agricultural University		Illumina HiSeq 2000	short-read	SAMN26000546	Oryza sativa		China: Yunnan	1995-09-16	35860172	35676495	1816	66571	154	584	391494	27		52	ASM5285675v1	False	False
GCA_052856275.1	Pyricularia oryzae	YN640	318829	Scaffold	current	2025-09-26	Yunnan Agricultural University		Illumina HiSeq 2000	short-read	SAMN26000569	Oryza sativa		China: Yunnan	2011-08-12	35721706	35570749	1568	66469	143	512	351457	27		52	ASM5285627v1	False	False
GCA_024704445.1	Pyricularia oryzae	U13	318829	Contig	current	2022-08-16	University of Bedfordshire		Illumina HiSeq	short-read	SAMN12143015	Eleucine coracana	neck blast	Uganda: Katakwi	2016	42543665	42543665	1291	66396	196	1291	66396	196		50	ASM2470444v1	False	False
GCA_003016035.1	Pyricularia oryzae		318829	Scaffold	current	2018-03-26	Fujian Agriculture and Forestry University		Illumina HiSeq	short-read	SAMN06050100	Oryza sativa	not collected	China: Hunan	2008	37988177	37822730	2929	66373	159	1712	120406	79		51.5	ASM301603v1	False	False
GCA_052856455.1	Pyricularia oryzae	YN601	318829	Scaffold	current	2025-09-26	Yunnan Agricultural University		Illumina HiSeq 2000	short-read	SAMN26000562	Oryza sativa		China: Yunnan	1995-09-16	35704414	35521890	1740	66320	145	553	391684	27		52	ASM5285645v1	False	False
GCA_052855865.1	Pyricularia oryzae	YN745	318829	Scaffold	current	2025-09-26	Yunnan Agricultural University		Illumina HiSeq 2000	short-read	SAMN26000583	Oryza sativa		China: Yunnan	1997-09-12	35985680	35800951	1616	66293	150	577	341091	27		52	ASM5285586v1	False	False
GCA_003015495.1	Pyricularia oryzae	BJ-90-611	318829	Scaffold	current	2018-03-26	Fujian Agriculture and Forestry University		Illumina HiSeq	short-read	SAMN06050066	Oryza sativa	not collected	China: Beijing	1990	38421385	38234621	3096	66178	180	1771	116633	97		51.5	ASM301549v1	False	False
GCA_052857795.1	Pyricularia oryzae	YN158	318829	Scaffold	current	2025-09-26	Yunnan Agricultural University		Illumina HiSeq 2000	short-read	SAMN26000508	Oryza sativa		China: Yunnan	2011-08-12	35551967	35352528	1847	66005	147	610	337623	31		52	ASM5285779v1	False	False
GCA_024704145.1	Pyricularia oryzae	D14/s30	318829	Scaffold	current	2022-08-16	University of Bedfordshire		Illumina HiSeq	short-read	SAMN15040825	Eleucine coracana	leaf	Uganda:Kabermaido	2001	43610565	43608599	1883	65963	173	1768	71939	158		49.5	ASM2470414v1	False	False
GCA_003015595.1	Pyricularia oryzae	FJ11YD-673-1	318829	Scaffold	current	2018-03-26	Fujian Agriculture and Forestry University		Illumina HiSeq	short-read	SAMN06050071	Oryza sativa	not collected	China: Fujian	2012	38340962	38210738	2788	65920	168	1693	107578	92		51.5	ASM301559v1	False	False
GCA_003015955.1	Pyricularia oryzae		318829	Scaffold	current	2018-03-26	Fujian Agriculture and Forestry University		Illumina HiSeq	short-read	SAMN06050090	Oryza sativa	not collected	China: Fujian	1995	38253203	38117041	2684	65727	163	1598	127319	75		51.5	ASM301595v1	False	False
GCA_024704515.1	Pyricularia oryzae	K13/67	318829	Contig	current	2022-08-16	University of Bedfordshire		Illumina HiSeq	short-read	SAMN12143011	Eleucine coracana	neck blast	Kenya: Teso	2000	41650482	41650482	1220	65604	195	1220	65604	195		50	ASM2470451v1	False	False
GCA_052858375.1	Pyricularia oryzae	Hu-2	318829	Scaffold	current	2025-09-26	Yunnan Agricultural University		Illumina HiSeq 2000	short-read	SAMN26000596	Oryza sativa		China: Hunan	2014-06-20	36008242	35766567	1946	65231	163	634	312617	32		52	ASM5285837v1	False	False
GCA_003015645.1	Pyricularia oryzae	FJ2000-62A	318829	Scaffold	current	2018-03-26	Fujian Agriculture and Forestry University		Illumina HiSeq	short-read	SAMN06050074	Oryza sativa	not collected	China: Fujian	2000	38590940	38449869	2940	64979	158	1754	116974	86		51.5	ASM301564v1	False	False
GCA_052856215.1	Pyricularia oryzae	YN642	318829	Scaffold	current	2025-09-26	Yunnan Agricultural University		Illumina HiSeq 2000	short-read	SAMN26000570	Oryza sativa		China: Yunnan	2011-08-12	35957232	35758358	1472	64785	159	587	230251	41		52	ASM5285621v1	False	False
GCA_003016005.1	Pyricularia oryzae		318829	Scaffold	current	2018-03-26	Fujian Agriculture and Forestry University		Illumina HiSeq	short-read	SAMN06050094	Oryza sativa	not collected	China: Fujian	2007	38311891	38191981	2928	64639	160	1843	103825	94		51.5	ASM301600v1	False	False
GCA_052858255.1	Pyricularia oryzae	S-2	318829	Scaffold	current	2025-09-26	Yunnan Agricultural University		Illumina HiSeq 2000	short-read	SAMN26000600	Oryza sativa		China: Sichuan	2015-07-15	36060762	35819311	1735	64478	164	637	289931	35		52	ASM5285825v1	False	False
GCA_052856975.1	Pyricularia oryzae	YN397	318829	Scaffold	current	2025-09-26	Yunnan Agricultural University		Illumina HiSeq 2000	short-read	SAMN26000536	Oryza sativa		China: Yunnan	2011-08-12	35756961	35643451	1225	64460	158	516	259286	37		52	ASM5285697v1	False	False
GCA_052855885.1	Pyricularia oryzae	YN735	318829	Scaffold	current	2025-09-26	Yunnan Agricultural University		Illumina HiSeq 2000	short-read	SAMN26000582	Oryza sativa		China: Yunnan	1994-08-22	36515767	36181767	2436	64389	167	712	385645	29		52	ASM5285588v1	False	False
GCA_003016475.1	Pyricularia oryzae		318829	Scaffold	current	2018-03-26	Fujian Agriculture and Forestry University		Illumina HiSeq	short-read	SAMN06050128	Oryza sativa	not collected	China: Taiwan	2005	39025302	38873077	2991	64118	168	1860	121346	84		51.5	ASM301647v1	False	False
GCA_003016905.1	Pyricularia oryzae		318829	Scaffold	current	2018-03-26	Fujian Agriculture and Forestry University		Illumina HiSeq	short-read	SAMN06050123	Oryza sativa	not collected	China: Taiwan	2012	38673055	38550109	2901	64066	175	1859	115595	93		51.5	ASM301690v1	False	False
GCA_003015805.1	Pyricularia oryzae	FJ43ZB15-68	318829	Scaffold	current	2018-03-26	Fujian Agriculture and Forestry University		Illumina HiSeq	short-read	SAMN06050080	Oryza sativa	not collected	China: Fujian	1992	37972307	37843968	2685	63964	173	1599	113843	92		51.5	ASM301580v1	False	False
GCA_024704625.1	Pyricularia oryzae	E1	318829	Contig	current	2022-08-16	University of Bedfordshire		Illumina HiSeq	short-read	SAMN12143008	Eleucine coracana	neck blast	Ethiopia: Sire	2015	41533915	41533915	1269	63806	202	1269	63806	202		50	ASM2470462v1	False	False
GCA_052858235.1	Pyricularia oryzae	T-2	318829	Scaffold	current	2025-09-26	Yunnan Agricultural University		Illumina HiSeq 2000	short-read	SAMN26000605	Oryza sativa		Thailand	not collected	35856401	35617430	1707	63760	159	627	255674	37		52	ASM5285823v1	False	False
GCA_003015655.1	Pyricularia oryzae	FJ2000-69A	318829	Scaffold	current	2018-03-26	Fujian Agriculture and Forestry University		Illumina HiSeq	short-read	SAMN06050075	Oryza sativa	not collected	China: Fujian	2000	38022850	37892111	2723	63758	165	1601	125873	85		51.5	ASM301565v1	False	False
GCA_905109775.1	Pyricularia oryzae		318829	Scaffold	current	2020-11-22	UNIVERSITY OF EXETER		Illumina HiSeq 2500	short-read	SAMEA104190824					41501021	41494783	3350	63644	180	2979	109057	104		50.5	Assembly of M.oryzae isolate BTTrp_6 genome	False	False
GCA_905109755.1	Pyricularia oryzae		318829	Scaffold	current	2020-11-22	UNIVERSITY OF EXETER		Illumina HiSeq 2500	short-read	SAMEA104365382					43194179	43186142	1582	63472	200	969	134160	91		50	Assembly of M.oryzae isolate BTJP_4_2 genome	False	False
GCA_003015565.1	Pyricularia oryzae	FJ11SH-527-1	318829	Scaffold	current	2018-03-26	Fujian Agriculture and Forestry University		Illumina HiSeq	short-read	SAMN06050070	Oryza sativa	not collected	China: Fujian	2011	38242558	38125580	2789	63259	162	1709	111639	90		51.5	ASM301556v1	False	False
GCA_003016325.1	Pyricularia oryzae		318829	Scaffold	current	2018-03-26	Fujian Agriculture and Forestry University		Illumina HiSeq	short-read	SAMN06050106	Oryza sativa	not collected	China: Jiangxi	2009	37601888	37429932	2697	63126	168	1589	116871	95		52	ASM301632v1	False	False
GCA_905109135.1	Pyricularia oryzae		318829	Scaffold	current	2020-11-22	UNIVERSITY OF EXETER		Illumina HiSeq 2500	short-read	SAMEA104365380					38140674	38137580	3499	62694	165	3260	93389	114		51	Assembly of M.oryzae isolate BTAR_A1 genome	False	False
GCA_052856065.1	Pyricularia oryzae	YN673	318829	Scaffold	current	2025-09-26	Yunnan Agricultural University		Illumina HiSeq 2000	short-read	SAMN26000576	Oryza sativa		China: Yunnan	2008-09-24	36258741	36045393	1941	62617	171	615	464693	26		52	ASM5285606v1	False	False
GCA_003016025.1	Pyricularia oryzae		318829	Scaffold	current	2018-03-26	Fujian Agriculture and Forestry University		Illumina HiSeq	short-read	SAMN06050099	Oryza sativa	not collected	China: Hubei	2009	38180528	38002209	2878	62415	166	1601	113961	89		51.5	ASM301602v1	False	False
GCA_052858175.1	Pyricularia oryzae	T-3	318829	Scaffold	current	2025-09-26	Yunnan Agricultural University		Illumina HiSeq 2000	short-read	SAMN26000603	Oryza sativa		Thailand	not collected	35773770	35600181	1770	62318	173	514	338004	29		52	ASM5285817v1	False	False
GCA_002925225.1	Pyricularia oryzae	FH	318829	Contig	current	2018-02-08	International Wheat Blast Consortium		Roche 454	short-read	SAMN08009551	Lolium perenne		USA: Hagerstown, MD	1997	42932243	42932243	2071	61997	207	2071	61997	207		50	ASM292522v1	False	False
GCA_003015755.1	Pyricularia oryzae	FJ2006-60A3	318829	Scaffold	current	2018-03-26	Fujian Agriculture and Forestry University		Illumina HiSeq	short-read	SAMN06050079	Oryza sativa	not collected	China: Fujian	2006	37702447	37570365	2863	61922	178	1729	103395	95		51.5	ASM301575v1	False	False
GCA_003016185.1	Pyricularia oryzae		318829	Scaffold	current	2018-03-26	Fujian Agriculture and Forestry University		Illumina HiSeq	short-read	SAMN06050096	Oryza sativa	not collected	China: Guangdong	2006	37400436	37391374	2081	61919	173	1923	62944	169		52	ASM301618v1	False	False
GCA_003015625.1	Pyricularia oryzae	FJ12JN-084-3	318829	Scaffold	current	2018-03-26	Fujian Agriculture and Forestry University		Illumina HiSeq	short-read	SAMN06050072	Oryza sativa	not collected	China: Fujian	2013	37283658	37158139	2433	61728	166	1537	103798	97		52	ASM301562v1	False	False
GCA_003015745.1	Pyricularia oryzae	FJ2005113B	318829	Scaffold	current	2018-03-26	Fujian Agriculture and Forestry University		Illumina HiSeq	short-read	SAMN06050078	Oryza sativa	not collected	China: Fujian	2005	38539643	38403326	2861	61579	160	1702	116992	80		51.5	ASM301574v1	False	False
GCA_003015885.1	Pyricularia oryzae		318829	Scaffold	current	2018-03-26	Fujian Agriculture and Forestry University		Illumina HiSeq	short-read	SAMN06050084	Oryza sativa	not collected	China: Fujian	1981	38644746	38582383	2621	61523	171	1972	81077	132		51.5	ASM301588v1	False	False
GCA_052858475.1	Pyricularia oryzae	H-2	318829	Scaffold	current	2025-09-26	Yunnan Agricultural University		Illumina HiSeq 2000	short-read	SAMN26000591	Oryza sativa		China: Henan	2013-08-22	35911283	35742754	1710	61453	180	521	331101	30		52	ASM5285847v1	False	False
GCA_003015835.1	Pyricularia oryzae	FJ78-JJ	318829	Scaffold	current	2018-03-26	Fujian Agriculture and Forestry University		Illumina HiSeq	short-read	SAMN06050082	Oryza sativa	not collected	China: Fujian	1978	38453552	38396781	2365	61437	187	1757	72356	143		51.5	ASM301583v1	False	False
GCA_003015735.1	Pyricularia oryzae	FJ2003-001A1	318829	Scaffold	current	2018-03-26	Fujian Agriculture and Forestry University		Illumina HiSeq	short-read	SAMN06050077	Oryza sativa	not collected	China: Fujian	2003	38081667	37902818	2916	61366	186	1675	110023	96		52	ASM301573v1	False	False
GCA_052856355.1	Pyricularia oryzae	YN626	318829	Scaffold	current	2025-09-26	Yunnan Agricultural University		Illumina HiSeq 2000	short-read	SAMN26000566	Oryza sativa		China: Yunnan	2011-08-12	35806712	35616775	1878	61338	171	577	355899	26		52	ASM5285635v1	False	False
GCA_052858315.1	Pyricularia oryzae	P06-6	318829	Scaffold	current	2025-09-26	Yunnan Agricultural University		Illumina HiSeq 2000	short-read	SAMN26000598	Oryza sativa		Philippines	not collected	35352933	35205740	1292	61250	171	598	155152	59		52	ASM5285831v1	False	False
GCA_003015635.1	Pyricularia oryzae	FJ13SH05-2	318829	Scaffold	current	2018-03-26	Fujian Agriculture and Forestry University		Illumina HiSeq	short-read	SAMN06050073	Oryza sativa	not collected	China: Fujian	2013	37752038	37617496	2912	61118	181	1746	98022	99		52	ASM301563v1	False	False
GCA_052856145.1	Pyricularia oryzae	YN661	318829	Scaffold	current	2025-09-26	Yunnan Agricultural University		Illumina HiSeq 2000	short-read	SAMN26000574	Oryza sativa		China: Yunnan	2007-10-08	35735816	35552167	1733	61117	171	537	340066	31		52	ASM5285614v1	False	False
GCA_012922935.1	Pyricularia oryzae	2539	318829	Scaffold	current	2020-04-28	Fujian Agriculture and Forestry University		Illumina HiSeq	short-read	SAMN11866126	rice		not collected	not collected	38083458	37921166	2701	60992	190	1391	107099	92		51.5	ASM1292293v1	False	False
GCA_052858125.1	Pyricularia oryzae	YN027	318829	Scaffold	current	2025-09-26	Yunnan Agricultural University		Illumina HiSeq 2000	short-read	SAMN26000488	Oryza sativa		China: Yunnan	2011-08-12	35412676	35251066	1355	60105	172	596	186301	53		52	ASM5285812v1	False	False
GCA_052856695.1	Pyricularia oryzae	YN468	318829	Scaffold	current	2025-09-26	Yunnan Agricultural University		Illumina HiSeq 2000	short-read	SAMN26000549	Oryza sativa		China: Yunnan	1996-10-12	35794952	35641419	1438	59431	175	542	309832	31		52	ASM5285669v1	False	False
GCA_003016935.1	Pyricularia oryzae		318829	Scaffold	current	2018-03-26	Fujian Agriculture and Forestry University		Illumina HiSeq	short-read	SAMN06050125	Oryza sativa	not collected	China: Taiwan	2012	38461384	38174189	3874	59424	182	2175	106764	100		52	ASM301693v1	False	False
GCA_024704315.1	Pyricularia oryzae	T5	318829	Contig	current	2022-08-16	University of Bedfordshire		Illumina HiSeq	short-read	SAMN12143019	Eleucine coracana	neck blast	Tanzania: Nbozi	2016	42254231	42254231	1367	59266	208	1367	59266	208		50	ASM2470431v1	False	False
GCA_024704505.1	Pyricularia oryzae	K48/115n	318829	Contig	current	2022-08-16	University of Bedfordshire		Illumina HiSeq	short-read	SAMN12143012	Eleucine coracana	neck blast	Kenya: Kisii	2002	41132665	41132665	1471	58809	194	1471	58809	194		50.5	ASM2470450v1	False	False
GCA_052856615.1	Pyricularia oryzae	YN480	318829	Scaffold	current	2025-09-26	Yunnan Agricultural University		Illumina HiSeq 2000	short-read	SAMN26000552	Oryza sativa		China: Yunnan	2011-08-12	36464694	36226764	2096	58211	178	578	340504	31		52	ASM5285661v1	False	False
GCA_052858335.1	Pyricularia oryzae	L-2	318829	Scaffold	current	2025-09-26	Yunnan Agricultural University		Illumina HiSeq 2000	short-read	SAMN26000597	Oryza sativa		China: Liaoning	2014-09-20	35423740	35274720	1283	58198	170	596	169133	57		52	ASM5285833v1	False	False
GCA_024704335.1	Pyricularia oryzae	T17	318829	Contig	current	2022-08-16	University of Bedfordshire		Illumina HiSeq	short-read	SAMN12143018	Eleucine coracana	neck blast	Tanzania: Madaba	2016	41548171	41548171	1367	58114	219	1367	58114	219		50	ASM2470433v1	False	False
GCA_012654135.1	Pyricularia oryzae	Cd88215	318829	Scaffold	current	2020-04-22	International Wheat Blast Consortium		Illumina MiSeq	short-read	SAMN14167123			not applicable	not applicable	36783302	36541469	3178	58039	174	2629	82256	129		51.5	ASM1265413v1	False	False
GCA_052857065.1	Pyricularia oryzae	YN390	318829	Scaffold	current	2025-09-26	Yunnan Agricultural University		Illumina HiSeq 2000	short-read	SAMN26000532	Oryza sativa		China: Yunnan	1996-10-11	35562095	35370034	1796	57713	173	516	337928	29		52	ASM5285706v1	False	False
GCA_024704695.1	Pyricularia oryzae	E17	318829	Contig	current	2022-08-16	University of Bedfordshire		Illumina HiSeq	short-read	SAMN12143005	Eleucine coracana	neck blast	Ethiopia: Angebo	2016	41957450	41957450	1586	57318	212	1586	57318	212		50	ASM2470469v1	False	False
GCA_003016785.1	Pyricularia oryzae		318829	Scaffold	current	2018-03-26	Fujian Agriculture and Forestry University		Illumina HiSeq	short-read	SAMN06050114	Oryza sativa	not collected	Suriname: Nickerie	2013	38990986	38763159	3380	57130	188	1807	114978	93		51.5	ASM301678v1	False	False
GCA_001548785.1	Pyricularia oryzae	EI9604	318829	Scaffold	current	2016-02-04	Fujian Agriculture and Forestry University		Illumina HiSeq	short-read	SAMN04318448	Eleusine indica	not collected	China: Zhejiang	1996	41601338	41424407	2856	57102	212	1346	100075	116		50.5	EI9604	False	False
GCA_905109925.1	Pyricularia oryzae		318829	Scaffold	current	2020-11-22	UNIVERSITY OF EXETER		Illumina HiSeq 2500	short-read	SAMEA104190823					46707658	46701037	2347	56895	195	1692	114140	93		52	Assembly of M.oryzae isolate BTTrp_5 genome	False	False
GCA_057978255.1	Pyricularia oryzae		318829	Scaffold	current	2026-06-05	University of Kentucky		Illumina NovaSeq	short-read	SAMN55039460	Festuca sp.		Costa Rica	1991	39586887	39580387	3759	56885	197	3613	64111	170		51	ASM5797825v1	False	False
GCA_052857635.1	Pyricularia oryzae	YN226	318829	Scaffold	current	2025-09-26	Yunnan Agricultural University		Illumina HiSeq 2000	short-read	SAMN26000516	Oryza sativa		China: Yunnan	2008-09-24	36016435	35809302	2012	56442	188	593	356098	27		52	ASM5285763v1	False	False
GCA_052857985.1	Pyricularia oryzae	YN098	318829	Scaffold	current	2025-09-26	Yunnan Agricultural University		Illumina HiSeq 2000	short-read	SAMN26000498	Oryza sativa		China: Yunnan	2007-10-08	35377515	35190655	1400	56116	178	633	171302	59		52	ASM5285798v1	False	False
GCA_052858395.1	Pyricularia oryzae	Hu-1	318829	Scaffold	current	2025-09-26	Yunnan Agricultural University		Illumina HiSeq 2000	short-read	SAMN26000595	Oryza sativa		China: Hunan	2014-06-20	35685764	35526000	1704	55823	190	500	337825	29		52	ASM5285839v1	False	False
GCA_031212055.1	Pyricularia oryzae	T6	318829	Contig	current	2023-09-07	University of Kentucky		Illumina NovaSeq	short-read	SAMN33018055	Triticum aestivum		Brazil	1988	42058027	42058027	2590	55184	229	2590	55184	229		50	ASM3121205v1	False	False
GCA_024704575.1	Pyricularia oryzae	D15/s47	318829	Contig	current	2022-08-16	University of Bedfordshire		Illumina HiSeq	short-read	SAMN12143010	Eleucine coracana	neck blast	Uganda: Soroti	2002	41704176	41704176	1493	53543	235	1493	53543	235		50	ASM2470457v1	False	False
GCA_024704605.1	Pyricularia oryzae	K38	318829	Contig	current	2022-08-16	University of Bedfordshire		Illumina HiSeq	short-read	SAMN12143009	Eleucine coracana	neck blast	Kenya: Kisii	2017	41388510	41388510	1401	53440	227	1401	53440	227		50	ASM2470460v1	False	False
GCA_052855805.1	Pyricularia oryzae	Z-2	318829	Scaffold	current	2025-09-26	Yunnan Agricultural University		Illumina HiSeq 2000	short-read	SAMN26000585	Oryza sativa		China: Zhejiang	2011-07-01	35749546	35592467	1804	53121	198	528	392306	27		52	ASM5285580v1	False	False
GCA_003015925.1	Pyricularia oryzae		318829	Scaffold	current	2018-03-26	Fujian Agriculture and Forestry University		Illumina HiSeq	short-read	SAMN06050088	Oryza sativa	not collected	China: Fujian	1986	38383550	38280141	2938	53108	211	1894	85748	119		51.5	ASM301592v1	False	False
GCA_024704685.1	Pyricularia oryzae	D1/s11	318829	Contig	current	2022-08-16	University of Bedfordshire		Illumina HiSeq	short-read	SAMN12143006	Eleucine coracana	neck blast	Uganda: Pallisa	2000	41747166	41747166	1478	52230	235	1478	52230	235		50	ASM2470468v1	False	False
GCA_024704305.1	Pyricularia oryzae	T12	318829	Contig	current	2022-08-16	University of Bedfordshire		Illumina HiSeq	short-read	SAMN12143020	Eleucine coracana	neck blast	Tanzania: Sumbawanga	2016	41553633	41553633	1705	52099	245	1705	52099	245		50	ASM2470430v1	False	False
GCA_024704655.1	Pyricularia oryzae	D8/s15	318829	Contig	current	2022-08-16	University of Bedfordshire		Illumina HiSeq	short-read	SAMN12143007	Eleucine coracana	panicle	Uganda: Busia	2000	41579359	41579359	1544	52067	246	1544	52067	246		50	ASM2470465v1	False	False
GCA_905186795.1	Pyricularia oryzae		318829	Scaffold	current	2021-02-02	UNIVERSITY OF EXETER		Illumina HiSeq 2500	short-read	SAMEA104190822					43677391	43666841	2788	51968	250	1852	108438	122		50	Assembly of M.oryzae isolate BTMP_S_13_2 genome	False	False
GCA_052858355.1	Pyricularia oryzae	l-1	318829	Scaffold	current	2025-09-26	Yunnan Agricultural University		Illumina HiSeq 2000	short-read	SAMN26000586	Oryza sativa		China: Liaoning	2014-09-20	35902517	35732500	1894	51414	208	532	355843	30		52	ASM5285835v1	False	False
GCA_905109245.1	Pyricularia oryzae		318829	Scaffold	current	2020-11-22	UNIVERSITY OF EXETER		Illumina HiSeq 2500	short-read	SAMEA104190819					43632753	43622261	2709	51283	263	1799	95064	139		50	Assembly of M.oryzae isolate BTJP4_16 genome	False	False
GCA_052856125.1	Pyricularia oryzae	YN657	318829	Scaffold	current	2025-09-26	Yunnan Agricultural University		Illumina HiSeq 2000	short-read	SAMN26000573	Oryza sativa		China: Yunnan	2011-08-12	35526430	35363601	1871	50930	212	510	337776	28		52	ASM5285612v1	False	False
GCA_052858265.1	Pyricularia oryzae	R01-1	318829	Scaffold	current	2025-09-26	Yunnan Agricultural University		Illumina HiSeq 2000	short-read	SAMN26000599	Oryza sativa		South Korea	not collected	35476619	35343453	1482	50807	205	545	299646	33		52	ASM5285826v1	False	False
GCA_001548775.1	Pyricularia oryzae	EI9411	318829	Scaffold	current	2016-02-04	Fujian Agriculture and Forestry University		Illumina HiSeq	short-read	SAMN04318447	Eleusine indica	not collected	China: Fujian	1994	40306145	40147576	3088	50072	246	1661	81416	137		51	EI9411	False	False
GCA_905109095.1	Pyricularia oryzae		318829	Scaffold	current	2020-11-22	UNIVERSITY OF EXETER		Illumina HiSeq 2500	short-read	SAMEA104190818					43632231	43621044	2710	49946	258	1741	110022	110		50	Assembly of M.oryzae isolate BTJP4_12 genome	False	False
GCA_003016095.1	Pyricularia oryzae		318829	Scaffold	current	2018-03-26	Fujian Agriculture and Forestry University		Illumina HiSeq	short-read	SAMN06050085	Oryza sativa	not collected	China: Fujian	1981	38536878	38444519	2889	49242	233	1894	81916	125		51.5	ASM301609v1	False	False
GCA_003015895.1	Pyricularia oryzae		318829	Scaffold	current	2018-03-26	Fujian Agriculture and Forestry University		Illumina HiSeq	short-read	SAMN06050086	Oryza sativa	not collected	China: Fujian	1981	37960040	37872019	2563	49212	225	1638	84041	129		51.5	ASM301589v1	False	False
GCA_905109785.1	Pyricularia oryzae		318829	Scaffold	current	2020-11-22	UNIVERSITY OF EXETER		Illumina HiSeq 2500	short-read	SAMEA104190814					43673126	43662105	2910	47026	266	1943	92411	140		50	Assembly of M.oryzae isolate BTJP4_3 genome	False	False
GCA_905114825.1	Pyricularia oryzae		318829	Scaffold	current	2020-11-22	UNIVERSITY OF EXETER		Illumina HiSeq 2500	short-read	SAMEA104190812					43657328	43646091	2756	46178	268	1738	105122	124		50	Assembly of M.oryzae isolate BTGP_6_h genome	False	False
GCA_052055085.1	Pyricularia oryzae	UFVPY185	318829	Contig	current	2025-08-15	University of Kentucky		Illumina NovaSeq	short-read	SAMN47132510	Melinis repens		Brazil: Minas Gerais	2019	43958104	43958104	4161	45817	282	4161	45817	282		49.5	ASM5205508v1	False	False
GCA_052856795.1	Pyricularia oryzae	YN442	318829	Scaffold	current	2025-09-26	Yunnan Agricultural University		Illumina HiSeq 2000	short-read	SAMN26000542	Oryza sativa		China: Yunnan	2008-09-24	35909211	35677321	2094	45222	226	547	328412	32		52	ASM5285679v1	False	False
GCA_024704485.1	Pyricularia oryzae	K5	318829	Contig	current	2022-08-16	University of Bedfordshire		Illumina HiSeq	short-read	SAMN12143013	Eleucine coracana	neck blast	Kenya: Kisumu	2016	42785286	42785286	1793	45195	279	1793	45195	279		50	ASM2470448v1	False	False
GCA_905109085.1	Pyricularia oryzae		318829	Scaffold	current	2020-11-22	UNIVERSITY OF EXETER		Illumina HiSeq 2500	short-read	SAMEA104190809					43645146	43633007	2855	44845	288	1744	107077	121		50	Assembly of M.oryzae isolate BTGP1_b genome	False	False
GCA_905109105.1	Pyricularia oryzae		318829	Scaffold	current	2020-11-22	UNIVERSITY OF EXETER		Illumina HiSeq 2500	short-read	SAMEA104190817					43630244	43618283	2934	44738	293	1876	91549	146		50	Assembly of M.oryzae isolate BTJP4_11 genome	False	False
GCA_002925405.1	Pyricularia oryzae	Bd8401	318829	Scaffold	current	2018-02-08	International Wheat Blast Consortium		Illumina MiSeq	short-read	SAMN08009543	Urochloa distachya		Philippines	1984	41268497	40509499	4334	44687	277	2898	204898	56		50.5	ASM292540v1	False	False
GCA_905109745.1	Pyricularia oryzae		318829	Scaffold	current	2020-11-22	UNIVERSITY OF EXETER		Illumina HiSeq 2500	short-read	SAMEA104190816					43645672	43634643	2895	44650	293	1843	90777	142		50	Assembly of M.oryzae isolate BTJP4_6 genome	False	False
GCA_002925385.1	Pyricularia oryzae	Bm88324	318829	Scaffold	current	2018-02-08	International Wheat Blast Consortium		Illumina MiSeq	short-read	SAMN08009544	Urochloa mutica		Philippines	1988	41379149	40625745	3202	44635	263	1731	267242	43		50.5	ASM292538v1	False	False
GCA_002925105.1	Pyricularia oryzae	HO	318829	Scaffold	current	2018-02-08	International Wheat Blast Consortium		Illumina MiSeq	short-read	SAMN08009558	Lolium perenne		USA: Richmond, PA	1996	42976410	42409960	3250	44301	290	1736	123633	84		50	ASM292510v1	False	False
GCA_002924835.1	Pyricularia oryzae	PL2-1	318829	Scaffold	current	2018-02-08	International Wheat Blast Consortium		Illumina MiSeq	short-read	SAMN08009571	Lolium multiflorum		USA: Pulaski Co., KY	2002	42551776	41805354	2348	43723	275	811	141200	79		50.5	ASM292483v1	False	False
GCA_002924985.1	Pyricularia oryzae	IE1K	318829	Scaffold	current	2018-02-08	International Wheat Blast Consortium		Illumina MiSeq	short-read	SAMN08009563	Oryza sativa		USA: AR	2003	39600734	39196554	2862	43248	258	1711	127734	79		51	ASM292498v1	False	False
GCA_905109485.1	Pyricularia oryzae		318829	Scaffold	current	2020-11-22	UNIVERSITY OF EXETER		Illumina HiSeq 2500	short-read	SAMEA104190820					43394295	43382805	2282	43126	299	1156	98888	131		50	Assembly of M.oryzae isolate BTJP4_18 genome	False	False
GCA_003016385.1	Pyricularia oryzae		318829	Scaffold	current	2018-03-26	Fujian Agriculture and Forestry University		Illumina HiSeq	short-read	SAMN06050111	Oryza sativa	not collected	Suriname: Nickerie	2014	39115722	38997640	3418	42494	264	2154	67305	158		51.5	ASM301638v1	False	False
GCA_905109825.1	Pyricularia oryzae		318829	Scaffold	current	2020-11-22	UNIVERSITY OF EXETER		Illumina HiSeq 2500	short-read	SAMEA104190811					43643196	43631274	2823	42184	293	1725	98580	129		50	Assembly of M.oryzae isolate BTGP_6_g genome	False	False
GCA_002925345.1	Pyricularia oryzae	Br80	318829	Scaffold	current	2018-02-08	International Wheat Blast Consortium		Illumina MiSeq	short-read	SAMN08009546	Triticum aestivum		Brazil	1991	42474840	41967379	2344	41793	295	1035	134171	78		50	ASM292534v1	False	False
GCA_905114805.1	Pyricularia oryzae		318829	Scaffold	current	2020-12-16	UNIVERSITY OF EXETER		Illumina HiSeq 2500	short-read	SAMEA104190808					43622001	43609193	2740	41517	299	1548	115705	110		50	Assembly of M.oryzae isolate BTGP_6_e genome	False	False
GCA_905125175.1	Pyricularia oryzae		318829	Scaffold	current	2020-12-16	UNIVERSITY OF EXETER		Illumina HiSeq 2500	short-read	SAMEA104190813					43392441	43380186	2269	41442	294	1100	109624	117		50	Assembly of M.oryzae isolate BTJP_4_1 genome	False	False
GCA_905186785.1	Pyricularia oryzae		318829	Scaffold	current	2021-02-02	UNIVERSITY OF EXETER		Illumina HiSeq 2500	short-read	SAMEA104190815					43437982	43425475	2395	41348	309	1244	90380	142		50	Assembly of M.oryzae isolate BTJP4_5 genome	False	False
GCA_003016725.1	Pyricularia oryzae		318829	Scaffold	current	2018-03-26	Fujian Agriculture and Forestry University		Illumina HiSeq	short-read	SAMN06050112	Oryza sativa	not collected	Suriname: Nickerie	2014	39160722	39041562	3322	40868	271	2037	69790	146		51.5	ASM301672v1	False	False
GCA_002924915.1	Pyricularia oryzae	P29	318829	Scaffold	current	2018-02-08	International Wheat Blast Consortium		Illumina MiSeq	short-read	SAMN08009567	Bromus tectorum		Paraguay	2014	43265743	42632707	3019	40682	308	1468	232896	52		50	ASM292491v1	False	False
GCA_033035085.1	Pyricularia oryzae	Po221	318829	Scaffold	current	2023-10-25	University of Kentucky		Illumina MiniSeq	short-read	SAMN14153273			not applicable	not applicable	43244095	42732445	4529	40598	283	3414	105804	114		50	ASM3303508v1	False	False
GCA_002925045.1	Pyricularia oryzae	IB49	318829	Scaffold	current	2018-02-08	International Wheat Blast Consortium		Illumina MiSeq	short-read	SAMN08009561	Oryza sativa		USA: AR	1992	39439879	38981343	2782	40577	285	1648	93401	112		51.5	ASM292504v1	False	False
GCA_905109115.1	Pyricularia oryzae		318829	Scaffold	current	2020-11-22	UNIVERSITY OF EXETER		Illumina HiSeq 2500	short-read	SAMEA104190806					43399635	43387146	2347	40471	309	1125	101720	129		50	Assembly of M.oryzae isolate BTBaB1 genome	False	False
GCA_905114815.1	Pyricularia oryzae		318829	Scaffold	current	2020-11-22	UNIVERSITY OF EXETER		Illumina HiSeq 2500	short-read	SAMEA104190810					43418197	43405926	2299	40470	298	1099	104430	128		50	Assembly of M.oryzae isolate BTGP_6_f genome	False	False
GCA_905109815.1	Pyricularia oryzae		318829	Scaffold	current	2020-11-22	UNIVERSITY OF EXETER		Illumina HiSeq 2500	short-read	SAMEA104190821					43268406	43255583	2281	40447	306	1093	99038	136		50	Assembly of M.oryzae isolate BTMP_S13_1 genome	False	False
GCA_052857815.1	Pyricularia oryzae	YN157	318829	Scaffold	current	2025-09-26	Yunnan Agricultural University		Illumina HiSeq 2000	short-read	SAMN26000507	Oryza sativa		China: Yunnan	1997-09-20	35129331	34842057	2331	40372	250	625	224074	43		52	ASM5285781v1	False	False
GCA_002924965.1	Pyricularia oryzae	ML33	318829	Scaffold	current	2018-02-08	International Wheat Blast Consortium		Illumina MiSeq	short-read	SAMN08009565	Oryza sativa		Mali	1995	39491748	39026968	4633	40205	293	3431	84247	119		51	ASM292496v1	False	False
GCA_905109125.1	Pyricularia oryzae		318829	Scaffold	current	2020-11-22	UNIVERSITY OF EXETER		Illumina HiSeq 2500	short-read	SAMEA104190807					43755255	43742648	3241	39417	314	2151	91759	140		50	Assembly of M.oryzae isolate BTBa_2 genome	False	False
GCA_002924945.1	Pyricularia oryzae	P28	318829	Scaffold	current	2018-02-08	International Wheat Blast Consortium		Illumina MiSeq	short-read	SAMN08009566	Bromus tectorum		Paraguay	2014	43574967	42849495	3409	39103	326	1657	218204	47		50	ASM292494v1	False	False
GCA_017589575.1	Pyricularia oryzae	FPH-2015-44	318829	Scaffold	current	2021-03-26	International Wheat Blast Consortium		Illumina MiniSeq	short-read	SAMN14144145			not applicable	not applicable	40752054	40283104	4377	38952	302	3312	81573	146		51	ASM1758957v1	False	False
GCA_003016165.1	Pyricularia oryzae		318829	Scaffold	current	2018-03-26	Fujian Agriculture and Forestry University		Illumina HiSeq	short-read	SAMN06050093	Oryza sativa	not collected	China: Fujian	1999	37502973	37343589	3351	38840	279	1646	91606	117		52	ASM301616v1	False	False
GCA_002925085.1	Pyricularia oryzae	IA1	318829	Scaffold	current	2018-02-08	International Wheat Blast Consortium		Illumina MiSeq	short-read	SAMN08009559	Oryza sativa		USA: AR	2009	39422808	38973126	3400	38728	300	2230	83221	127		51.5	ASM292508v1	False	False
GCA_052856105.1	Pyricularia oryzae	YN670	318829	Scaffold	current	2025-09-26	Yunnan Agricultural University		Illumina HiSeq 2000	short-read	SAMN26000575	Oryza sativa		China: Yunnan	2008-09-24	35140262	34908137	2518	37359	282	595	278737	38		52	ASM5285610v1	False	False
GCA_905114695.1	Pyricularia oryzae		318829	Contig	current	2020-12-15	UNIVERSITY OF EXETER		Illumina HiSeq 2500	short-read	SAMEA4753531					40616342	40616342	5858	37274	312	5858	37274	312		51	Assembly of M.oryzae isolate KE473 genome	False	False
GCA_002924875.1	Pyricularia oryzae	Pg1213-22	318829	Scaffold	current	2018-02-08	International Wheat Blast Consortium		Illumina MiSeq	short-read	SAMN08009569	Lolium arundinaceum		USA: GA	1999/2000	42076864	41523690	3423	37140	328	1913	96476	118		50.5	ASM292487v1	False	False
GCA_013423165.1	Pyricularia oryzae	Pr8202	318829	Scaffold	current	2020-07-17	International Wheat Blast Consortium		Illumina MiSeq	short-read	SAMN14603774			not applicable	not applicable	39295922	38660263	3944	36957	297	2678	105402	104		51.5	ASM1342316v1	False	False
GCA_002924975.1	Pyricularia oryzae	LpKY97	318829	Scaffold	current	2018-02-08	International Wheat Blast Consortium		Roche 454	short-read	SAMN08009564	Lolium perenne		USA: Lexington, KY	1997	42913937	41696831	3790	36713	324	1340	940778	13		50.5	ASM292497v1	False	False
GCA_905114675.1	Pyricularia oryzae		318829	Contig	current	2020-12-15	UNIVERSITY OF EXETER		Illumina HiSeq 2500	short-read	SAMEA4753530					40885158	40885158	6077	36419	315	6077	36419	315		51	Assembly of M.oryzae isolate KE443 genome	False	False
GCA_001675625.1	Pyricularia oryzae	B71	318829	Scaffold	current	2016-06-23	International Wheat Blast Consortium		Illumina MiSeq	short-read	SAMN04942725	Triticum aestivum	wheat head	Bolivia: Okinawa Uno	2012-03-09	43625833	43240779	3475	36282	361	1787	181209	69		50	ASM167562v1	False	False
GCA_052857435.1	Pyricularia oryzae	YN311	318829	Scaffold	current	2025-09-26	Yunnan Agricultural University		Illumina HiSeq 2000	short-read	SAMN26000524	Oryza sativa		China: Yunnan	1995-09-16	35447196	35116915	2476	35927	287	631	250133	37		52	ASM5285743v1	False	False
GCA_002925025.1	Pyricularia oryzae	IC17	318829	Scaffold	current	2018-02-08	International Wheat Blast Consortium		Illumina MiSeq	short-read	SAMN08009562	Oryza sativa		USA: AR	1992	39534872	39083041	3207	35806	314	1981	87169	117		51	ASM292502v1	False	False
GCA_002925155.1	Pyricularia oryzae	GG11	318829	Scaffold	current	2018-02-08	International Wheat Blast Consortium		Illumina MiSeq	short-read	SAMN08009555	Lolium perenne		USA: Lexington, KY	1997	42564503	41635920	3366	35228	340	1462	114865	97		50.5	ASM292515v1	False	False
GCA_012978435.1	Pyricularia oryzae	Br35	318829	Scaffold	current	2020-05-06	International Wheat Blast Consortium		Illumina MiniSeq	short-read	SAMN14144141			not applicable	not applicable	39247142	38555329	2510	35129	316	1134	140086	84		51.5	ASM1297843v1	False	False
GCA_002925065.1	Pyricularia oryzae	IB33	318829	Scaffold	current	2018-02-08	International Wheat Blast Consortium		Illumina MiSeq	short-read	SAMN08009560	Oryza sativa		USA: TX	missing	40238383	39786552	3978	35082	325	2752	85442	121		51	ASM292506v1	False	False
GCA_905114655.1	Pyricularia oryzae		318829	Contig	current	2020-12-15	UNIVERSITY OF EXETER		Illumina HiSeq 2500	short-read	SAMEA4753528					41002536	41002536	6268	35062	325	6268	35062	325		51	Assembly of M.oryzae isolate KE332 genome	False	False
GCA_024704475.1	Pyricularia oryzae	T11	318829	Contig	current	2022-08-16	University of Bedfordshire		Illumina HiSeq	short-read	SAMN12143014	Eleucine coracana	neck blast	Tanzania: Madaba	2016	42163530	42163530	2250	34966	349	2250	34966	349		50	ASM2470447v1	False	False
GCA_002925215.1	Pyricularia oryzae	FR13	318829	Scaffold	current	2018-02-08	International Wheat Blast Consortium		Illumina MiSeq	short-read	SAMN08009552	Oryza sativa		France	1988	39844086	39393234	4866	34732	331	3685	77569	137		51	ASM292521v1	False	False
GCA_905114685.1	Pyricularia oryzae		318829	Contig	current	2020-12-15	UNIVERSITY OF EXETER		Illumina HiSeq 2500	short-read	SAMEA4753532					40043457	40043457	3198	34509	334	3198	34509	334		51	Assembly of M.oryzae isolate KE491 genome	False	False
GCA_002925285.1	Pyricularia oryzae	CHW	318829	Scaffold	current	2018-02-08	International Wheat Blast Consortium		Illumina MiSeq	short-read	SAMN08009549	Lolium perenne		USA: Annapolis, MD	1996	40381126	39849078	2830	34251	351	1346	104795	108		51	ASM292528v1	False	False
GCA_002924755.1	Pyricularia oryzae	TF05-1	318829	Scaffold	current	2018-02-08	International Wheat Blast Consortium		Illumina MiSeq	short-read	SAMN08009576	Lolium arundinaceum		USA: Lexington, KY	2005	43535068	42906808	3487	34075	378	1717	104709	121		50	ASM292475v1	False	False
GCA_905114665.1	Pyricularia oryzae		318829	Contig	current	2020-12-15	UNIVERSITY OF EXETER		Illumina HiSeq 2500	short-read	SAMEA4753529					39451500	39451500	3668	33912	326	3668	33912	326		51	Assembly of M.oryzae isolate KE415 genome	False	False
GCA_052857855.1	Pyricularia oryzae	YN153	318829	Scaffold	current	2025-09-26	Yunnan Agricultural University		Illumina HiSeq 2000	short-read	SAMN26000505	Oryza sativa		China: Yunnan	1997-09-20	35903402	35536187	2847	33718	324	624	301190	31		52	ASM5285785v1	False	False
GCA_047323865.1	Pyricularia oryzae		318829	Scaffold	current	2025-01-30	University of Kentucky		Illumina NovaSeq	short-read	SAMN39732782	Urochloa brizantha		Brazil:Formiga	2019	42156087	42067842	3469	32549	379	2035	76417	167		50.5	ASM4732386v1	False	False
GCA_012654075.1	Pyricularia oryzae	P3	318829	Scaffold	current	2020-04-22	International Wheat Blast Consortium		Illumina MiSeq	short-read	SAMN14167126			not applicable	not applicable	42563887	42136111	4147	32504	371	2350	135136	91		50.5	ASM1265407v1	False	False
GCA_002925165.1	Pyricularia oryzae	G22	318829	Scaffold	current	2018-02-08	International Wheat Blast Consortium		Illumina MiSeq	short-read	SAMN08009554	Eleusine indica		Japan	1976	41421252	40934148	3666	32502	371	2453	72869	160		50	ASM292516v1	False	False
GCA_002924885.1	Pyricularia oryzae	P3	318829	Scaffold	current	2018-02-08	International Wheat Blast Consortium		Illumina MiSeq	short-read	SAMN08009568	Triticum turgidum subsp. durum		Paraguay: Canindeyu	2012	42620654	42190045	4290	32411	372	2473	135136	91		50.5	ASM292488v1	False	False
GCA_013423085.1	Pyricularia oryzae	Wk3-1	318829	Scaffold	current	2020-07-17	International Wheat Blast Consortium		Illumina MiSeq	short-read	SAMN14603776			not applicable	not applicable	40754864	40295955	4189	31745	371	2481	113793	103		50.5	ASM1342308v1	False	False
GCA_002924795.1	Pyricularia oryzae	SSFL02-1	318829	Scaffold	current	2018-02-08	International Wheat Blast Consortium		Illumina MiSeq	short-read	SAMN08009573	Stenotaphrum secundatum		USA: Orlando, FL	2002	40503645	39916626	3629	31386	365	2106	69844	171		51	ASM292479v1	False	False
GCA_046718435.1	Pyricularia oryzae		318829	Scaffold	current	2025-01-15	University of Kentucky		Illumina NovaSeq	short-read	SAMN39732783	Urochloa brizantha		Brazil:Formiga	2018	41801214	41694605	3639	31332	400	1975	83582	159		50.5	UK_UFVPY232	False	False
GCA_017589565.1	Pyricularia oryzae	Br81	318829	Scaffold	current	2021-03-26	International Wheat Blast Consortium		Illumina MiniSeq	short-read	SAMN14144142			not applicable	not applicable	41448936	41279176	3324	30838	402	731	285670	42		50	ASM1758956v1	False	False
GCA_012654105.1	Pyricularia oryzae	G17	318829	Scaffold	current	2020-04-22	International Wheat Blast Consortium		Illumina MiSeq	short-read	SAMN14167124			not applicable	not applicable	42018348	41172550	4249	30649	399	2589	77760	149		50	ASM1265410v1	False	False
GCA_002925205.1	Pyricularia oryzae	G17	318829	Scaffold	current	2018-02-08	International Wheat Blast Consortium		Illumina MiSeq	short-read	SAMN08009553	Eragrostis curvula		Japan	1976	42055317	41207659	4255	30618	400	2593	77760	149		50	ASM292520v1	False	False
GCA_012978415.1	Pyricularia oryzae	TF15-1	318829	Scaffold	current	2020-05-06	International Wheat Blast Consortium		Illumina MiniSeq	short-read	SAMN14144147			not applicable	not applicable	41760938	41291573	6103	30563	395	4895	49043	252		51	ASM1297841v1	False	False
GCA_048987255.1	Pyricularia oryzae	UFVPY677	318829	Scaffold	current	2025-03-26	University of Kentucky		Illumina NovaSeq	short-read	SAMN39732789	Urochloa brizantha		Brazil:Campos Altos	2019	41826850	41698769	3844	30541	403	2143	87678	147		50.5	ASM4898725v1	False	False
GCA_002925295.1	Pyricularia oryzae	CHRF	318829	Scaffold	current	2018-02-08	International Wheat Blast Consortium		Illumina MiSeq	short-read	SAMN08009548	Lolium perenne		USA: Silver Spring, MD	1996	42141387	41157206	3220	29869	415	1422	88761	144		50.5	ASM292529v1	False	False
GCA_002925425.1	Pyricularia oryzae	B2	318829	Scaffold	current	2018-02-08	International Wheat Blast Consortium		Illumina MiSeq	short-read	SAMN08009541	Triticum aestivum		Bolivia	2012	42475479	42119928	3438	29827	410	2486	46715	288		50	ASM292542v1	False	False
GCA_052856775.1	Pyricularia oryzae	YN455	318829	Scaffold	current	2025-09-26	Yunnan Agricultural University		Illumina HiSeq 2000	short-read	SAMN26000545	Oryza sativa		China: Yunnan	1994-08-27	35885771	35366169	3529	29538	325	718	241339	36		52	ASM5285677v1	False	False
GCA_002925445.1	Pyricularia oryzae	Arcadia	318829	Scaffold	current	2018-02-08	International Wheat Blast Consortium		Illumina MiSeq	short-read	SAMN08009540	Setaria viridis		USA: Lexington, KY	1998	40843293	39945612	3500	29443	405	1968	62030	184		51	ASM292544v1	False	False
GCA_002924745.1	Pyricularia oryzae	T25	318829	Scaffold	current	2018-02-08	International Wheat Blast Consortium		Illumina MiSeq	short-read	SAMN08009575	Triticum aestivum		Brazil: Parana	1988	42288804	41474359	2784	29365	412	1276	62883	210		50.5	ASM292474v1	False	False
GCA_052856835.1	Pyricularia oryzae	YN435	318829	Scaffold	current	2025-09-26	Yunnan Agricultural University		Illumina HiSeq 2000	short-read	SAMN26000541	Oryza sativa		China: Yunnan	2008-09-24	35877560	35470728	3292	28670	351	734	248101	38		52	ASM5285683v1	False	False
GCA_013423135.1	Pyricularia oryzae	pg1213-2	318829	Scaffold	current	2020-07-17	International Wheat Blast Consortium		Illumina MiSeq	short-read	SAMN14603777			not applicable	not applicable	42595444	41976898	6411	28094	445	4726	63324	197		50	ASM1342313v1	False	False
GCA_002925335.1	Pyricularia oryzae	Br7	318829	Scaffold	current	2018-02-08	International Wheat Blast Consortium		Illumina MiSeq	short-read	SAMN08009545	Triticum aestivum		Brazil: Parana	1990	41732479	41128090	3710	27671	447	2057	73544	169		50.5	ASM292533v1	False	False
GCA_002924785.1	Pyricularia oryzae	SSFL14-3	318829	Scaffold	current	2018-02-08	International Wheat Blast Consortium		Illumina MiSeq	short-read	SAMN08009574	Stenotaphrum secundatum		USA: New Smyrna, FL	2014	42713036	41978743	4643	27543	441	2635	72801	168		50.5	ASM292478v1	False	False
GCA_052857495.1	Pyricularia oryzae	YN268	318829	Scaffold	current	2025-09-26	Yunnan Agricultural University		Illumina HiSeq 2000	short-read	SAMN26000521	Oryza sativa		China: Yunnan	2011-08-12	35593355	35195816	3388	27060	399	630	246795	42		52	ASM5285749v1	False	False
GCA_047323795.1	Pyricularia oryzae	UFVPY204	318829	Scaffold	current	2025-01-30	University of Kentucky		Illumina NovaSeq	short-read	SAMN39732778	Urochloa brizantha		Brazil: Forminga	2019	41228753	41073486	4277	26995	462	1819	77753	158		50.5	ASM4732379v1	False	False
GCA_001675605.1	Pyricularia oryzae	BdMeh16-1	318829	Scaffold	current	2016-06-23	International Wheat Blast Consortium		Illumina MiSeq	short-read	SAMN04942534	Triticum aestivum	wheat head	Bangladesh: Mehepur district	2016-03	42962175	42237240	5915	26742	457	4301	64503	183		50.5	ASM167560v1	False	False
GCA_002925415.1	Pyricularia oryzae	B51	318829	Scaffold	current	2018-02-08	International Wheat Blast Consortium		Illumina MiSeq	short-read	SAMN08009542	Eleusine indica		Bolivia: Quirusillas	2012	43052761	42623297	3924	26468	462	2827	41323	299		50	ASM292541v1	False	False
GCA_012979135.1	Pyricularia oryzae	Po237	318829	Scaffold	current	2020-05-06	University of Kentucky		Illumina MiniSeq	short-read	SAMN14153276			not applicable	not applicable	42823219	42566071	8132	26228	453	5491	128958	91		51	ASM1297913v1	False	False
GCA_033035145.1	Pyricularia oryzae	Po235	318829	Scaffold	current	2023-10-25	University of Kentucky		Illumina MiniSeq	short-read	SAMN14153275			not applicable	not applicable	43853137	43575200	8128	25856	484	5328	103210	107		50.5	ASM3303514v1	False	False
GCA_012978515.1	Pyricularia oryzae	BdMAG	318829	Scaffold	current	2020-05-06	International Wheat Blast Consortium		Illumina MiniSeq	short-read	SAMN14144138			not applicable	not applicable	43555119	42995834	4133	25498	502	2575	48617	281		50	ASM1297851v1	False	False
GCA_002925145.1	Pyricularia oryzae	GrF52	318829	Scaffold	current	2018-02-08	International Wheat Blast Consortium		Illumina MiSeq	short-read	SAMN08009556	Setaria viridis		USA: Lexington, KY	2001	39904360	38901062	5848	24946	453	3580	105252	102		51.5	ASM292514v1	False	False
GCA_059792175.1	Pyricularia oryzae	Ec883	318829	Scaffold	current	2026-08-04	University of Kentucky		Illumina NovaSeq	short-read	SAMN46818389	Echinocloa colona		Philippines: Laguna	1988	40945767	40877813	5440	24739	495	3600	82007	138		50.5	ASM5979217v1	False	False
GCA_052856185.1	Pyricularia oryzae	YN651	318829	Scaffold	current	2025-09-26	Yunnan Agricultural University		Illumina HiSeq 2000	short-read	SAMN26000572	Oryza sativa		China: Yunnan	2011-08-12	35729271	35163512	3872	24577	391	715	222918	43		51.5	ASM5285618v1	False	False
GCA_047323855.1	Pyricularia oryzae	UFVPY657	318829	Scaffold	current	2025-01-30	University of Kentucky		Illumina NovaSeq	short-read	SAMN41434657	missing		Brazil: Entre Rios de Minas	2019	42994851	42848028	5243	24538	524	3117	66750	191		50.5	ASM4732385v1	False	False
GCA_012978505.1	Pyricularia oryzae	Br116	318829	Scaffold	current	2020-05-06	International Wheat Blast Consortium		Illumina MiniSeq	short-read	SAMN14144139			not applicable	not applicable	40318458	39337850	4418	24448	482	2600	61609	192		51.5	ASM1297850v1	False	False
GCA_002924865.1	Pyricularia oryzae	PH42	318829	Scaffold	current	2018-02-08	International Wheat Blast Consortium		Illumina MiSeq	short-read	SAMN08009570	Eleusine indica		Philippines	1983	43288804	42320827	4507	24050	525	2757	45834	276		50	ASM292486v1	False	False
GCA_060309365.1	Pyricularia oryzae	Bm88312	318829	Scaffold	current	2026-08-21	University of Kentucky		Illumina NovaSeq	short-read	SAMN46924042	Urochloa mutica		Philippines:Nueva Ecija	1988	40817568	40715678	4573	24013	495	2157	113184	107		50.5	ASM6030936v1	False	False
GCA_052856725.1	Pyricularia oryzae	YN462	318829	Scaffold	current	2025-09-26	Yunnan Agricultural University		Illumina HiSeq 2000	short-read	SAMN26000547	Oryza sativa		China: Yunnan	1995-09-15	35869971	35382593	3851	23772	427	781	210116	50		52	ASM5285672v1	False	False
GCA_013423095.1	Pyricularia oryzae	U168	318829	Scaffold	current	2020-07-17	International Wheat Blast Consortium		Illumina MiSeq	short-read	SAMN14603775			not applicable	not applicable	40185200	39572730	5541	23185	509	3486	61060	184		51.5	ASM1342309v1	False	False
GCA_052857695.1	Pyricularia oryzae	YN208	318829	Scaffold	current	2025-09-26	Yunnan Agricultural University		Illumina HiSeq 2000	short-read	SAMN26000513	Oryza sativa		China: Yunnan	2011-08-12	35319870	34762947	3807	23141	426	637	246788	39		52	ASM5285769v1	False	False
GCA_052857125.1	Pyricularia oryzae	YN376	318829	Scaffold	current	2025-09-26	Yunnan Agricultural University		Illumina HiSeq 2000	short-read	SAMN26000531	Oryza sativa		China: Yunnan	2008-09-24	35709829	35143151	4179	22935	443	652	269961	37		52	ASM5285712v1	False	False
GCA_012978495.1	Pyricularia oryzae	Br118	318829	Scaffold	current	2020-05-06	International Wheat Blast Consortium		Illumina MiniSeq	short-read	SAMN14144140			not applicable	not applicable	40104735	39259914	4713	22659	496	2836	60051	201		51.5	ASM1297849v1	False	False
GCA_019775995.1	Pyricularia oryzae	TP2	318829	Scaffold	current	2021-08-26	International Wheat Blast Consortium		Illumina MiniSeq	short-read	SAMN14151737			not applicable	not applicable	40916473	39881413	5477	22419	527	3535	49266	246		51.5	ASM1977599v1	False	False
GCA_002925095.1	Pyricularia oryzae	Guy11	318829	Scaffold	current	2018-02-08	International Wheat Blast Consortium		Illumina MiSeq	short-read	SAMN08009557	Oryza sativa		French Guiana	1988	37356090	36981126	4279	22229	487	3318	36095	312		51.5	ASM292509v1	False	False
GCA_003991345.1	Pyricularia oryzae	10100	318829	Scaffold	current	2019-01-03	Kasetsart University		Illumina HiSeq	short-read	SAMN08712647	Oryza sativa		Thailand: Kaseaw province	2006	39554992	39285870	5275	21833	541	3159	108598	92		51	ASM399134v1	False	False
GCA_012596185.1	Pyricularia oryzae	EtKY19-1	318829	Scaffold	current	2020-04-21	University of Kentucky		Illumina MiSeq	short-read	SAMN13964779	Eragrostis tef	leaf	USA: Lexington	2019-05-01	42436810	41974129	11465	21636	547	7324	83832	141		50	EtKY19-1	False	False
GCA_059801055.1	Pyricularia oryzae	Bm88509	318829	Scaffold	current	2026-08-04	University of Kentucky		Illumina NovaSeq	short-read	SAMN46711227	Urochloa mutica		Philippines:Nueva Ecija	1988	40941955	40802746	6603	21572	557	2867	212275	50		51	ASM5980105v1	False	False
GCA_017589535.1	Pyricularia oryzae	SSTX16-11	318829	Scaffold	current	2021-03-26	International Wheat Blast Consortium		Illumina MiniSeq	short-read	SAMN14144144			not applicable	not applicable	41010760	40624709	7101	21312	560	6083	28568	422		51	ASM1758953v1	False	False
GCA_017589555.1	Pyricularia oryzae	Pd88413	318829	Scaffold	current	2021-03-26	International Wheat Blast Consortium		Illumina MiniSeq	short-read	SAMN14144143			not applicable	not applicable	43681297	42865446	5438	21180	583	3769	55278	228		50.5	ASM1758955v1	False	False
GCA_059792635.1	Pyricularia oryzae	Bm88503	318829	Scaffold	current	2026-08-04	University of Kentucky		Illumina NovaSeq	short-read	SAMN46817651	Urochloa mutica		Philippines:Nueva Ecija	1988	40866535	40757684	4842	21068	550	1912	108656	110		50.5	UK_Bm88503	False	False
GCA_052858455.1	Pyricularia oryzae	Hei-1	318829	Scaffold	current	2025-09-26	Yunnan Agricultural University		Illumina HiSeq 2000	short-read	SAMN26000592	Oryza sativa		China: Heilongjiang	2013-09-10	35472471	35069342	4050	21054	510	561	276513	34		52	ASM5285845v1	False	False
GCA_052857675.1	Pyricularia oryzae	YN220	318829	Scaffold	current	2025-09-26	Yunnan Agricultural University		Illumina HiSeq 2000	short-read	SAMN26000515	Oryza sativa		China: Yunnan	2008-09-24	35837716	35100345	4611	20937	468	723	249832	39		51.5	ASM5285767v1	False	False
GCA_002218355.1	Pyricularia oryzae	H08-1c	318829	Scaffold	current	2017-07-14	huazhong agricultural university		Illumina HiSeq	short-read	SAMN07267887	Oryza sativa Fuyou803	missing	China:Enshi	2015-10	39272241	39141358	5290	20801	552	2879	147502	67		51	H08-1c_0.9	False	False
GCA_905109805.1	Pyricularia oryzae		318829	Scaffold	current	2020-11-22	UNIVERSITY OF EXETER		Illumina HiSeq 2500	short-read	SAMEA4753509					39371043	38967289	6043	19383	594	3334	176600	55		51	Assembly of M.oryzae isolate KE019 genome	False	False
GCA_047301875.1	Pyricularia oryzae		318829	Scaffold	current	2025-01-29	University of Kentucky		Illumina NovaSeq	short-read	SAMN39732779	Lolium multiflorum		Uruguay:Treinte y Tres	2018	40880654	40662251	6176	19144	607	3402	104435	104		51	UK_U249	False	False
GCA_052857025.1	Pyricularia oryzae	YN395	318829	Scaffold	current	2025-09-26	Yunnan Agricultural University		Illumina HiSeq 2000	short-read	SAMN26000534	Oryza sativa		China: Yunnan	2008-09-24	35776020	35151647	5047	19051	551	640	259767	38		52	ASM5285702v1	False	False
GCA_033035115.1	Pyricularia oryzae	Po234	318829	Scaffold	current	2023-10-25	University of Kentucky		Illumina MiniSeq	short-read	SAMN14153274			not applicable	not applicable	42718462	42374000	9508	19036	639	6314	62797	186		51	ASM3303511v1	False	False
GCA_052858515.1	Pyricularia oryzae	F-2	318829	Scaffold	current	2025-09-26	Yunnan Agricultural University		Illumina HiSeq 2000	short-read	SAMN26000589	Oryza sativa		China: Fujian	2013-06-25	35294599	34731173	4053	18898	566	623	238890	40		52	ASM5285851v1	False	False
GCA_905109885.1	Pyricularia oryzae		318829	Scaffold	current	2020-11-22	UNIVERSITY OF EXETER		Illumina HiSeq 2500	short-read	SAMEA4753510					40076482	39580295	7396	18662	618	4437	152792	64		51	Assembly of M.oryzae isolate KE021 genome	False	False
GCA_905109875.1	Pyricularia oryzae		318829	Scaffold	current	2020-11-22	UNIVERSITY OF EXETER		Illumina HiSeq 2500	short-read	SAMEA4753507					40270040	39749838	7884	18301	632	4818	156802	60		51	Assembly of M.oryzae isolate KE016 genome	False	False
GCA_905114085.1	Pyricularia oryzae		318829	Scaffold	current	2020-12-16	UNIVERSITY OF EXETER		Illumina HiSeq 2500	short-read	SAMEA4753511					41039609	40522076	10863	18122	645	7752	154544	65		51	Assembly of M.oryzae isolate KE029 genome	False	False
GCA_031466475.1	Pyricularia oryzae	UFVPY108	318829	Contig	current	2023-09-14	University of Kentucky		Illumina NovaSeq	short-read	SAMN33037742	Urochloa brizantha		Brazil	2018	39330571	39330571	6352	17944	669	6352	17944	669		51.5	ASM3146647v1	False	False
GCA_049309555.1	Pyricularia oryzae		318829	Scaffold	current	2025-04-04	University of Kentucky		Illumina NovaSeq	short-read	SAMN39732781	Urochloa brizantha		Brazil:Formiga	2019	38928783	38586221	5656	17832	644	1734	98072	122		51	UK_UFVPY198	False	False
GCA_905105115.1	Pyricularia oryzae		318829	Scaffold	current	2020-11-22	UNIVERSITY OF EXETER		Illumina HiSeq 2500	short-read	SAMEA4751764					39527138	39138711	8840	17550	660	4812	151648	63		51.5	Assembly of M.oryzae isolate 90_4_1 genome	False	False
GCA_033875275.1	Pyricularia oryzae	T21	318829	Scaffold	current	2023-11-20	University of Kentucky		Illumina NovaSeq	short-read	SAMN32979455	Triticum aestivum		Brazil	1988	43329010	43086179	6540	17484	724	2709	88629	136		50	ASM3387527v1	False	False
GCA_905125185.1	Pyricularia oryzae		318829	Scaffold	current	2020-12-15	UNIVERSITY OF EXETER		Illumina HiSeq 2500	short-read	SAMEA4753506					40252061	39712639	8196	17434	663	5101	147435	71		51	Assembly of M.oryzae isolate KE002 genome	False	False
GCA_905114795.1	Pyricularia oryzae		318829	Scaffold	current	2020-12-15	UNIVERSITY OF EXETER		Illumina HiSeq 2500	short-read	SAMEA4751777					39758505	39295352	7928	17214	666	3607	151818	63		51.5	Assembly of M.oryzae isolate VO113 genome	False	False
GCA_905105065.1	Pyricularia oryzae		318829	Scaffold	current	2020-11-22	UNIVERSITY OF EXETER		Illumina HiSeq 2500	short-read	SAMEA4751762					40074354	39656834	9082	17211	662	4971	136309	71		51.5	Assembly of M.oryzae isolate 82_0835 genome	False	False
GCA_052857335.1	Pyricularia oryzae	YN358	318829	Scaffold	current	2025-09-26	Yunnan Agricultural University		Illumina HiSeq 2000	short-read	SAMN26000528	Oryza sativa		China: Yunnan	2011-08-12	35645109	34891255	5114	17195	580	687	250596	40		52	ASM5285733v1	False	False
GCA_046629725.1	Pyricularia oryzae	UFVPY113	318829	Scaffold	current	2025-01-14	University of Kentucky		Illumina NovaSeq	short-read	SAMN39732780	Eleusine indica		Brazil:Patos de Minas	2018	43297333	42997511	5570	17145	748	1860	70336	187		50	UK_UFVPY113	False	False
GCA_047323675.1	Pyricularia oryzae	UFVPY63	318829	Scaffold	current	2025-01-30	University of Kentucky		Illumina NovaSeq	short-read	SAMN39732775	Melinis repens		Brazil: Cruzilia	2018	43369703	43001405	6639	16894	748	2238	75381	171		49	ASM4732367v1	False	False
GCA_905114775.1	Pyricularia oryzae		318829	Scaffold	current	2020-12-15	UNIVERSITY OF EXETER		Illumina HiSeq 2500	short-read	SAMEA4753527					39183782	38768197	9064	16892	674	5090	122477	76		51.5	Assembly of M.oryzae isolate UG08 genome	False	False
GCA_905232145.1	Pyricularia oryzae		318829	Scaffold	current	2021-02-20	UNIVERSITY OF EXETER		Illumina HiSeq 2500	short-read	SAMEA4751776					39904137	39474389	8157	16810	688	3984	153228	66		51.5	Assembly of M.oryzae isolate VO108 genome	False	False
GCA_905109905.1	Pyricularia oryzae		318829	Scaffold	current	2020-11-22	UNIVERSITY OF EXETER		Illumina HiSeq 2500	short-read	SAMEA4753505					41564590	41016291	8824	16728	702	5528	149180	70		51	Assembly of M.oryzae isolate EG308 genome	False	False
GCA_905105125.1	Pyricularia oryzae		318829	Scaffold	current	2020-11-22	UNIVERSITY OF EXETER		Illumina HiSeq 2500	short-read	SAMEA4753512					40969151	40525523	10703	16717	707	6185	122962	89		51.5	Assembly of M.oryzae isolate BF5 genome	False	False
GCA_046866195.1	Pyricularia oryzae	UFVPY231	318829	Scaffold	current	2025-01-21	University of Kentucky		Illumina NovaSeq	short-read	SAMN39732784	Melinis repens		Brazil:Oliveira	2019	44394824	44010410	6589	16712	765	2039	101661	130		49	UK_UFVPY231	False	False
GCA_905109895.1	Pyricularia oryzae		318829	Scaffold	current	2020-11-22	UNIVERSITY OF EXETER		Illumina HiSeq 2500	short-read	SAMEA4751768					39521489	39072367	7928	16708	681	3877	134201	70		51.5	Assembly of M.oryzae isolate Glhn4 genome	False	False
GCA_905109835.1	Pyricularia oryzae		318829	Scaffold	current	2020-12-16	UNIVERSITY OF EXETER		Illumina HiSeq 2500	short-read	SAMEA4753508					41104100	40567341	12670	16706	685	9348	141652	74		51	Assembly of M.oryzae isolate KE017 genome	False	False
GCA_001936435.1	Pyricularia oryzae	MG10	318829	Contig	current	2017-01-05	Centre for Cellular and Molecular Platforms		Illumina HiSeq	short-read	SAMN04217083	Oryza sativa	leaf	India: Mandya	2011-10	38751292	38751292	7631	16651	688	7631	16651	688		51	ASM193643v1	False	False
GCA_055473985.1	Pyricularia oryzae	UFVPY94	318829	Scaffold	current	2026-02-24	University of Kentucky		Illumina NovaSeq	short-read	SAMN47133007	Melinis repens		Brazil: Minas Gerais	2018	42902109	42765381	8620	16490	738	4505	45090	276		49.5	ASM5547398v1	False	False
GCA_046629885.1	Pyricularia oryzae		318829	Scaffold	current	2025-01-14	University of Kentucky		Illumina NovaSeq	short-read	SAMN39732776	Urochloa brizantha		Brazil:Uberaba	2018	39659620	39267134	6990	16044	733	3139	84342	137		50.5	UK_UFVPY166	False	False
GCA_905114095.1	Pyricularia oryzae		318829	Scaffold	current	2020-11-22	UNIVERSITY OF EXETER		Illumina HiSeq 2500	short-read	SAMEA4753518					39008374	38539096	8174	16033	714	3793	146883	67		51.5	Assembly of M.oryzae isolate KE041 genome	False	False
GCA_000734095.1	Pyricularia oryzae	1106.2	318829	Contig	current	2014-07-28	Seoul National University		Illumina GAIIx	short-read	SAMN02739886		rice	Japan: Saitama	1976	37556816	37556816	5680	16021	687	5680	16021	687		52	Mo1106.2	False	False
GCA_905081835.1	Pyricularia oryzae		318829	Scaffold	current	2020-11-22	UNIVERSITY OF EXETER		Illumina HiSeq 2500	short-read	SAMEA4751761					38352842	37867728	7453	16014	698	3034	159298	60		51.5	Assembly of M.oryzae isolate 76_3 genome	False	False
GCA_905114765.1	Pyricularia oryzae		318829	Scaffold	current	2020-12-15	UNIVERSITY OF EXETER		Illumina HiSeq 2500	short-read	SAMEA4753526					38952040	38583678	8008	15994	713	3923	127695	76		52	Assembly of M.oryzae isolate TZ090 genome	False	False
GCA_012979075.1	Pyricularia oryzae	BdKUS	318829	Scaffold	current	2020-05-06	International Wheat Blast Consortium		Illumina MiniSeq	short-read	SAMN14144137			not applicable	not applicable	43478302	42932245	6539	15957	781	4961	24344	537		50	ASM1297907v1	False	False
GCA_046865825.1	Pyricularia oryzae	U248	318829	Scaffold	current	2025-01-21	University of Kentucky		Illumina NovaSeq	short-read	SAMN40727758	Lolium multiflorum		Uruguay: Lavalleja	2018	43800694	43495689	8528	15869	814	4213	67659	183		50	LmSM248	False	False
GCA_000734215.1	Pyricularia oryzae	4603.4	318829	Contig	current	2014-07-28	Seoul National University		Illumina GAIIx	short-read	SAMN02739934		rice	Japan: Kagoshima	1976	37593290	37593290	5947	15697	700	5947	15697	700		51.5	Mo4603.4	False	False
GCA_056506405.1	Pyricularia oryzae	UFVPY74	318829	Scaffold	current	2026-04-01	University of Kentucky		Illumina NovaSeq	short-read	SAMN46817899	Melinis repens		Brazil: Minas Gerais	2018	41413938	41295284	9211	15696	747	6286	35432	339		50	ASM5650640v1	False	False
GCA_905105085.1	Pyricularia oryzae		318829	Scaffold	current	2020-11-22	UNIVERSITY OF EXETER		Illumina HiSeq 2500	short-read	SAMEA4753514					40189893	39703607	9960	15625	743	5341	120312	77		51.5	Assembly of M.oryzae isolate BF32 genome	False	False
GCA_032881745.1	Pyricularia oryzae	UFVPY119	318829	Scaffold	current	2023-09-05	University of Kentucky		Illumina	short-read	SAMN33013233	Urochloe brizantha		Brazil	2018	40275392	39980866	6910	15510	766	3656	44160	250		51.5	JA119_contigs_nh.fasta	False	False
GCA_905109765.1	Pyricularia oryzae		318829	Scaffold	current	2020-11-22	UNIVERSITY OF EXETER		Illumina HiSeq 2500	short-read	SAMEA4751767					39392990	38887525	8619	14935	771	4000	134271	71		51.5	Assembly of M.oryzae isolate Glhn3 genome	False	False
GCA_000734335.1	Pyricularia oryzae	AH06	318829	Contig	current	2014-07-28	Seoul National University		Illumina GAIIx	short-read	SAMN02740625		rice	China: Anhui	2000	37013264	37013264	6061	14799	742	6061	14799	742		52	MoAH06	False	False
GCA_047323685.1	Pyricularia oryzae		318829	Scaffold	current	2025-01-30	University of Kentucky		Illumina NovaSeq	short-read	SAMN39732785	Melinis repens		Brazil:Oliveira	2019	44675066	44227335	9951	14614	871	4480	62392	198		49.5	ASM4732368v1	False	False
GCA_019776005.1	Pyricularia oryzae	Br62	318829	Scaffold	current	2021-08-26	International Wheat Blast Consortium		Illumina MiniSeq	short-read	SAMN14151738			not applicable	not applicable	42854431	42366484	8586	14468	851	1962	141061	88		50.5	ASM1977600v1	False	False
GCA_049996535.1	Pyricularia oryzae		318829	Scaffold	current	2025-04-29	University of Kentucky		Illumina	short-read	SAMN39732777	Triticum aestivum		Brazil:Braganei	1988	42284672	42022464	5844	14415	887	1751	64165	202		50	T29.1	False	False
GCA_000734315.1	Pyricularia oryzae	ZJ15	318829	Contig	current	2014-07-28	Seoul National University		Illumina GAIIx	short-read	SAMN02740637		rice	China: Zhejiang	1998	37493836	37493836	6575	14356	776	6575	14356	776		52	MoZJ15	False	False
GCA_000734075.1	Pyricularia oryzae	2303.1	318829	Contig	current	2014-07-28	Seoul National University		Illumina GAIIx	short-read	SAMN02739932		rice	Japan: Aichi	1976	38048501	38048501	6787	14246	779	6787	14246	779		51.5	Mo2303.1	False	False
GCA_905114705.1	Pyricularia oryzae		318829	Scaffold	current	2020-12-15	UNIVERSITY OF EXETER		Illumina HiSeq 2500	short-read	SAMEA4753521					38946046	38547110	9088	14210	781	4717	128841	79		52	Assembly of M.oryzae isolate NG0104 genome	False	False
GCA_000734245.1	Pyricularia oryzae	JS25	318829	Contig	current	2014-07-28	Seoul National University		Illumina GAIIx	short-read	SAMN02740633		rice	China: Jiangsu	1998	36863900	36863900	6159	14129	778	6159	14129	778		52	MoJS25	False	False
GCA_905114785.1	Pyricularia oryzae		318829	Scaffold	current	2020-12-15	UNIVERSITY OF EXETER		Illumina HiSeq 2500	short-read	SAMEA4751775					39866628	39342733	9570	14126	797	4509	126352	75		51.5	Assembly of M.oryzae isolate VO104 genome	False	False
GCA_057787155.1	Pyricularia oryzae	Pr88167	318829	Scaffold	current	2026-05-28	University of Kentucky		Illumina NovaSeq	short-read	SAMN46818070	Panicum repens		Philippines:Nueva Ecija	1988	41022052	40977584	7498	14007	836	5654	24119	485		50.5	UK_Pr88167	False	False
GCA_049190995.1	Pyricularia oryzae		318829	Scaffold	current	2025-03-31	University of Kentucky		Illumina NovaSeq	short-read	SAMN39733236	Lolium arundinaceum		Uruguay:Treinte y Tres	2018	44594106	44272180	11234	13939	909	6790	67678	187		50	ASM4919099v1	False	False
GCA_905105095.1	Pyricularia oryzae		318829	Scaffold	current	2020-11-22	UNIVERSITY OF EXETER		Illumina HiSeq 2500	short-read	SAMEA4753515					40015456	39526353	9653	13905	820	4592	144015	74		51.5	Assembly of M.oryzae isolate BF48 genome	False	False
GCA_033875295.1	Pyricularia oryzae	UFVPY174	318829	Scaffold	current	2023-11-20	University of Kentucky		IlluminaSeq	short-read	SAMN33020648	Urochloa brizantha		Brazil	2018	37458192	37155410	6006	13278	864	1835	57082	196		51.5	ASM3387529v1	False	False
GCA_001936075.1	Pyricularia oryzae	MG02	318829	Contig	current	2017-01-05	Centre for Cellular and Molecular Platforms		Illumina HiSeq	short-read	SAMN04216992	Oryza sativa	neck	India: Mandya	2011-10	39336497	39336497	8554	13179	872	8554	13179	872		51	ASM193607v1	False	False
GCA_031002315.1	Pyricularia oryzae	U276	318829	Scaffold	current	2023-08-30	University of Kentucky		Illumina NovaSeq	short-read	SAMN33024728	Leersia hexandra		Uruguay	2019	41348831	41258075	8972	13034	940	7411	18175	676		50.5	ASM3100231v1	False	False
GCA_003013125.1	Pyricularia oryzae	87-120	318829	Scaffold	current	2018-03-21	International Wheat Blast Consortium		Illumina HiSeq	short-read	SAMN08377452	Oryza sativa		missing	missing	39165496	38652562	7549	12970	891	1985	162206	63		51	ASM301312v1	False	False
GCA_047323615.1	Pyricularia oryzae		318829	Scaffold	current	2025-01-30	University of Kentucky		Illumina NovaSeq	short-read	SAMN39732774	Triticum aestivum		Brazil:Ibia	2019	43059422	42792745	10308	12095	1025	5671	34587	351		50.5	ASM4732361v1	False	False
GCA_031208665.1	Pyricularia oryzae	BP1	318829	Scaffold	current	2023-09-07	University of Kentucky		Illumina NovaSeq	short-read	SAMN33023215	Triticum aestivum		USA: Florida	2018	44054931	43809632	12454	12037	1026	8365	38724	327		50.5	T29_UKY_PO	False	False
GCA_905105105.1	Pyricularia oryzae		318829	Scaffold	current	2020-11-22	UNIVERSITY OF EXETER		Illumina HiSeq 2500	short-read	SAMEA4753513					39725824	39143857	10602	11978	926	4455	138447	74		51.5	Assembly of M.oryzae isolate BF17 genome	False	False
GCA_031466495.1	Pyricularia oryzae	UFVPY110	318829	Scaffold	current	2023-09-14	University of Kentucky		Illumina NovaSeq	short-read	SAMN33023234	Urochloa brizantha		Brazil	2018	40075611	39705218	8015	11899	991	3793	38125	296		51.5	ASM3146649v1	False	False
GCA_001675595.1	Pyricularia oryzae	BdJes16-1	318829	Scaffold	current	2016-06-23	International Wheat Blast Consortium		Illumina MiSeq	short-read	SAMN04942531	Triticum aestivum	wheat head	Bangladesh: Jessore district	2016-03	41344138	40636890	9202	11882	1011	7154	18877	633		51	ASM167559v1	False	False
GCA_905109865.1	Pyricularia oryzae		318829	Scaffold	current	2020-11-22	UNIVERSITY OF EXETER		Illumina HiSeq 2500	short-read	SAMEA4753517					40503273	39937477	10988	11762	969	4992	127476	87		51.5	Assembly of M.oryzae isolate JUM1 genome	False	False
GCA_012490805.1	Pyricularia oryzae	PR01-37.V.3.07	318829	Contig	current	2020-04-17	CAAS,Chinese Academy of Agricultural Sciences		Illumina Solexa	short-read	SAMN14557268	wheat		Brazil	2018-11	40186092	40186092	4727	11731	1056	4727	11731	1056		50.5	ASM1249080v1	False	False
GCA_000734345.1	Pyricularia oryzae	GD22	318829	Contig	current	2014-07-28	Seoul National University		Illumina GAIIx	short-read	SAMN02740627		rice	China: Guangdong	2001	36982960	36982960	7027	11665	909	7027	11665	909		51.5	MoGD22	False	False
GCA_905114715.1	Pyricularia oryzae		318829	Scaffold	current	2020-12-15	UNIVERSITY OF EXETER		Illumina HiSeq 2500	short-read	SAMEA4753522					39600383	39058209	10939	11401	971	5080	115527	90		51.5	Assembly of M.oryzae isolate NG0110 genome	False	False
GCA_905114735.1	Pyricularia oryzae		318829	Scaffold	current	2020-11-22	UNIVERSITY OF EXETER		Illumina HiSeq 2500	short-read	SAMEA4753524					39800748	39215724	11216	11137	1001	5339	130820	76		51.5	Assembly of M.oryzae isolate NG0153 genome	False	False
GCA_905104965.1	Pyricularia oryzae		318829	Scaffold	current	2020-11-22	UNIVERSITY OF EXETER		Illumina HiSeq 2500	short-read	SAMEA4753516					40010648	39414379	12548	11063	1051	6335	124287	79		51.5	Assembly of M.oryzae isolate BN0293 genome	False	False
GCA_012490815.1	Pyricularia oryzae	PR01-37.V.1.05	318829	Contig	current	2020-04-17	CAAS,Chinese Academy of Agricultural Sciences		Illumina Solexa	short-read	SAMN14329444	wheat		Brazil	2018-11	38497009	38497009	4774	10922	1075	4774	10922	1075		51	ASM1249081v1	False	False
GCA_000734235.1	Pyricularia oryzae	HB12	318829	Contig	current	2014-07-28	Seoul National University		Illumina GAIIx	short-read	SAMN02740630		rice	China: Hubei	2002	36716275	36716275	7622	10757	975	7622	10757	975		51.5	MoHB12	False	False
GCA_000734515.1	Pyricularia oryzae	K91-13	318829	Contig	current	2014-07-28	Seoul National University		Illumina GAIIx	short-read	SAMN02742167		rice	South Korea: Kyongnam	1991	36446887	36446887	7603	10608	988	7603	10608	988		51.5	ASM73451v1	False	False
GCA_000734495.1	Pyricularia oryzae	K88-24	318829	Contig	current	2014-07-28	Seoul National University		Illumina GAIIx	short-read	SAMN02742165		rice	South Korea: Kangwon	1988	36288354	36288354	7725	10514	1001	7725	10514	1001		51.5	ASM73449v1	False	False
GCA_031001895.1	Pyricularia oryzae	UFVPY118	318829	Scaffold	current	2023-08-30	University of Kentucky		Illumina NovaSeq	short-read	SAMN33023181	Urochla brizantha		Brazil	2018	39978738	39599089	8950	10459	1122	4774	25643	462		51.5	ASM3100189v1	False	False
GCA_031211395.1	Pyricularia oryzae	RN1	318829	Scaffold	current	2023-09-07	University of Kentucky		Illumina NovaSeq	short-read	SAMN33023130	Zingiber officinale		Brazil	1986	37840603	37533387	10340	10099	1101	6023	24999	460		50	ASM3121139v1	False	False
GCA_000734595.1	Pyricularia oryzae	K91-10	318829	Contig	current	2014-07-28	Seoul National University		Illumina GAIIx	short-read	SAMN02742166		rice	South Korea	1991	36384190	36384190	7786	10077	1040	7786	10077	1040		51.5	ASM73459v1	False	False
GCA_052858105.1	Pyricularia oryzae	YN040	318829	Scaffold	current	2025-09-26	Yunnan Agricultural University		Illumina HiSeq 2000	short-read	SAMN26000492	Oryza sativa		China: Yunnan	2011-08-12	35550273	34408198	9296	10037	1003	883	134970	79		52	ASM5285810v1	False	False
GCA_000734655.1	Pyricularia oryzae	K98-10	318829	Contig	current	2014-07-28	Seoul National University		Illumina GAIIx	short-read	SAMN02742173		rice	South Korea: Chungnam	1998	37097895	37097895	8594	10036	1061	8594	10036	1061		51	ASM73465v1	False	False
GCA_000734405.1	Pyricularia oryzae	HN06	318829	Contig	current	2014-07-28	Seoul National University		Illumina GAIIx	short-read	SAMN02740631		rice	China: Hunan	2002	36113398	36113398	7798	9967	1064	7798	9967	1064		51.5	MoHN06	False	False
GCA_031208675.1	Pyricularia oryzae	UFVPY121	318829	Scaffold	current	2023-09-07	University of Kentucky		Illumina NovaSeq	short-read	SAMN32979421	Urochloa brizantha		Brazil	2018	40493166	40027141	9286	9967	1181	3894	38129	284		51.5	ASM3120867v1	False	False
GCA_000734395.1	Pyricularia oryzae	GX01	318829	Contig	current	2014-07-28	Seoul National University		Illumina GAIIx	short-read	SAMN02740629		rice	China: Guangxi	2001	36788781	36788781	8371	9897	1078	8371	9897	1078		51.5	MoGX01	False	False
GCA_000734575.1	Pyricularia oryzae	K88-07	318829	Contig	current	2014-07-28	Seoul National University		Illumina GAIIx	short-read	SAMN02742164		rice	South Korea: Chonbuk	1988	35571426	35571426	7624	9888	1051	7624	9888	1051		51.5	ASM73457v1	False	False
GCA_000734275.1	Pyricularia oryzae	SC05	318829	Contig	current	2014-07-28	Seoul National University		Illumina GAIIx	short-read	SAMN02740636		rice	China: Sichuan	2001	36679878	36679878	8190	9793	1092	8190	9793	1092		51.5	MoSC05	False	False
GCA_031306055.1	Pyricularia oryzae	U270	318829	Scaffold	current	2023-09-08	University of Kentucky		Illumina NovaSeq	short-read	SAMN32979412	Eleusine indica		Uruguay	2019	43845043	43723824	9384	9752	1359	7073	13678	944		50	ASM3130605v1	False	False
GCA_002924665.1	Pyricularia oryzae	WHTQ	318829	Scaffold	current	2018-02-08	International Wheat Blast Consortium		Illumina HiSeq	short-read	SAMN08009580	Triticum aestivum		Brazil	missing	42478152	41044336	11752	9731	1204	3811	37322	309		50.5	ASM292466v1	False	False
GCA_001675615.1	Pyricularia oryzae	BdBar16-1	318829	Scaffold	current	2016-06-23	International Wheat Blast Consortium		Illumina MiSeq	short-read	SAMN04940126	Triticum aestivum	wheat head	Bangladesh: Barisal	2016-03	42084471	41523175	11699	9547	1285	10105	12951	959		50.5	ASM167561v1	False	False
GCA_000734455.1	Pyricularia oryzae	K84-01	318829	Contig	current	2014-07-28	Seoul National University		Illumina GAIIx	short-read	SAMN02742163		rice	South Korea: Chonbuk	1984	36391227	36391227	8119	9390	1118	8119	9390	1118		51.5	MoK84-01	False	False
GCA_000734105.1	Pyricularia oryzae	1836.3	318829	Contig	current	2014-07-28	Seoul National University		Illumina GAIIx	short-read	SAMN02739929		rice	Japan: Niigata	1976	35818083	35818083	7899	9241	1127	7899	9241	1127		51.5	Mo1836.3	False	False
GCA_000734185.1	Pyricularia oryzae	903.4	318829	Contig	current	2014-07-28	Seoul National University		Illumina GAIIx	short-read	SAMN02739936		rice	Japan: Tochigi	1976	36211322	36211322	8248	9108	1144	8248	9108	1144		51.5	Mo903.4	False	False
GCA_000734155.1	Pyricularia oryzae	4403.2	318829	Contig	current	2014-07-28	Seoul National University		Illumina GAIIx	short-read	SAMN02739933		rice	Japan	1976	36260258	36260258	8416	9076	1150	8416	9076	1150		51.5	Mo4403.2	False	False
GCA_000734425.1	Pyricularia oryzae	JL10	318829	Contig	current	2014-07-28	Seoul National University		Illumina GAIIx	short-read	SAMN02740632		rice	China: Jilin	2002	36315912	36315912	8649	8923	1170	8649	8923	1170		51.5	MoJL10	False	False
GCA_000734165.1	Pyricularia oryzae	401.4	318829	Contig	current	2014-07-28	Seoul National University		Illumina GAIIx	short-read	SAMN02739935		rice	Japan: Miyagi	1976	36036965	36036965	8275	8875	1162	8275	8875	1162		51.5	Mo401.4	False	False
GCA_000734325.1	Pyricularia oryzae	CQ11	318829	Contig	current	2014-07-28	Seoul National University		Illumina GAIIx	short-read	SAMN02740626		rice	China: Chongqing	2000	36263528	36263528	8541	8761	1177	8541	8761	1177		51.5	MoCQ11	False	False
GCA_000734265.1	Pyricularia oryzae	NX37	318829	Contig	current	2014-07-28	Seoul National University		Illumina GAIIx	short-read	SAMN02740634		rice	China: Ningxia	2001	35871377	35871377	8518	8745	1161	8518	8745	1161		51.5	MoNX37	False	False
GCA_000734085.1	Pyricularia oryzae	1801.4	318829	Contig	current	2014-07-28	Seoul National University		Illumina GAIIx	short-read	SAMN02739928		rice	Japan: Niigata	1976	35759866	35759866	8396	8645	1188	8396	8645	1188		51.5	Mo1801.4	False	False
GCA_000734675.1	Pyricularia oryzae	GOV41	318829	Contig	current	2014-07-28	Seoul National University		Illumina GAIIx	short-read	SAMN02742174		rice	South Korea	2002	35946122	35946122	8535	8645	1185	8535	8645	1185		51.5	ASM73467v1	False	False
GCA_000734785.1	Pyricularia oryzae	PR72	318829	Contig	current	2014-07-28	Seoul National University		Illumina GAIIx	short-read	SAMN02742176		rice	Portugal	1992	35801870	35801870	8427	8633	1208	8427	8633	1208		51.5	ASM73478v1	False	False
GCA_000734685.1	Pyricularia oryzae	IT10	318829	Contig	current	2014-07-28	Seoul National University		Illumina GAIIx	short-read	SAMN02742175		rice	Italy	1989	36255505	36255505	8855	8613	1211	8855	8613	1211		51.5	ASM73468v1	False	False
GCA_905114725.1	Pyricularia oryzae		318829	Scaffold	current	2020-12-15	UNIVERSITY OF EXETER		Illumina HiSeq 2500	short-read	SAMEA4753523					39852204	39250902	12923	8558	1338	5338	109842	90		51.5	Assembly of M.oryzae isolate NG0135 genome	False	False
GCA_000734605.1	Pyricularia oryzae	K93-16	318829	Contig	current	2014-07-28	Seoul National University		Illumina GAIIx	short-read	SAMN02742169		rice	South Korea: Kyonggi	1993	35967056	35967056	8881	8241	1260	8881	8241	1260		51	ASM73460v1	False	False
GCA_000734705.1	Pyricularia oryzae	BM1-24	318829	Contig	current	2014-07-28	Seoul National University		Illumina GAIIx	short-read	SAMN02742257		rice	USA	1991	36235577	36235577	9429	8132	1289	9429	8132	1289		51	ASM73470v1	False	False
GCA_000734755.1	Pyricularia oryzae	K98-02	318829	Contig	current	2014-07-28	Seoul National University		Illumina GAIIx	short-read	SAMN02742172		rice	South Korea: Chungbuk	1998	36003397	36003397	9277	7993	1279	9277	7993	1279		51	ASM73475v1	False	False
GCA_000734525.1	Pyricularia oryzae	K91-30	318829	Contig	current	2014-07-28	Seoul National University		Illumina GAIIx	short-read	SAMN02742168		rice	South Korea: Kangwon	1991	35669262	35669262	9213	7980	1297	9213	7980	1297		51	ASM73452v1	False	False
GCA_000734735.1	Pyricularia oryzae	CA205	318829	Contig	current	2014-07-28	Seoul National University		Illumina GAIIx	short-read	SAMN02742258		rice	USA	1997	36003007	36003007	9152	7951	1307	9152	7951	1307		51	ASM73473v1	False	False
GCA_000734635.1	Pyricularia oryzae	K96-11	318829	Contig	current	2014-07-28	Seoul National University		Illumina GAIIx	short-read	SAMN02742171		rice	South Korea: Kyonggi	1996	35774258	35774258	9202	7918	1310	9202	7918	1310		51	ASM73463v1	False	False
GCA_000734555.1	Pyricularia oryzae	K96-07	318829	Contig	current	2014-07-28	Seoul National University		Illumina GAIIx	short-read	SAMN02742170		rice	South Korea: Kyonggi	1996	35613849	35613849	9452	7567	1352	9452	7567	1352		51	ASM73455v1	False	False
GCA_002925325.1	Pyricularia oryzae	Br130	318829	Scaffold	current	2018-02-08	International Wheat Blast Consortium		Illumina HiSeq	short-read	SAMN08009547	Triticum aestivum		Brazil: Mato Grosso do Sul	1990	40219488	38300467	15297	6345	1822	3120	46950	268		51.5	ASM292532v1	False	False
GCA_905114755.1	Pyricularia oryzae		318829	Scaffold	current	2020-12-15	UNIVERSITY OF EXETER		Illumina HiSeq 2500	short-read	SAMEA4753525					39965636	39183188	16173	6146	1812	5349	125683	80		51	Assembly of M.oryzae isolate TG004 genome	False	False
GCA_905114645.1	Pyricularia oryzae		318829	Scaffold	current	2020-12-15	UNIVERSITY OF EXETER		Illumina HiSeq 2500	short-read	SAMEA4753520					39832145	38998128	16341	6043	1813	5886	119152	85		51.5	Assembly of M.oryzae isolate KE255 genome	False	False
GCA_052856475.1	Pyricularia oryzae	YN561	318829	Scaffold	current	2025-09-26	Yunnan Agricultural University		Illumina HiSeq 2000	short-read	SAMN26000560	Oryza sativa		China: Yunnan	1995-09-16	35494232	33446384	9787	6037	1715	1043	105224	96		52.5	ASM5285647v1	False	False
GCA_905114745.1	Pyricularia oryzae		318829	Scaffold	current	2020-12-15	UNIVERSITY OF EXETER		Illumina HiSeq 2500	short-read	SAMEA4751774					37299722	36626294	30734	4935	2160	11989	22628	447		51	Assembly of M.oryzae isolate TH3 genome	False	False
GCA_012978465.1	Pyricularia oryzae	Lc8401	318829	Scaffold	current	2020-05-06	International Wheat Blast Consortium		Illumina MiniSeq	short-read	SAMN14144146			not applicable	not applicable	40283419	39572915	15979	4254	2772	13686	5516	2220		50.5	ASM1297846v1	False	False
GCA_013423145.1	Pyricularia oryzae	Lc8401	318829	Scaffold	current	2020-07-17	International Wheat Blast Consortium		Illumina MiSeq	short-read	SAMN14603773			not applicable	not applicable	40283415	39572911	15979	4254	2772	13686	5516	2220		50.5	ASM1342314v1	False	False
GCA_002924695.1	Pyricularia oryzae	WBSS	318829	Scaffold	current	2018-02-08	International Wheat Blast Consortium		Illumina GAII	short-read	SAMN08009579	Triticum aestivum		Brazil	missing	39236975	39235175	22928	2964	3998	22748	2965	3997		51	ASM292469v1	False	False
GCA_001936935.1	Pyricularia oryzae	MG04	318829	Contig	current	2017-01-05	Centre for Cellular and Molecular Platforms		Illumina HiSeq	short-read	SAMN04216996	Eleusine coracana (finger millet)	neck	India: Bangalore	2012-09	39881187	39881187	41689	1430	8348	41689	1430	8348		50.5	ASM193693v1	False	False
GCA_031306085.1	Pyricularia oryzae	UFVPY158	318829	Scaffold	current	2023-09-08	University of Kentucky		Illumina NovaSeq	short-read	SAMN33023180	Urochloe brizantha		Brazil	2018	35951648	34836608	36416	1297	8409	11271	5661	1948		52	ASM3130608v1	False	False
GCA_905114105.1	Pyricularia oryzae		318829	Scaffold	current	2020-12-15	UNIVERSITY OF EXETER		Illumina HiSeq 2500	short-read	SAMEA4753519					38854174	35889696	57392	921	11700	9941	15865	664		51	Assembly of M.oryzae isolate KE210 genome	False	False
GCA_977071195.1	Pyricularia oryzae 70-15		242507	Contig	current	2025-11-29	The John Innes Centre		ILLUMINA	short-read	SAMEA120103420			United Kingdom	2024-11-22	40611171	40611171	5584	176621	59	5584	176621	59		51	TN0096_assembly	False	False
GCA_977071165.1	Pyricularia oryzae 70-15		242507	Contig	current	2025-11-29	The John Innes Centre		ILLUMINA	short-read	SAMEA120103414			United Kingdom	2024-11-22	40572079	40572079	5405	176617	60	5405	176617	60		51	TG0016_assembly	False	False
GCA_977071235.1	Pyricularia oryzae 70-15		242507	Contig	current	2025-11-29	The John Innes Centre		ILLUMINA	short-read	SAMEA120103424			United Kingdom	2024-11-22	40511566	40511566	5823	174103	56	5823	174103	56		51	BN0040_assembly	False	False
GCA_977071185.1	Pyricularia oryzae 70-15		242507	Contig	current	2025-11-29	The John Innes Centre		ILLUMINA	short-read	SAMEA120103413			United Kingdom	2024-11-22	40576945	40576945	5803	167662	59	5803	167662	59		51	TN0019_assembly	False	False
GCA_977071215.1	Pyricularia oryzae 70-15		242507	Contig	current	2025-11-29	The John Innes Centre		ILLUMINA	short-read	SAMEA120103416			United Kingdom	2024-11-22	40585601	40585601	5708	167657	63	5708	167657	63		51	TN0068_assembly	False	False
GCA_977071145.1	Pyricularia oryzae 70-15		242507	Contig	current	2025-11-29	The John Innes Centre		ILLUMINA	short-read	SAMEA120103423			United Kingdom	2024-11-22	40496828	40496828	5506	167649	61	5506	167649	61		51	KE493_assembly	False	False
GCA_977071285.1	Pyricularia oryzae 70-15		242507	Contig	current	2025-11-29	The John Innes Centre		ILLUMINA	short-read	SAMEA120103418			United Kingdom	2024-11-22	40699416	40699416	5688	164199	59	5688	164199	59		51	TN0073_assembly	False	False
GCA_977071305.1	Pyricularia oryzae 70-15		242507	Contig	current	2025-11-29	The John Innes Centre		ILLUMINA	short-read	SAMEA120103422			United Kingdom	2024-11-22	40343318	40343318	5284	164125	61	5284	164125	61		51	KE489_assembly	False	False
GCA_977071225.1	Pyricularia oryzae 70-15		242507	Contig	current	2025-11-29	The John Innes Centre		ILLUMINA	short-read	SAMEA120103419			United Kingdom	2024-11-22	40010630	40010630	5385	160468	63	5385	160468	63		51	TN0078_assembly	False	False
GCA_977071265.1	Pyricularia oryzae 70-15		242507	Contig	current	2025-11-29	The John Innes Centre		ILLUMINA	short-read	SAMEA120103417			United Kingdom	2024-11-22	40026905	40026905	5456	159271	63	5456	159271	63		51	TN0070_assembly	False	False
GCA_977071255.1	Pyricularia oryzae 70-15		242507	Contig	current	2025-11-29	The John Innes Centre		ILLUMINA	short-read	SAMEA120103427			United Kingdom	2024-11-22	40862423	40862423	7207	158515	65	7207	158515	65		51	ML0066_assembly	False	False
GCA_977071205.1	Pyricularia oryzae 70-15		242507	Contig	current	2025-11-29	The John Innes Centre		ILLUMINA	short-read	SAMEA120103421			United Kingdom	2024-11-22	40432347	40432347	5998	157875	60	5998	157875	60		51	NG0191_assembly	False	False
GCA_977071155.1	Pyricularia oryzae 70-15		242507	Contig	current	2025-11-29	The John Innes Centre		ILLUMINA	short-read	SAMEA120103415			United Kingdom	2024-11-22	39988342	39988342	5235	155803	68	5235	155803	68		51	TN0050_assembly	False	False
GCA_977071275.1	Pyricularia oryzae 70-15		242507	Contig	current	2025-11-29	The John Innes Centre		ILLUMINA	short-read	SAMEA120103425			United Kingdom	2024-11-22	41716912	41716912	6928	153494	64	6928	153494	64		51	BN0192_assembly	False	False
GCA_977071295.1	Pyricularia oryzae 70-15		242507	Contig	current	2025-11-29	The John Innes Centre		ILLUMINA	short-read	SAMEA120103426			United Kingdom	2024-11-22	40946671	40946671	7345	152144	68	7345	152144	68		51	ML0063_assembly	False	False
GCA_000376685.2	Pyricularia oryzae KJ201	KJ201	1271791	Scaffold	current	2014-04-21	Seoul National University		Illumina	short-read	SAMN02730190	rice		South Korea		45096509	41716782	3188	25520	471	123	2318557	7		51	MoKJ201_3	False	False
GCA_000475075.1	Pyricularia oryzae HN19311	HN19311	1405377	Scaffold	current	2013-10-21	The Ohio State University, Department of Plant Pathology		Illumina GAII	short-read	SAMN02216973	Rice		China: Hunan Province	2004	36657487	36656524	3014	147471	67	2998	147471	67		52	HN19311_genome_assembly	False	False
GCA_000498135.1	Pyricularia oryzae FJ81278	FJ81278	1405378	Scaffold	current	2013-10-21	The Ohio State University, Department of Plant Pathology		Illumina GAII	short-read	SAMN02215332	Rice		China: Fujian Province	1981-01-01	37873929	37863858	3783	115753	93	3518	151964	69		51.5	FJ81278_genome_assembly	False	False
GCA_000292585.1	Pyricularia oryzae Y34	Y34	1143189	Scaffold	current	2013-01-04	China Agricultural University		Sanger; 454 GS FLX Titanium	hybrid (short-read+sanger)	SAMN02981398	Oryza sativa L. ssp. indica	infected leaf	China: Yunnan		38872417	38379988	2114	52974	209	1198	106863	92		51.5	MoY34_2.0	False	False
GCA_003990535.1	Pyricularia oryzae Mo-nwi-31	Mo-nwi-31	1440152	Contig	current	2019-01-02	National Research Centre on Plant Biotechnology		Illumina HiSeq	short-read	SAMN07817530					37300819	37300819	3416	39892	271	3416	39892	271		51.5	Moryzae-RP-2421.1.0	False	False
GCA_000832285.1	Pyricularia oryzae B157	B157	1348879	Contig	current	2015-02-04	Centre for Cellular and Molecular Plateforms		Illumina HiSeq	short-read	SAMN03329169	rice plants		India: Andhra Pradesh	1989-08	37757427	37757427	5735	15455	726	5735	15455	726		51.5	M_oryzae_b157_v1	False	False
GCA_000969745.1	Pyricularia oryzae MG01	MG01	1419113	Contig	current	2015-04-06	Centre for Cellular and Molecular Plateforms		Illumina	short-read	SAMN02397294	Oryza sativa	leaf	India: Mandya	2011-10	38999079	38999079	7722	13722	823	7722	13722	823		51	M_ oryzae_MG01_v1	False	False
GCA_002021675.1	Pyricularia oryzae Mo-nwi-55	Mo-nwi-55	1440153	Contig	current	2017-03-06	National Research Centre on Plant Biotechnology		454	short-read	SAMN02688647	Oryza sativa	Rice leaves	India: North-Western Himalyan region	2010-09-15	37764501	37764501	7002	10409	1061	7002	10409	1061		51.5	Moryzae-RML-29.1.0	False	False
GCA_000376765.1	Pyricularia oryzae 4091-5-8	4091-5-8	1274781	Contig	current	2013-04-22	Seoul National University		Illumina GAIIx	short-read	SAMN02981493	weeping lovegrass				37519115	37519115	8886	8761	1253	8886	8761	1253		50.5	Mo4091-5-8_1.0	False	False
GCA_055472535.1	Pyricularia oryzae	Su-1	318829	Scaffold	current	2026-02-24	Yunnan Agricultural University		Illumina HiSeq 2000	short-read	SAMN26000602	not collected		not collected	not collected	35092245	34974257	1178	98207	112	405	421020	22		52	ASM5547253v1	False	False
GCA_055472275.1	Pyricularia oryzae	YN540	318829	Scaffold	current	2026-02-24	Yunnan Agricultural University		Illumina HiSeq 2000	short-read	SAMN26000556	Oryza sativa		China: Yunnan	1996-10-12	35931754	35794996	1412	72013	136	510	421122	28		52	ASM5547227v1	False	False
GCA_055472615.1	Pyricularia oryzae	H-1	318829	Scaffold	current	2026-02-24	Yunnan Agricultural University		Illumina HiSeq 2000	short-read	SAMN26000590	Oryza sativa		China: Henan	2013-08-22	35409798	35284186	1159	71620	138	580	168961	57		52	ASM5547261v1	False	False
GCA_055472555.1	Pyricularia oryzae	S-1	318829	Scaffold	current	2026-02-24	Yunnan Agricultural University		Illumina HiSeq 2000	short-read	SAMN26000601	Oryza sativa		China: Sichuan	2015-07-15	36003714	35788988	1637	68626	153	639	242699	37		52	ASM5547255v1	False	False
GCA_055472455.1	Pyricularia oryzae	YN033	318829	Scaffold	current	2026-02-24	Yunnan Agricultural University		Illumina HiSeq 2000	short-read	SAMN26000491	Oryza sativa		China: Yunnan	2011-08-12	35374064	35222868	1290	62128	163	594	188410	53		52	ASM5547245v1	False	False
GCA_055472435.1	Pyricularia oryzae	YN099	318829	Scaffold	current	2026-02-24	Yunnan Agricultural University		Illumina HiSeq 2000	short-read	SAMN26000499	Oryza sativa		China: Yunnan	2007-10-08	35385786	35219124	1330	61403	167	618	188292	53		52	ASM5547243v1	False	False
GCA_055472395.1	Pyricularia oryzae	YN123	318829	Scaffold	current	2026-02-24	Yunnan Agricultural University		Illumina HiSeq 2000	short-read	SAMN26000501	Oryza sativa		China: Yunnan	1997-09-20	35392767	35232982	1304	61092	164	611	178827	57		52	ASM5547239v1	False	False
GCA_055472415.1	Pyricularia oryzae	YN100	318829	Scaffold	current	2026-02-24	Yunnan Agricultural University		Illumina HiSeq 2000	short-read	SAMN26000500	Oryza sativa		China: Yunnan	1997-09-20	35444847	35283221	1289	58671	173	601	155692	61		52	ASM5547241v1	False	False
GCA_055472635.1	Pyricularia oryzae	0-249	318829	Scaffold	current	2026-02-24	Yunnan Agricultural University		Illumina HiSeq 2000	short-read	SAMN26000587	Oryza sativa		India	not collected	35556313	35376998	1417	58388	179	590	198844	46		52	ASM5547263v1	False	False
GCA_055472495.1	Pyricularia oryzae	YN029	318829	Scaffold	current	2026-02-24	Yunnan Agricultural University		Illumina HiSeq 2000	short-read	SAMN26000489	Oryza sativa		China: Yunnan	2011-08-12	35743321	35581891	1799	57856	182	512	355551	28		52	ASM5547249v1	False	False
GCA_055472595.1	Pyricularia oryzae	Hei-2	318829	Scaffold	current	2026-02-24	Yunnan Agricultural University		Illumina HiSeq 2000	short-read	SAMN26000593	Oryza sativa		China: Heilongjiang	2013-09-10	35331033	35181659	1302	57188	178	612	155823	63		52	ASM5547259v1	False	False
GCA_055472335.1	Pyricularia oryzae	YN217	318829	Scaffold	current	2026-02-24	Yunnan Agricultural University		Illumina HiSeq 2000	short-read	SAMN26000514	Oryza sativa		China: Yunnan	2007-10-08	35318106	35152557	1318	56495	183	644	136281	74		52	ASM5547233v1	False	False
GCA_055472515.1	Pyricularia oryzae	T-1	318829	Scaffold	current	2026-02-24	Yunnan Agricultural University		Illumina HiSeq 2000	short-read	SAMN26000604	Oryza sativa		Thailand	not collected	35904240	35644440	1853	55020	189	651	280364	37		52	ASM5547251v1	False	False
GCA_055472375.1	Pyricularia oryzae	YN132	318829	Scaffold	current	2026-02-24	Yunnan Agricultural University		Illumina HiSeq 2000	short-read	SAMN26000503	Oryza sativa		China: Yunnan	1997-09-20	35241991	35083395	1301	54866	176	622	145456	71		52	ASM5547237v1	False	False
GCA_055472475.1	Pyricularia oryzae	YN030	318829	Scaffold	current	2026-02-24	Yunnan Agricultural University		Illumina HiSeq 2000	short-read	SAMN26000490	Oryza sativa		China: Yunnan	2011-08-12	35670133	35497632	1836	52859	193	497	340657	28		52	ASM5547247v1	False	False
GCA_055472325.1	Pyricularia oryzae	YN451	318829	Scaffold	current	2026-02-24	Yunnan Agricultural University		Illumina HiSeq 2000	short-read	SAMN26000544	Oryza sativa		China: Yunnan	2008-09-24	35066157	34891190	1387	52773	204	683	117202	89		52	ASM5547232v1	False	False
GCA_055472295.1	Pyricularia oryzae	YN490	318829	Scaffold	current	2026-02-24	Yunnan Agricultural University		Illumina HiSeq 2000	short-read	SAMN26000555	Oryza sativa		China: Yunnan	2008-09-23	35138900	34776271	2775	28376	353	638	190776	49		52	ASM5547229v1	False	False
GCA_055472255.1	Pyricularia oryzae	YN567	318829	Scaffold	current	2026-02-24	Yunnan Agricultural University		Illumina HiSeq 2000	short-read	SAMN26000561	Oryza sativa		China: Yunnan	2008-09-23	35938359	35588014	3439	27169	394	607	262046	35		52	ASM5547225v1	False	False
GCA_055472575.1	Pyricularia oryzae	RB22	318829	Scaffold	current	2026-02-24	Yunnan Agricultural University		Illumina HiSeq 2000	short-read	SAMN26000588	Oryza sativa		China	not collected	35612785	35327782	3283	26749	411	549	306725	33		52	ASM5547257v1	False	False
