Run	ReleaseDate	LoadDate	spots	bases	spots_with_mates	avgLength	size_MB	AssemblyName	download_path	Experiment	LibraryName	LibraryStrategy	LibrarySelection	LibrarySource	LibraryLayout	InsertSize	InsertDev	Platform	Model	SRAStudy	BioProject	Study_Pubmed_id	ProjectID	Sample	BioSample	SampleType	TaxID	ScientificName	SampleName	g1k_pop_code	source	g1k_analysis_group	Subject_ID	Sex	Disease	Tumor	Affection_Status	Analyte_Type	Histological_Type	Body_Site	CenterName	Submission	dbgap_study_accession	Consent	RunHash	ReadHash
DRR1081607	2026-08-06 22:52:47	2026-08-06 22:53:24	10721081	3216324300	10721081	300	1159		https://sra-downloadb.be-md.ncbi.nlm.nih.gov/sos13/sra-pub-zq-1307/DRR001/1081/DRR1081607/DRR1081607.lite.1	DRX1057181		WGS	size fractionation	GENOMIC	PAIRED	0	0	ILLUMINA	Illumina NovaSeq 6000	DRP016880	PRJDB39920		1397041	DRS767287	SAMD01950959	simple	318829	Pyricularia oryzae	SAMD01950959							no					KOBE UNIVERSITY	DRA029562		public	243AC948358D0907908BD26C0C503FCD	4A891037A339F9A8C8D64471F00BA2ED
DRR1081608	2026-08-06 22:52:47	2026-08-06 22:51:58	11097944	3329383200	11097944	300	1196		https://sra-downloadb.be-md.ncbi.nlm.nih.gov/sos13/sra-pub-zq-1307/DRR001/1081/DRR1081608/DRR1081608.lite.1	DRX1057182		WGS	size fractionation	GENOMIC	PAIRED	0	0	ILLUMINA	Illumina NovaSeq 6000	DRP016880	PRJDB39920		1397041	DRS767288	SAMD01950960	simple	318829	Pyricularia oryzae	SAMD01950960							no					KOBE UNIVERSITY	DRA029562		public	F3B0EA749C1A73D6DDC2C0964C0BDA0B	7ACED2DEEC4D5FC191A73D3CBBDDA959
ERR17700529	2026-08-12 06:44:22	2026-08-20 16:29:30	2812676	843802800	2812676	300	249		https://sra-downloadb.be-md.ncbi.nlm.nih.gov/sos11/sra-pub-zq-1140/ERR017/17700/ERR17700529/ERR17700529.lite.1	ERX17091333	ZMW23_56	WGS	unspecified	GENOMIC	PAIRED	0	0	ILLUMINA	Illumina NovaSeq 6000	ERP203542	PRJEB123603		1510978	ERS31049667	SAMEA123300843	simple	318829	Pyricularia oryzae	SAMEA123300843							no					THE SAINSBURY LABORATORY	ERA36821284		public	8854B22EA7ACA4D57DCA7CD158BFD3FF	CCE9723894E7DD547329810459ED5165
ERR17700530	2026-08-14 23:14:06	2026-08-15 14:16:28	3424992	1027497600	3424992	300	303		https://sra-downloadb.be-md.ncbi.nlm.nih.gov/sos12/sra-pub-zq-1216/ERR017/17700/ERR17700530/ERR17700530.lite.1	ERX17091337	ZMW23_83	WGS	unspecified	GENOMIC	PAIRED	0	0	ILLUMINA	Illumina NovaSeq 6000	ERP203542	PRJEB123603		1510978	ERS31049671	SAMEA123300847	simple	318829	Pyricularia oryzae	SAMEA123300847							no					THE SAINSBURY LABORATORY	ERA36821284		public	16AD65C1ECA31DDB488984694E35ABF1	81CDDD01DD1533A480A2B07CC4D7DE8A
ERR17700531	2026-08-13 01:19:42	2026-08-20 16:30:56	3834892	1150467600	3834892	300	324		https://sra-downloadb.be-md.ncbi.nlm.nih.gov/sos11/sra-pub-zq-1140/ERR017/17700/ERR17700531/ERR17700531.lite.1	ERX17091338	ZMW23_92	WGS	unspecified	GENOMIC	PAIRED	0	0	ILLUMINA	Illumina NovaSeq 6000	ERP203542	PRJEB123603		1510978	ERS31049672	SAMEA123300848	simple	318829	Pyricularia oryzae	SAMEA123300848							no					THE SAINSBURY LABORATORY	ERA36821284		public	823CF29683C425E26E9E61D504F74615	12228FA5866DBC4EC66ADA2E5173732A
ERR17700532	2026-08-13 01:48:42	2026-08-20 16:29:44	3472259	1041677700	3472259	300	303		https://sra-downloadb.be-md.ncbi.nlm.nih.gov/sos11/sra-pub-zq-1140/ERR017/17700/ERR17700532/ERR17700532.lite.1	ERX17091339	ZMW23_95	WGS	unspecified	GENOMIC	PAIRED	0	0	ILLUMINA	Illumina NovaSeq 6000	ERP203542	PRJEB123603		1510978	ERS31049673	SAMEA123300849	simple	318829	Pyricularia oryzae	SAMEA123300849							no					THE SAINSBURY LABORATORY	ERA36821284		public	14FF278A9A67F71D5AA6FC0B47CD4398	4802E73A18CA89ED0F29D7425BED265A
SRR40437027	2026-08-31 19:47:55	2026-08-31 19:43:22	26551246	7965373800	26551246	300	2409		https://sra-downloadb.be-md.ncbi.nlm.nih.gov/sos13/sra-pub-zq-1305/SRR040/40437/SRR40437027/SRR40437027.sralite.1	SRX35035018	T52	WGS	RANDOM	GENOMIC	PAIRED	0	0	ILLUMINA	Illumina HiSeq 2500	SRP322222	PRJNA320483		320483	SRS30548279	SAMN62803721	simple	318829	Pyricularia oryzae	T52							no					UNIVERSITY OF KENTUCKY	SRA2527969		public	82B2A3060886F95FFDBB3314A8F8D09C	924B0796936854614D35C9B68D46AB70
SRR40320346	2026-08-24 19:28:18	2026-08-24 19:23:37	22556128	6672342967	22556128	295	2226		https://sra-downloadb.be-md.ncbi.nlm.nih.gov/sos13/sra-pub-zq-1305/SRR040/40320/SRR40320346/SRR40320346.lite.1	SRX34934899	ALB10	WGS	RANDOM	GENOMIC	PAIRED	0	0	ILLUMINA	Illumina NovaSeq 6000	SRP730266	PRJNA1197378		1197378	SRS30464103	SAMN45804009	simple	318829	Pyricularia oryzae	ALB10							no					BRAZILIAN AGRICULTURAL RESEARCH CORPORATION	SRA2522262		public	0BA88377F3F44BE1E5F37B8443C10D9E	D7CEF09B3BFDAE65FABCAE4F961DEA2C
SRR40320340	2026-08-24 19:28:18	2026-08-24 19:24:03	13960915	4135747242	13960915	296	1379		https://sra-downloadb.be-md.ncbi.nlm.nih.gov/sos13/sra-pub-zq-1305/SRR040/40320/SRR40320340/SRR40320340.lite.1	SRX34934905	ALB11	WGS	RANDOM	GENOMIC	PAIRED	0	0	ILLUMINA	Illumina NovaSeq 6000	SRP730266	PRJNA1197378		1197378	SRS30464109	SAMN45804010	simple	318829	Pyricularia oryzae	ALB11							no					BRAZILIAN AGRICULTURAL RESEARCH CORPORATION	SRA2522262		public	A0516E55783410300B9B449446FF7BE9	BBEA50565AF57087A73BEB78C66A1A1B
SRR40320339	2026-08-24 19:28:18	2026-08-24 19:24:51	13426813	3951783022	13426813	294	1308		https://sra-downloadb.be-md.ncbi.nlm.nih.gov/sos13/sra-pub-zq-1305/SRR040/40320/SRR40320339/SRR40320339.lite.1	SRX34934906	ALB12	WGS	RANDOM	GENOMIC	PAIRED	0	0	ILLUMINA	Illumina NovaSeq 6000	SRP730266	PRJNA1197378		1197378	SRS30464110	SAMN45804011	simple	318829	Pyricularia oryzae	ALB12							no					BRAZILIAN AGRICULTURAL RESEARCH CORPORATION	SRA2522262		public	4EFD8958F59AE6D038C8E094F67566D8	84819E8DE783D1866F8C97D0B58EFF32
SRR40320338	2026-08-24 19:28:18	2026-08-24 19:22:50	13510404	4004219628	13510404	296	1341		https://sra-downloadb.be-md.ncbi.nlm.nih.gov/sos13/sra-pub-zq-1305/SRR040/40320/SRR40320338/SRR40320338.lite.1	SRX34934907	ALB13	WGS	RANDOM	GENOMIC	PAIRED	0	0	ILLUMINA	Illumina NovaSeq 6000	SRP730266	PRJNA1197378		1197378	SRS30464111	SAMN45804012	simple	318829	Pyricularia oryzae	ALB13							no					BRAZILIAN AGRICULTURAL RESEARCH CORPORATION	SRA2522262		public	B5C7519FC07E0D1F417B12E7BEB4C0A7	87C66CC4B3E507F76EF937316DC6CDC3
SRR40320337	2026-08-24 19:32:03	2026-08-24 19:28:02	29076558	8631545765	29076558	296	2915		https://sra-downloadb.be-md.ncbi.nlm.nih.gov/sos13/sra-pub-zq-1305/SRR040/40320/SRR40320337/SRR40320337.lite.1	SRX34934908	ALB14	WGS	RANDOM	GENOMIC	PAIRED	0	0	ILLUMINA	Illumina NovaSeq 6000	SRP730266	PRJNA1197378		1197378	SRS30464112	SAMN45804013	simple	318829	Pyricularia oryzae	ALB14							no					BRAZILIAN AGRICULTURAL RESEARCH CORPORATION	SRA2522262		public	6521522E120662468CC77A75AF7126D1	B2F9FD9D965CC6113D0CDF178F5D7742
SRR40320336	2026-08-24 19:32:03	2026-08-24 19:26:08	14729137	4358351078	14729137	295	1455		https://sra-downloadb.be-md.ncbi.nlm.nih.gov/sos13/sra-pub-zq-1305/SRR040/40320/SRR40320336/SRR40320336.lite.1	SRX34934909	ALB15	WGS	RANDOM	GENOMIC	PAIRED	0	0	ILLUMINA	Illumina NovaSeq 6000	SRP730266	PRJNA1197378		1197378	SRS30464113	SAMN45804014	simple	318829	Pyricularia oryzae	ALB15							no					BRAZILIAN AGRICULTURAL RESEARCH CORPORATION	SRA2522262		public	A85253EBB275439EAE12F3CEDD428093	E12C0BF86F8D6335A9D8A9170FE9A6A0
SRR40320335	2026-08-24 19:28:18	2026-08-24 19:25:07	17881939	5292380492	17881939	295	1770		https://sra-downloadb.be-md.ncbi.nlm.nih.gov/sos13/sra-pub-zq-1305/SRR040/40320/SRR40320335/SRR40320335.lite.1	SRX34934910	ALB16	WGS	RANDOM	GENOMIC	PAIRED	0	0	ILLUMINA	Illumina NovaSeq 6000	SRP730266	PRJNA1197378		1197378	SRS30464114	SAMN45804015	simple	318829	Pyricularia oryzae	ALB16							no					BRAZILIAN AGRICULTURAL RESEARCH CORPORATION	SRA2522262		public	2DEE7216FDA04E99ED93FDEE608978DC	B170F9B4AEBB4A6D6F4319E1391BAF36
SRR40320334	2026-08-24 19:28:18	2026-08-24 19:24:28	16168824	4782177951	16168824	295	1595		https://sra-downloadb.be-md.ncbi.nlm.nih.gov/sos13/sra-pub-zq-1305/SRR040/40320/SRR40320334/SRR40320334.lite.1	SRX34934911	ALB17	WGS	RANDOM	GENOMIC	PAIRED	0	0	ILLUMINA	Illumina NovaSeq 6000	SRP730266	PRJNA1197378		1197378	SRS30464115	SAMN45804016	simple	318829	Pyricularia oryzae	ALB17							no					BRAZILIAN AGRICULTURAL RESEARCH CORPORATION	SRA2522262		public	7763B13A7E17860484BD76DB29CCD67F	C2C05A926C27F86B213CE7716FA2F092
SRR40320356	2026-08-24 19:28:18	2026-08-24 19:23:16	14205408	4225726042	14205408	297	1427		https://sra-downloadb.be-md.ncbi.nlm.nih.gov/sos13/sra-pub-zq-1305/SRR040/40320/SRR40320356/SRR40320356.lite.1	SRX34934889	ALB18	WGS	RANDOM	GENOMIC	PAIRED	0	0	ILLUMINA	Illumina NovaSeq 6000	SRP730266	PRJNA1197378		1197378	SRS30464093	SAMN45804017	simple	318829	Pyricularia oryzae	ALB18							no					BRAZILIAN AGRICULTURAL RESEARCH CORPORATION	SRA2522262		public	F03F6A08A0A9951C3C48B9BD6DC19321	3A03BDF99B287A4460D74F1B4A3E58B0
SRR40320355	2026-08-24 19:28:18	2026-08-24 19:24:12	14194268	4202462481	14194268	296	1389		https://sra-downloadb.be-md.ncbi.nlm.nih.gov/sos13/sra-pub-zq-1305/SRR040/40320/SRR40320355/SRR40320355.lite.1	SRX34934890	ALB20	WGS	RANDOM	GENOMIC	PAIRED	0	0	ILLUMINA	Illumina NovaSeq 6000	SRP730266	PRJNA1197378		1197378	SRS30464094	SAMN45804018	simple	318829	Pyricularia oryzae	ALB20							no					BRAZILIAN AGRICULTURAL RESEARCH CORPORATION	SRA2522262		public	EB343E3EB9230CB9039CDD3332C3952F	B364678631BE09EBF42CAFFC6A6D32D4
SRR40320354	2026-08-24 19:33:25	2026-08-24 19:28:57	17240658	5104652662	17240658	296	1702		https://sra-downloadb.be-md.ncbi.nlm.nih.gov/sos13/sra-pub-zq-1305/SRR040/40320/SRR40320354/SRR40320354.lite.1	SRX34934891	ALB21	WGS	RANDOM	GENOMIC	PAIRED	0	0	ILLUMINA	Illumina NovaSeq 6000	SRP730266	PRJNA1197378		1197378	SRS30464095	SAMN45804019	simple	318829	Pyricularia oryzae	ALB21							no					BRAZILIAN AGRICULTURAL RESEARCH CORPORATION	SRA2522262		public	01EF71F9560F64D0DC8D4F6FA148DA31	903EB6D0F51BBE3410957432F69B2106
SRR40320353	2026-08-24 19:32:03	2026-08-24 19:26:36	15235431	4520958544	15235431	296	1520		https://sra-downloadb.be-md.ncbi.nlm.nih.gov/sos13/sra-pub-zq-1305/SRR040/40320/SRR40320353/SRR40320353.lite.1	SRX34934892	ALB22	WGS	RANDOM	GENOMIC	PAIRED	0	0	ILLUMINA	Illumina NovaSeq 6000	SRP730266	PRJNA1197378		1197378	SRS30464096	SAMN45804020	simple	318829	Pyricularia oryzae	ALB22							no					BRAZILIAN AGRICULTURAL RESEARCH CORPORATION	SRA2522262		public	FEA279CE3D3C60B87E11804F8E53F0E1	29BCAFFC8A425800B13229C9FBBEB028
SRR40320352	2026-08-24 19:32:03	2026-08-24 19:26:34	16152464	4779966309	16152464	295	1599		https://sra-downloadb.be-md.ncbi.nlm.nih.gov/sos13/sra-pub-zq-1305/SRR040/40320/SRR40320352/SRR40320352.lite.1	SRX34934893	ALB23	WGS	RANDOM	GENOMIC	PAIRED	0	0	ILLUMINA	Illumina NovaSeq 6000	SRP730266	PRJNA1197378		1197378	SRS30464097	SAMN45804021	simple	318829	Pyricularia oryzae	ALB23							no					BRAZILIAN AGRICULTURAL RESEARCH CORPORATION	SRA2522262		public	160AEBA2292FEB7691316ED47CEED2F7	E545AF20C9B02AE43F39705B9A7330CB
SRR40320351	2026-08-24 19:32:03	2026-08-24 19:25:40	18422432	5457896942	18422432	296	1806		https://sra-downloadb.be-md.ncbi.nlm.nih.gov/sos13/sra-pub-zq-1305/SRR040/40320/SRR40320351/SRR40320351.lite.1	SRX34934894	ALB24	WGS	RANDOM	GENOMIC	PAIRED	0	0	ILLUMINA	Illumina NovaSeq 6000	SRP730266	PRJNA1197378		1197378	SRS30464098	SAMN45804022	simple	318829	Pyricularia oryzae	ALB24							no					BRAZILIAN AGRICULTURAL RESEARCH CORPORATION	SRA2522262		public	F70396664AA35ED852CE6F909F5B5D82	BD317A360E9C5A230C1F19C8C669E05D
SRR40320350	2026-08-24 19:32:03	2026-08-24 19:25:32	16980050	5011415077	16980050	295	1662		https://sra-downloadb.be-md.ncbi.nlm.nih.gov/sos13/sra-pub-zq-1305/SRR040/40320/SRR40320350/SRR40320350.lite.1	SRX34934895	ALB25	WGS	RANDOM	GENOMIC	PAIRED	0	0	ILLUMINA	Illumina NovaSeq 6000	SRP730266	PRJNA1197378		1197378	SRS30464099	SAMN45804023	simple	318829	Pyricularia oryzae	ALB25							no					BRAZILIAN AGRICULTURAL RESEARCH CORPORATION	SRA2522262		public	8B7EF3EC20A52FB9F31C0062250FEB99	B69F6550A0B3827BC47B85335F82AA1F
SRR40320349	2026-08-24 19:28:18	2026-08-24 19:22:39	13884177	4105822685	13884177	295	1377		https://sra-downloadb.be-md.ncbi.nlm.nih.gov/sos13/sra-pub-zq-1305/SRR040/40320/SRR40320349/SRR40320349.lite.1	SRX34934896	ALB26	WGS	RANDOM	GENOMIC	PAIRED	0	0	ILLUMINA	Illumina NovaSeq 6000	SRP730266	PRJNA1197378		1197378	SRS30464100	SAMN45804024	simple	318829	Pyricularia oryzae	ALB26							no					BRAZILIAN AGRICULTURAL RESEARCH CORPORATION	SRA2522262		public	9AFE78A66E38A994A7EA9471781C2AFA	2C0D74578D1C03911E45FCD82D2AEDEA
SRR40320348	2026-08-24 19:32:03	2026-08-24 19:26:35	19871377	5888906483	19871377	296	1970		https://sra-downloadb.be-md.ncbi.nlm.nih.gov/sos13/sra-pub-zq-1305/SRR040/40320/SRR40320348/SRR40320348.lite.1	SRX34934897	ALB27	WGS	RANDOM	GENOMIC	PAIRED	0	0	ILLUMINA	Illumina NovaSeq 6000	SRP730266	PRJNA1197378		1197378	SRS30464101	SAMN45804025	simple	318829	Pyricularia oryzae	ALB27							no					BRAZILIAN AGRICULTURAL RESEARCH CORPORATION	SRA2522262		public	3F08C090545F2F5806A81B4D1EEA79A7	B3710DCB834EBE085DA050B0A010CFE2
SRR40320347	2026-08-24 19:28:18	2026-08-24 19:22:47	14114191	4195691938	14114191	297	1402		https://sra-downloadb.be-md.ncbi.nlm.nih.gov/sos13/sra-pub-zq-1305/SRR040/40320/SRR40320347/SRR40320347.lite.1	SRX34934898	ALB28	WGS	RANDOM	GENOMIC	PAIRED	0	0	ILLUMINA	Illumina NovaSeq 6000	SRP730266	PRJNA1197378		1197378	SRS30464102	SAMN45804026	simple	318829	Pyricularia oryzae	ALB28							no					BRAZILIAN AGRICULTURAL RESEARCH CORPORATION	SRA2522262		public	0AD7005292C9E17743626A7347489EA3	CD845C9B0D8772DFF549B7D2207B62B1
SRR40320345	2026-08-24 19:28:18	2026-08-24 19:24:21	21644645	6385986945	21644645	295	2130		https://sra-downloadb.be-md.ncbi.nlm.nih.gov/sos13/sra-pub-zq-1305/SRR040/40320/SRR40320345/SRR40320345.lite.1	SRX34934900	ALB29	WGS	RANDOM	GENOMIC	PAIRED	0	0	ILLUMINA	Illumina NovaSeq 6000	SRP730266	PRJNA1197378		1197378	SRS30464104	SAMN45804027	simple	318829	Pyricularia oryzae	ALB29							no					BRAZILIAN AGRICULTURAL RESEARCH CORPORATION	SRA2522262		public	B60CD9F6BEF2BBD43F985D5CAE6F8A9E	B9C10B66ADBD1C695953EEA6AAD5ECCC
SRR40320344	2026-08-24 19:28:18	2026-08-24 19:22:09	14038000	4157800799	14038000	296	1391		https://sra-downloadb.be-md.ncbi.nlm.nih.gov/sos13/sra-pub-zq-1305/SRR040/40320/SRR40320344/SRR40320344.lite.1	SRX34934901	ALB30	WGS	RANDOM	GENOMIC	PAIRED	0	0	ILLUMINA	Illumina NovaSeq 6000	SRP730266	PRJNA1197378		1197378	SRS30464105	SAMN45804028	simple	318829	Pyricularia oryzae	ALB30							no					BRAZILIAN AGRICULTURAL RESEARCH CORPORATION	SRA2522262		public	8F2AE256FBA70CBE9FEFC45F440056D6	56615C02BCD9ADC98B5E3684832A27E2
SRR40320343	2026-08-24 19:32:03	2026-08-24 19:26:26	18462542	5487376722	18462542	297	1858		https://sra-downloadb.be-md.ncbi.nlm.nih.gov/sos13/sra-pub-zq-1305/SRR040/40320/SRR40320343/SRR40320343.lite.1	SRX34934902	ALB31	WGS	RANDOM	GENOMIC	PAIRED	0	0	ILLUMINA	Illumina NovaSeq 6000	SRP730266	PRJNA1197378		1197378	SRS30464106	SAMN45804029	simple	318829	Pyricularia oryzae	ALB31							no					BRAZILIAN AGRICULTURAL RESEARCH CORPORATION	SRA2522262		public	D491CA7C17F0540540D8CAE6C1FBFEB0	85FF69E4767E65276CDADEE99FC0DC84
SRR40320342	2026-08-24 19:28:18	2026-08-24 19:24:18	15023296	4446305738	15023296	295	1491		https://sra-downloadb.be-md.ncbi.nlm.nih.gov/sos13/sra-pub-zq-1305/SRR040/40320/SRR40320342/SRR40320342.lite.1	SRX34934903	ALB32	WGS	RANDOM	GENOMIC	PAIRED	0	0	ILLUMINA	Illumina NovaSeq 6000	SRP730266	PRJNA1197378		1197378	SRS30464107	SAMN45804030	simple	318829	Pyricularia oryzae	ALB32							no					BRAZILIAN AGRICULTURAL RESEARCH CORPORATION	SRA2522262		public	F0C398FB335E25F5E1285A129125321B	F7957258BD372635E78699185B3E4717
SRR40320341	2026-08-24 19:28:18	2026-08-24 19:25:18	13641868	4017850675	13641868	294	1339		https://sra-downloadb.be-md.ncbi.nlm.nih.gov/sos13/sra-pub-zq-1305/SRR040/40320/SRR40320341/SRR40320341.lite.1	SRX34934904	ALB33	WGS	RANDOM	GENOMIC	PAIRED	0	0	ILLUMINA	Illumina NovaSeq 6000	SRP730266	PRJNA1197378		1197378	SRS30464108	SAMN45804031	simple	318829	Pyricularia oryzae	ALB33							no					BRAZILIAN AGRICULTURAL RESEARCH CORPORATION	SRA2522262		public	122FAA607291B3F7E3FD6E26DE06FCC2	A1A29EF6C9ACE7B4F66FAF405293A300
SRR40320358	2026-08-24 19:28:18	2026-08-24 19:23:34	18585389	5498891104	18585389	295	1836		https://sra-downloadb.be-md.ncbi.nlm.nih.gov/sos13/sra-pub-zq-1305/SRR040/40320/SRR40320358/SRR40320358.lite.1	SRX34934887	ALB6	WGS	RANDOM	GENOMIC	PAIRED	0	0	ILLUMINA	Illumina NovaSeq 6000	SRP730266	PRJNA1197378		1197378	SRS30464091	SAMN45804007	simple	318829	Pyricularia oryzae	ALB6							no					BRAZILIAN AGRICULTURAL RESEARCH CORPORATION	SRA2522262		public	D97B6AFD5D19E52DEC5595C6B9D75A35	18B7419645B15456C774F6866EFBDA6A
SRR40320357	2026-08-24 19:28:18	2026-08-24 19:24:10	17957075	5326551871	17957075	296	1773		https://sra-downloadb.be-md.ncbi.nlm.nih.gov/sos13/sra-pub-zq-1305/SRR040/40320/SRR40320357/SRR40320357.lite.1	SRX34934888	ALB7	WGS	RANDOM	GENOMIC	PAIRED	0	0	ILLUMINA	Illumina NovaSeq 6000	SRP730266	PRJNA1197378		1197378	SRS30464092	SAMN45804008	simple	318829	Pyricularia oryzae	ALB7							no					BRAZILIAN AGRICULTURAL RESEARCH CORPORATION	SRA2522262		public	9A825338DD45239B6ACC964044262BCA	A13FA25FE89DFE49153639BB63148278
SRR23400923	2023-06-01 16:59:53	2023-02-10 12:40:36	12697496	3809248800	12697496	300	1248		https://sra-downloadb.be-md.ncbi.nlm.nih.gov/sos8/sra-pub-zq-820/SRR023/23400/SRR23400923/SRR23400923.lite.1	SRX19331873	BP1	WGS	RANDOM	GENOMIC	PAIRED	0	0	ILLUMINA	Illumina NovaSeq 6000	SRP418845	PRJNA926786		926786	SRS16728787	SAMN33023215	simple	318829	Pyricularia oryzae	BP1							no					UNIVERSITY OF KENTUCKY	SRA1588151		public	5912AC0F40D8FA3D654ED86B2D89F1B0	AA2BF1576AB72E40478DB3D5F94F1674
SRR27892070	2024-02-06 16:54:57	2024-02-06 15:51:52	7489378	2246813400	7489378	300	746		https://sra-downloadb.be-md.ncbi.nlm.nih.gov/sos9/sra-pub-zq-924/SRR027/27892/SRR27892070/SRR27892070.lite.1	SRX23552575	T29	WGS	RANDOM	GENOMIC	PAIRED	0	0	ILLUMINA	Illumina NovaSeq 6000	SRP418845	PRJNA926786		926786	SRS20399669	SAMN39732777	simple	318829	Pyricularia oryzae	T29							no					UNIVERSITY OF KENTUCKY	SRA1798761		public	9654D86FD98AD1B99700ED86BC8DD5E5	4C4DDA4D9342E73004BE324461B038B7
SRR32384462	2025-07-31 03:40:22	2025-02-18 14:20:03	7121638	2136491400	7121638	300	565		https://sra-downloadb.be-md.ncbi.nlm.nih.gov/sos1/sra-pub-zq-38/SRR032/32384/SRR32384462/SRR32384462.lite.1	SRX27716941	Ec883	WGS	RANDOM	GENOMIC	PAIRED	0	0	ILLUMINA	Illumina NovaSeq 6000	SRP418845	PRJNA926786		926786	SRS24110587	SAMN46710846	simple	318829	Pyricularia oryzae	UFVPY284							no					UNIVERSITY OF KENTUCKY	SRA2079521		public	2025844194618B1DDC6A7D792721AA7A	3B8E8F7E4BF53D9DC87170ACC8C2D3CE
SRR32491103	2025-12-31 01:52:50	2025-02-26 08:42:52	7364314	2209294200	7364314	300	585		https://sra-downloadb.be-md.ncbi.nlm.nih.gov/sos7/sra-pub-zq-41/SRR032/32491/SRR32491103/SRR32491103.lite.1	SRX27804478	HD1	WGS	RANDOM	GENOMIC	PAIRED	0	0	ILLUMINA	Illumina NovaSeq 6000	SRP418845	PRJNA926786		926786	SRS24180572	SAMN46818389	simple	318829	Pyricularia oryzae	Ec883							no					UNIVERSITY OF KENTUCKY	SRA2084405		public	29D2A7F195D60F94AA50EC5593E4859E	4C856392709655E1C9785C938B9B2EA6
SRR32535665	2025-02-28 16:35:17	2025-02-28 16:18:52	8214741	2464422300	8214741	300	648		https://sra-downloadb.be-md.ncbi.nlm.nih.gov/sos7/sra-pub-zq-41/SRR032/32535/SRR32535665/SRR32535665.lite.1	SRX27846927	Bm88509	WGS	RANDOM	GENOMIC	PAIRED	0	0	ILLUMINA	Illumina NovaSeq 6000	SRP418845	PRJNA926786		926786	SRS24220701	SAMN46711227	simple	318829	Pyricularia oryzae	Bm88509							no					UNIVERSITY OF KENTUCKY	SRA2086364		public	45502AAEBBD7872D45B6E5227E3B2AA7	C57EB81BA1440804724B35B2EFCF9584
SRR37484470	2026-04-27 09:05:30	2026-04-27 08:40:26	20151044	6408031992	20151044	318	2017		https://sra-downloadb.be-md.ncbi.nlm.nih.gov/sos9/sra-pub-zq-924/SRR037/37484/SRR37484470/SRR37484470.lite.1	SRX32380368	MO10	WGS	RANDOM	GENOMIC	PAIRED	0	0	ILLUMINA	Illumina NovaSeq 6000	SRP681153	PRJNA1432504		1432504	SRS28289684	SAMN56344142	simple	318829	Pyricularia oryzae	MO10							no					ICAR RESEARCH COMPLEX FOR NEH REGION	SRA2345996		public	AC04DDD6049A08C46CAF57E5CE45D7D3	A7F9107822D20D199F29EF0EEAFD52F1
SRR37484471	2026-04-27 09:05:28	2026-04-27 08:39:44	26308956	8366248008	26308956	318	2666		https://sra-downloadb.be-md.ncbi.nlm.nih.gov/sos9/sra-pub-zq-924/SRR037/37484/SRR37484471/SRR37484471.lite.1	SRX32380367	MO9	WGS	RANDOM	GENOMIC	PAIRED	0	0	ILLUMINA	Illumina NovaSeq 6000	SRP681153	PRJNA1432504		1432504	SRS28289683	SAMN56344141	simple	318829	Pyricularia oryzae	MO9							no					ICAR RESEARCH COMPLEX FOR NEH REGION	SRA2345996		public	443DC592AC5E97AC410F579006E92CA0	CD69E87FB793DBE87428416A10A3B5B8
SRR37484472	2026-04-27 09:05:30	2026-04-27 08:39:21	21271961	6764483598	21271961	318	2080		https://sra-downloadb.be-md.ncbi.nlm.nih.gov/sos9/sra-pub-zq-924/SRR037/37484/SRR37484472/SRR37484472.lite.1	SRX32380366	MO8	WGS	RANDOM	GENOMIC	PAIRED	0	0	ILLUMINA	Illumina NovaSeq 6000	SRP681153	PRJNA1432504		1432504	SRS28289682	SAMN56344140	simple	318829	Pyricularia oryzae	MO8							no					ICAR RESEARCH COMPLEX FOR NEH REGION	SRA2345996		public	9E5008A56CE6BD0E68C4C07BD52FADED	72972F06E8D5919812F044E0285030B6
SRR37484473	2026-04-27 09:05:34	2026-04-27 08:42:22	21378421	6413526300	21378421	300	2961		https://sra-downloadb.be-md.ncbi.nlm.nih.gov/sos9/sra-pub-zq-924/SRR037/37484/SRR37484473/SRR37484473.lite.1	SRX32380365	MO7	WGS	RANDOM	GENOMIC	PAIRED	0	0	ILLUMINA	Illumina NovaSeq 6000	SRP681153	PRJNA1432504		1432504	SRS28289681	SAMN56344139	simple	318829	Pyricularia oryzae	MO7							no					ICAR RESEARCH COMPLEX FOR NEH REGION	SRA2345996		public	5C741C2A850114DA28160AC6590D6209	2FF59472EFEF733D2B0C42C350F78AB4
SRR37484474	2026-04-27 09:41:28	2026-04-27 08:41:42	21659677	6497903100	21659677	300	2847		https://sra-downloadb.be-md.ncbi.nlm.nih.gov/sos9/sra-pub-zq-924/SRR037/37484/SRR37484474/SRR37484474.lite.1	SRX32380363	MO5	WGS	RANDOM	GENOMIC	PAIRED	0	0	ILLUMINA	Illumina NovaSeq 6000	SRP681153	PRJNA1432504		1432504	SRS28289679	SAMN56344137	simple	318829	Pyricularia oryzae	MO5							no					ICAR RESEARCH COMPLEX FOR NEH REGION	SRA2345996		public	7B8C3F3944E8F31F6B32655E0C2E8173	D51F2248ACFD6836BAB438E6AA5055EB
SRR37484475	2026-04-27 09:05:30	2026-04-27 08:37:00	15170105	4551031500	15170105	300	2067		https://sra-downloadb.be-md.ncbi.nlm.nih.gov/sos9/sra-pub-zq-924/SRR037/37484/SRR37484475/SRR37484475.lite.1	SRX32380361	MO22	WGS	RANDOM	GENOMIC	PAIRED	0	0	ILLUMINA	Illumina NovaSeq 6000	SRP681153	PRJNA1432504		1432504	SRS28289677	SAMN56344154	simple	318829	Pyricularia oryzae	MO22							no					ICAR RESEARCH COMPLEX FOR NEH REGION	SRA2345996		public	954E8CB043EEFA8A7B9EE7E74BBD2782	2E7F7D2070CCF7106B68E0A9B164ECEF
SRR37484476	2026-04-27 10:09:45	2026-04-27 08:45:48	29317165	8795149500	29317165	300	4045		https://sra-downloadb.be-md.ncbi.nlm.nih.gov/sos9/sra-pub-zq-924/SRR037/37484/SRR37484476/SRR37484476.lite.1	SRX32380359	MO3	WGS	RANDOM	GENOMIC	PAIRED	0	0	ILLUMINA	Illumina NovaSeq 6000	SRP681153	PRJNA1432504		1432504	SRS28289675	SAMN56344135	simple	318829	Pyricularia oryzae	MO3							no					ICAR RESEARCH COMPLEX FOR NEH REGION	SRA2345996		public	CA2C8B1C660383C3BCCF289A2FCCC9EA	505101D3EDFA4459D865480BAC62515E
SRR37484477	2026-04-27 09:05:30	2026-04-27 08:36:23	10742366	3222709800	10742366	300	1449		https://sra-downloadb.be-md.ncbi.nlm.nih.gov/sos9/sra-pub-zq-924/SRR037/37484/SRR37484477/SRR37484477.lite.1	SRX32380358	MO19	WGS	RANDOM	GENOMIC	PAIRED	0	0	ILLUMINA	Illumina NovaSeq 6000	SRP681153	PRJNA1432504		1432504	SRS28289674	SAMN56344151	simple	318829	Pyricularia oryzae	MO19							no					ICAR RESEARCH COMPLEX FOR NEH REGION	SRA2345996		public	4090C354EACB71709F81995F666F0684	42E1E7F56B367F2D691CC3BC013D1729
SRR37484478	2026-04-27 09:05:27	2026-04-27 08:36:42	10573262	3362297316	10573262	318	1076		https://sra-downloadb.be-md.ncbi.nlm.nih.gov/sos9/sra-pub-zq-924/SRR037/37484/SRR37484478/SRR37484478.lite.1	SRX32380357	MO20	WGS	RANDOM	GENOMIC	PAIRED	0	0	ILLUMINA	Illumina NovaSeq 6000	SRP681153	PRJNA1432504		1432504	SRS28289673	SAMN56344152	simple	318829	Pyricularia oryzae	MO20							no					ICAR RESEARCH COMPLEX FOR NEH REGION	SRA2345996		public	AB87614DFB4708817DAD33FF40D2F974	2FAEB520BFF824E63A42631AD19F402F
SRR37484479	2026-04-27 10:14:15	2026-04-27 08:43:11	37051322	5794478904	0	156	2033		https://sra-downloadb.be-md.ncbi.nlm.nih.gov/sos9/sra-pub-zq-924/SRR037/37484/SRR37484479/SRR37484479.lite.1	SRX32380360	MO21	WGS	RANDOM	GENOMIC	PAIRED	0	0	ILLUMINA	Illumina NovaSeq 6000	SRP681153	PRJNA1432504		1432504	SRS28289676	SAMN56344153	simple	318829	Pyricularia oryzae	MO21							no					ICAR RESEARCH COMPLEX FOR NEH REGION	SRA2345996		public	9B3C10D690B9E4462825E0B7A585D1AE	2402C19495351B56DDCBC91CE26E3BA4
SRR37484480	2026-04-27 09:05:27	2026-04-27 08:39:21	13944727	4183418100	13944727	300	1866		https://sra-downloadb.be-md.ncbi.nlm.nih.gov/sos9/sra-pub-zq-924/SRR037/37484/SRR37484480/SRR37484480.lite.1	SRX32380362	MO4	WGS	RANDOM	GENOMIC	PAIRED	0	0	ILLUMINA	Illumina NovaSeq 6000	SRP681153	PRJNA1432504		1432504	SRS28289678	SAMN56344136	simple	318829	Pyricularia oryzae	MO4							no					ICAR RESEARCH COMPLEX FOR NEH REGION	SRA2345996		public	F6F493640A5321922C1998F38AF5C2EB	32B4D535AD8A33EA252A9DC929677D36
SRR37484481	2026-04-27 09:30:21	2026-04-27 08:41:13	19877816	5963344800	19877816	300	2773		https://sra-downloadb.be-md.ncbi.nlm.nih.gov/sos9/sra-pub-zq-924/SRR037/37484/SRR37484481/SRR37484481.lite.1	SRX32380364	MO6	WGS	RANDOM	GENOMIC	PAIRED	0	0	ILLUMINA	Illumina NovaSeq 6000	SRP681153	PRJNA1432504		1432504	SRS28289680	SAMN56344138	simple	318829	Pyricularia oryzae	MO6							no					ICAR RESEARCH COMPLEX FOR NEH REGION	SRA2345996		public	88D3EE0F282DDB26BBED31A877C03D81	3E43238695A0059B86A99EBB5492B234
SRR37484491	2026-04-27 10:14:15	2026-04-27 08:46:11	28093035	8933585130	28093035	318	2799		https://sra-downloadb.be-md.ncbi.nlm.nih.gov/sos9/sra-pub-zq-924/SRR037/37484/SRR37484491/SRR37484491.lite.1	SRX32380347	MO1	WGS	RANDOM	GENOMIC	PAIRED	0	0	ILLUMINA	Illumina NovaSeq 6000	SRP681153	PRJNA1432504		1432504	SRS28289663	SAMN56344133	simple	318829	Pyricularia oryzae	MO1							no					ICAR RESEARCH COMPLEX FOR NEH REGION	SRA2345996		public	C63B34614B711CF139D4E6F2C9E0734C	E25F79DC0E5F9E03C1C19796C468C762
SRR37484490	2026-04-27 09:05:28	2026-04-27 08:37:46	14175748	4252724400	14175748	300	1957		https://sra-downloadb.be-md.ncbi.nlm.nih.gov/sos9/sra-pub-zq-924/SRR037/37484/SRR37484490/SRR37484490.lite.1	SRX32380348	MO2	WGS	RANDOM	GENOMIC	PAIRED	0	0	ILLUMINA	Illumina NovaSeq 6000	SRP681153	PRJNA1432504		1432504	SRS28289664	SAMN56344134	simple	318829	Pyricularia oryzae	MO2							no					ICAR RESEARCH COMPLEX FOR NEH REGION	SRA2345996		public	6C86B26E2C7409086D075AFD67C97347	FA72808938E9AF5BF59C1E353B47760F
SRR37484486	2026-04-27 09:05:45	2026-04-27 08:46:45	49471456	7673555715	0	155	2862		https://sra-downloadb.be-md.ncbi.nlm.nih.gov/sos9/sra-pub-zq-924/SRR037/37484/SRR37484486/SRR37484486.lite.1	SRX32380349	MO11	WGS	RANDOM	GENOMIC	PAIRED	0	0	ILLUMINA	Illumina NovaSeq 6000	SRP681153	PRJNA1432504		1432504	SRS28289665	SAMN56344143	simple	318829	Pyricularia oryzae	MO11							no					ICAR RESEARCH COMPLEX FOR NEH REGION	SRA2345996		public	898C664AEBFFB10847136A00EAABE740	A1760D640222EB4108D2B5E249459303
SRR37484485	2026-04-27 09:05:28	2026-04-27 08:39:19	19961051	6347614218	19961051	318	2055		https://sra-downloadb.be-md.ncbi.nlm.nih.gov/sos9/sra-pub-zq-924/SRR037/37484/SRR37484485/SRR37484485.lite.1	SRX32380350	MO12	WGS	RANDOM	GENOMIC	PAIRED	0	0	ILLUMINA	Illumina NovaSeq 6000	SRP681153	PRJNA1432504		1432504	SRS28289666	SAMN56344144	simple	318829	Pyricularia oryzae	MO12							no					ICAR RESEARCH COMPLEX FOR NEH REGION	SRA2345996		public	9CDA71E64052B5BE393901253020540C	9532ABCCAB0854D5216A57729A6549DC
SRR37484487	2026-04-27 10:09:45	2026-04-27 08:42:42	24591788	7377536400	24591788	300	3285		https://sra-downloadb.be-md.ncbi.nlm.nih.gov/sos9/sra-pub-zq-924/SRR037/37484/SRR37484487/SRR37484487.lite.1	SRX32380351	MO13	WGS	RANDOM	GENOMIC	PAIRED	0	0	ILLUMINA	Illumina NovaSeq 6000	SRP681153	PRJNA1432504		1432504	SRS28289667	SAMN56344145	simple	318829	Pyricularia oryzae	MO13							no					ICAR RESEARCH COMPLEX FOR NEH REGION	SRA2345996		public	6BE83D0AEBFFEBD01AA228173A1FD5AD	7EBD0D2277DABE8CE18FA21E1FBE284E
SRR37484484	2026-04-27 09:05:44	2026-04-27 08:37:30	14179103	4253730900	14179103	300	1871		https://sra-downloadb.be-md.ncbi.nlm.nih.gov/sos9/sra-pub-zq-924/SRR037/37484/SRR37484484/SRR37484484.lite.1	SRX32380352	MO14	WGS	RANDOM	GENOMIC	PAIRED	0	0	ILLUMINA	Illumina NovaSeq 6000	SRP681153	PRJNA1432504		1432504	SRS28289668	SAMN56344146	simple	318829	Pyricularia oryzae	MO14							no					ICAR RESEARCH COMPLEX FOR NEH REGION	SRA2345996		public	F007C817D96C3F0EF007C2B2CAAB292D	0C7910EA0B87C67CF832399E6273421C
SRR37484488	2026-04-27 09:05:29	2026-04-27 08:37:12	13550530	4065159000	13550530	300	1815		https://sra-downloadb.be-md.ncbi.nlm.nih.gov/sos9/sra-pub-zq-924/SRR037/37484/SRR37484488/SRR37484488.lite.1	SRX32380353	MO15	WGS	RANDOM	GENOMIC	PAIRED	0	0	ILLUMINA	Illumina NovaSeq 6000	SRP681153	PRJNA1432504		1432504	SRS28289669	SAMN56344147	simple	318829	Pyricularia oryzae	MO15							no					ICAR RESEARCH COMPLEX FOR NEH REGION	SRA2345996		public	570E7CEFEB5883888C552954E79DB3E9	312CE56183FADA859D3A7E1752D6A5D1
SRR37484483	2026-04-27 09:05:30	2026-04-27 08:38:24	13591038	4077311400	13591038	300	1866		https://sra-downloadb.be-md.ncbi.nlm.nih.gov/sos9/sra-pub-zq-924/SRR037/37484/SRR37484483/SRR37484483.lite.1	SRX32380354	MO16	WGS	RANDOM	GENOMIC	PAIRED	0	0	ILLUMINA	Illumina NovaSeq 6000	SRP681153	PRJNA1432504		1432504	SRS28289670	SAMN56344148	simple	318829	Pyricularia oryzae	MO16							no					ICAR RESEARCH COMPLEX FOR NEH REGION	SRA2345996		public	74A1E34A984802A2D501FF4981B9FE66	7610F24D8243C4AA617E441CB1EDED29
SRR37484489	2026-04-27 09:05:45	2026-04-27 08:45:52	49471456	7673555715	0	155	2976		https://sra-downloadb.be-md.ncbi.nlm.nih.gov/sos9/sra-pub-zq-924/SRR037/37484/SRR37484489/SRR37484489.lite.1	SRX32380355	MO17	WGS	RANDOM	GENOMIC	PAIRED	0	0	ILLUMINA	Illumina NovaSeq 6000	SRP681153	PRJNA1432504		1432504	SRS28289671	SAMN56344149	simple	318829	Pyricularia oryzae	MO17							no					ICAR RESEARCH COMPLEX FOR NEH REGION	SRA2345996		public	D89F681571CEF2E21278F87468BE70F0	B020E7C41DC7AFED6022FE28226BDF0A
SRR37484482	2026-04-27 09:05:28	2026-04-27 08:35:21	15155038	4546511400	15155038	300	2049		https://sra-downloadb.be-md.ncbi.nlm.nih.gov/sos9/sra-pub-zq-924/SRR037/37484/SRR37484482/SRR37484482.lite.1	SRX32380356	MO18	WGS	RANDOM	GENOMIC	PAIRED	0	0	ILLUMINA	Illumina NovaSeq 6000	SRP681153	PRJNA1432504		1432504	SRS28289672	SAMN56344150	simple	318829	Pyricularia oryzae	MO18							no					ICAR RESEARCH COMPLEX FOR NEH REGION	SRA2345996		public	A5EC2636D9867D6EF4DF52FDB688F88F	295924D8D21495E3D1B531D3DF2B8CA1
SRR37581679	2026-06-15 11:22:51	2026-03-11 21:41:59	7147010	2139171174	7147010	299	900		https://sra-downloadb.be-md.ncbi.nlm.nih.gov/sos10/sra-pub-zq-1002/SRR037/37581/SRR37581679/SRR37581679.lite.1	SRX32468106	T_OK19-1	WGS	RANDOM	GENOMIC	PAIRED	0	0	ILLUMINA	Illumina NovaSeq 6000	SRP683031	PRJNA1435864		1435864	SRS28365031	SAMN56458210	simple	318829	Pyricularia oryzae	T_OK19-1							no					KANSAS STATE UNIVERSITY	SRA2350589		public	4C58906A92F9ECCBD3D307D72717DD7A	782E8C330B620D9D787A3D804CDD38D4
SRR37581680	2026-06-15 11:22:51	2026-03-11 21:42:24	6667603	1993703176	6667603	299	843		https://sra-downloadb.be-md.ncbi.nlm.nih.gov/sos10/sra-pub-zq-1002/SRR037/37581/SRR37581680/SRR37581680.lite.1	SRX32468105	T_OK17-4	WGS	RANDOM	GENOMIC	PAIRED	0	0	ILLUMINA	Illumina NovaSeq 6000	SRP683031	PRJNA1435864		1435864	SRS28365030	SAMN56458209	simple	318829	Pyricularia oryzae	T_OK17-4							no					KANSAS STATE UNIVERSITY	SRA2350589		public	692180292597B91C2C85220AE08D4C65	1F75539C942CB3A9DEECB55B2FD51A8F
SRR37581681	2026-06-15 11:22:51	2026-03-11 21:42:05	6659510	1991496254	6659510	299	839		https://sra-downloadb.be-md.ncbi.nlm.nih.gov/sos10/sra-pub-zq-1002/SRR037/37581/SRR37581681/SRR37581681.lite.1	SRX32468104	T_QUI19-1	WGS	RANDOM	GENOMIC	PAIRED	0	0	ILLUMINA	Illumina NovaSeq 6000	SRP683031	PRJNA1435864		1435864	SRS28365029	SAMN56458208	simple	318829	Pyricularia oryzae	T_QUI19-1							no					KANSAS STATE UNIVERSITY	SRA2350589		public	24DE3D7C7612FBDD30FAC453C077A8C0	5941D2B578D79460CFE242E7B626812D
SRR37581682	2026-06-15 11:22:51	2026-03-11 21:46:59	13890065	4167019500	13890065	300	1390		https://sra-downloadb.be-md.ncbi.nlm.nih.gov/sos10/sra-pub-zq-1002/SRR037/37581/SRR37581682/SRR37581682.lite.1	SRX32468103	T_PS20-7	WGS	RANDOM	GENOMIC	PAIRED	0	0	ILLUMINA	Illumina NovaSeq 6000	SRP683031	PRJNA1435864		1435864	SRS28365028	SAMN56458207	simple	318829	Pyricularia oryzae	T_PS20-7							no					KANSAS STATE UNIVERSITY	SRA2350589		public	5B02FB97F44CC9F7C63298316863E546	603E8900361FD1F642F43F4A471733AE
SRR37581683	2026-06-15 11:22:51	2026-03-11 21:46:48	12630642	3789192600	12630642	300	1207		https://sra-downloadb.be-md.ncbi.nlm.nih.gov/sos10/sra-pub-zq-1002/SRR037/37581/SRR37581683/SRR37581683.lite.1	SRX32468102	L_ATCC64557	WGS	RANDOM	GENOMIC	PAIRED	0	0	ILLUMINA	Illumina NovaSeq 6000	SRP683031	PRJNA1435864		1435864	SRS28365027	SAMN56458205	simple	318829	Pyricularia oryzae	L_ATCC64557							no					KANSAS STATE UNIVERSITY	SRA2350589		public	59153EB990807E7C8187CBBA2411A565	C741ADE8F08B904A5CA45C9D1321DC96
SRR37581684	2026-06-15 11:22:51	2026-03-11 21:46:55	12703787	3811136100	12703787	300	1224		https://sra-downloadb.be-md.ncbi.nlm.nih.gov/sos10/sra-pub-zq-1002/SRR037/37581/SRR37581684/SRR37581684.lite.1	SRX32468101	T_NE20	WGS	RANDOM	GENOMIC	PAIRED	0	0	ILLUMINA	Illumina NovaSeq 6000	SRP683031	PRJNA1435864		1435864	SRS28365026	SAMN56458204	simple	318829	Pyricularia oryzae	T_NE20							no					KANSAS STATE UNIVERSITY	SRA2350589		public	5FC98A50DFA8C9FDF76B8F40C583857D	AEF93E93D33396A22E2558BAFF3480B1
SRR37581685	2026-06-15 11:22:51	2026-03-11 21:47:57	17443042	5232912600	17443042	300	1609		https://sra-downloadb.be-md.ncbi.nlm.nih.gov/sos10/sra-pub-zq-1002/SRR037/37581/SRR37581685/SRR37581685.lite.1	SRX32468100	T_T47	WGS	RANDOM	GENOMIC	PAIRED	0	0	ILLUMINA	Illumina NovaSeq 6000	SRP683031	PRJNA1435864		1435864	SRS28365025	SAMN56458203	simple	318829	Pyricularia oryzae	T_T47							no					KANSAS STATE UNIVERSITY	SRA2350589		public	60145FD81B374B23A35A975F4632D2D7	DF4C95DCC796C9955371B1F4B8807BEB
SRR37581686	2026-06-15 11:22:51	2026-03-11 21:49:32	14775270	4432581000	14775270	300	1427		https://sra-downloadb.be-md.ncbi.nlm.nih.gov/sos10/sra-pub-zq-1002/SRR037/37581/SRR37581686/SRR37581686.lite.1	SRX32468099	L_Br58	WGS	RANDOM	GENOMIC	PAIRED	0	0	ILLUMINA	Illumina NovaSeq 6000	SRP683031	PRJNA1435864		1435864	SRS28365024	SAMN56458202	simple	318829	Pyricularia oryzae	L_Br58							no					KANSAS STATE UNIVERSITY	SRA2350589		public	8FECAF540F3EFA8C0C8DE5F838FD134C	D906FE831AF386BEC9C5EC1C7336B4B8
SRR37581688	2026-06-15 11:22:51	2026-03-11 21:43:37	6242252	1866796601	6242252	299	787		https://sra-downloadb.be-md.ncbi.nlm.nih.gov/sos10/sra-pub-zq-1002/SRR037/37581/SRR37581688/SRR37581688.lite.1	SRX32468097	L_16MoT10	WGS	RANDOM	GENOMIC	PAIRED	0	0	ILLUMINA	Illumina NovaSeq 6000	SRP683031	PRJNA1435864		1435864	SRS28365022	SAMN56458217	simple	318829	Pyricularia oryzae	L_16MoT10							no					KANSAS STATE UNIVERSITY	SRA2350589		public	1B7CFE598F2A4AD6A3BF07B86C398294	F29176E7B4469A50C146988ED1D4DC22
SRR37581689	2026-06-15 11:22:51	2026-03-11 21:44:42	6064711	1814522402	6064711	299	768		https://sra-downloadb.be-md.ncbi.nlm.nih.gov/sos10/sra-pub-zq-1002/SRR037/37581/SRR37581689/SRR37581689.lite.1	SRX32468096	L_16MoT9	WGS	RANDOM	GENOMIC	PAIRED	0	0	ILLUMINA	Illumina NovaSeq 6000	SRP683031	PRJNA1435864		1435864	SRS28365021	SAMN56458216	simple	318829	Pyricularia oryzae	L_16MoT9							no					KANSAS STATE UNIVERSITY	SRA2350589		public	EC3A602C5530D9CAFE9C937C3BB5947F	BDFC511B0D95683690CAF14D25FD605D
SRR37581690	2026-06-15 11:22:51	2026-03-11 21:44:18	6507564	1946929278	6507564	299	829		https://sra-downloadb.be-md.ncbi.nlm.nih.gov/sos10/sra-pub-zq-1002/SRR037/37581/SRR37581690/SRR37581690.lite.1	SRX32468095	T_BO17-27	WGS	RANDOM	GENOMIC	PAIRED	0	0	ILLUMINA	Illumina NovaSeq 6000	SRP683031	PRJNA1435864		1435864	SRS28365020	SAMN56458215	simple	318829	Pyricularia oryzae	T_BO17-27							no					KANSAS STATE UNIVERSITY	SRA2350589		public	CD06010447675E4A2234D0725374C6FC	AC589A87390A346F981EDF1099202419
SRR37581691	2026-06-15 11:22:51	2026-03-11 21:46:59	11343057	3402917100	11343057	300	1105		https://sra-downloadb.be-md.ncbi.nlm.nih.gov/sos10/sra-pub-zq-1002/SRR037/37581/SRR37581691/SRR37581691.lite.1	SRX32468094	T_4CA20	WGS	RANDOM	GENOMIC	PAIRED	0	0	ILLUMINA	Illumina NovaSeq 6000	SRP683031	PRJNA1435864		1435864	SRS28365019	SAMN56458214	simple	318829	Pyricularia oryzae	T_4CA20							no					KANSAS STATE UNIVERSITY	SRA2350589		public	25D7121E645D981AAF34266BD1CCA34C	338CA2861338216003B5C60D01E410E3
SRR37581692	2026-06-15 11:22:51	2026-03-11 21:45:29	7683815	2302176874	7683815	299	973		https://sra-downloadb.be-md.ncbi.nlm.nih.gov/sos10/sra-pub-zq-1002/SRR037/37581/SRR37581692/SRR37581692.lite.1	SRX32468093	L_16MoT17	WGS	RANDOM	GENOMIC	PAIRED	0	0	ILLUMINA	Illumina NovaSeq 6000	SRP683031	PRJNA1435864		1435864	SRS28365018	SAMN56458213	simple	318829	Pyricularia oryzae	L_16MoT17							no					KANSAS STATE UNIVERSITY	SRA2350589		public	1F524A2C31A1F35E436E9C3F8193999B	1B4B89CB814B51992C6C611DA4805938
SRR37941788	2026-04-06 00:50:47	2026-04-06 00:45:07	31718129	9515438700	31718129	300	3627		https://sra-downloadb.be-md.ncbi.nlm.nih.gov/sos10/sra-pub-zq-1002/SRR037/37941/SRR37941788/SRR37941788.sralite.1	SRX32800603	Br81	WGS	RANDOM	GENOMIC	PAIRED	0	0	ILLUMINA	Illumina HiSeq 2000	SRP322222	PRJNA320483		320483	SRS28658396	SAMN14144142	simple	318829	Pyricularia oryzae	Br81							no					UNIVERSITY OF KENTUCKY	SRA2368112		public	05676EF37C590A9D2AFE29F6503427D7	8566F9DCC36B7758DE1F8974314BB613
SRR37941787	2026-04-06 00:50:47	2026-04-06 00:40:14	24695067	7408520100	24695067	300	2316		https://sra-downloadb.be-md.ncbi.nlm.nih.gov/sos10/sra-pub-zq-1002/SRR037/37941/SRR37941787/SRR37941787.sralite.1	SRX32800604	T2-1	WGS	RANDOM	GENOMIC	PAIRED	0	0	ILLUMINA	Illumina HiSeq 2000	SRP322222	PRJNA320483		320483	SRS28658397	SAMN19488852	simple	318829	Pyricularia oryzae	T2-1							no					UNIVERSITY OF KENTUCKY	SRA2368112		public	B3CEF0C95AC1EB840025AF57B132749C	6B4493FDBE59C48653556E8F0DB72DDB
SRR37941786	2026-04-06 00:50:47	2026-04-06 00:41:41	36240392	10872117600	36240392	300	3860		https://sra-downloadb.be-md.ncbi.nlm.nih.gov/sos10/sra-pub-zq-1002/SRR037/37941/SRR37941786/SRR37941786.sralite.1	SRX32800605	T4-2	WGS	RANDOM	GENOMIC	PAIRED	0	0	ILLUMINA	Illumina HiSeq 2000	SRP322222	PRJNA320483		320483	SRS28658398	SAMN19488857	simple	318829	Pyricularia oryzae	T4-2							no					UNIVERSITY OF KENTUCKY	SRA2368112		public	D7871247299503C94733F2A2068732A6	4D132F0A3E261A6D9C96D3D0548761A8
SRR37941785	2026-04-06 00:40:59	2026-04-06 00:36:43	20183102	6054930600	20183102	300	2391		https://sra-downloadb.be-md.ncbi.nlm.nih.gov/sos10/sra-pub-zq-1002/SRR037/37941/SRR37941785/SRR37941785.sralite.1	SRX32800606	T50-3	WGS	RANDOM	GENOMIC	PAIRED	0	0	ILLUMINA	Illumina HiSeq 2000	SRP322222	PRJNA320483		320483	SRS28658399	SAMN19488862	simple	318829	Pyricularia oryzae	T50-3							no					UNIVERSITY OF KENTUCKY	SRA2368112		public	1BC6A7BB841C8EB7593D8B043F15C1A6	75E9F011FEFBC120E6804D10EBD8811C
SRR37941784	2026-04-06 00:48:38	2026-04-06 00:40:06	21272144	6381643200	21272144	300	2574		https://sra-downloadb.be-md.ncbi.nlm.nih.gov/sos10/sra-pub-zq-1002/SRR037/37941/SRR37941784/SRR37941784.sralite.1	SRX32800607	T30-2	WGS	RANDOM	GENOMIC	PAIRED	0	0	ILLUMINA	Illumina HiSeq 2000	SRP322222	PRJNA320483		320483	SRS28658400	SAMN19488855	simple	318829	Pyricularia oryzae	T30-2							no					UNIVERSITY OF KENTUCKY	SRA2368112		public	622B36E159278F29B7C1CB2B666E58BC	DAD0C1F0F70C8466B4882793B429C448
SRR37941790	2026-04-06 02:31:57	2026-04-06 01:27:37	23432764	7029829200	23432764	300	2188		https://sra-downloadb.be-md.ncbi.nlm.nih.gov/sos9/sra-pub-zq-924/SRR037/37941/SRR37941790/SRR37941790.sralite.1	SRX32800608	T1-1	WGS	RANDOM	GENOMIC	PAIRED	0	0	ILLUMINA	Illumina HiSeq 2500	SRP322222	PRJNA320483		320483	SRS28658401	SAMN57114528	simple	318829	Pyricularia oryzae	T1-1							no					UNIVERSITY OF KENTUCKY	SRA2368115		public	B6D72C1BF161508A66F050574EAD860B	EE2DE1F326115644BC07E665A71AFE1A
SRR37941789	2026-04-06 02:31:57	2026-04-06 01:28:32	28559493	8567847900	28559493	300	2602		https://sra-downloadb.be-md.ncbi.nlm.nih.gov/sos9/sra-pub-zq-924/SRR037/37941/SRR37941789/SRR37941789.sralite.1	SRX32800609	T49	WGS	RANDOM	GENOMIC	PAIRED	0	0	ILLUMINA	Illumina HiSeq 2500	SRP322222	PRJNA320483		320483	SRS28658402	SAMN57114529	simple	318829	Pyricularia oryzae	T49							no					UNIVERSITY OF KENTUCKY	SRA2368115		public	0DA092D556761085C53515804B74D620	7383B9B7E99FCCD4591F5613E7CB85E1
DRR893802	2026-01-01 21:23:46	2026-01-01 21:24:08	11608426	3482527800	11608426	300	1247		https://sra-downloadb.be-md.ncbi.nlm.nih.gov/sos13/sra-pub-zq-1305/DRR000/893/DRR893802/DRR893802.lite.1	DRX871640		WGS	size fractionation	GENOMIC	PAIRED	0	0	ILLUMINA	Illumina NovaSeq 6000	DRP016880	PRJDB39920		1397041	DRS643086	SAMD01790009	simple	318829	Pyricularia oryzae	SAMD01790009							no					KOBE UNIVERSITY	DRA025884		public	74F2D6248606E114471AE6F463248B92	7CD2CD5D42321E3C5856D0F3695AC1CC
DRR893803	2026-01-01 21:23:46	2026-01-01 21:21:25	9853735	2956120500	9853735	300	1060		https://sra-downloadb.be-md.ncbi.nlm.nih.gov/sos13/sra-pub-zq-1305/DRR000/893/DRR893803/DRR893803.lite.1	DRX871641		WGS	size fractionation	GENOMIC	PAIRED	0	0	ILLUMINA	Illumina NovaSeq 6000	DRP016880	PRJDB39920		1397041	DRS643087	SAMD01790010	simple	318829	Pyricularia oryzae	SAMD01790010							no					KOBE UNIVERSITY	DRA025884		public	592B885A808F91790587C01CA6F611CC	A379452DD1B8FA64C94B18B847A37FDB
DRR893804	2026-01-01 21:23:46	2026-01-01 21:20:56	11174612	3352383600	11174612	300	1204		https://sra-downloadb.be-md.ncbi.nlm.nih.gov/sos13/sra-pub-zq-1305/DRR000/893/DRR893804/DRR893804.lite.1	DRX871642		WGS	size fractionation	GENOMIC	PAIRED	0	0	ILLUMINA	Illumina NovaSeq 6000	DRP016880	PRJDB39920		1397041	DRS643088	SAMD01790011	simple	318829	Pyricularia oryzae	SAMD01790011							no					KOBE UNIVERSITY	DRA025884		public	F6DF582D415E22BA39640BCA73A24420	835CE152C1B6E63BCAF743B2D2D09614
DRR893805	2026-01-01 21:23:46	2026-01-01 21:20:40	12089827	3626948100	12089827	300	1303		https://sra-downloadb.be-md.ncbi.nlm.nih.gov/sos13/sra-pub-zq-1305/DRR000/893/DRR893805/DRR893805.lite.1	DRX871643		WGS	size fractionation	GENOMIC	PAIRED	0	0	ILLUMINA	Illumina NovaSeq 6000	DRP016880	PRJDB39920		1397041	DRS643089	SAMD01790012	simple	318829	Pyricularia oryzae	SAMD01790012							no					KOBE UNIVERSITY	DRA025884		public	75C8896331FF294BCBE2E69B9CD77E5D	EAC6FB51501915803B55BC0888A19409
DRR893806	2026-01-01 21:23:46	2026-01-01 21:20:40	9629930	2888979000	9629930	300	1042		https://sra-downloadb.be-md.ncbi.nlm.nih.gov/sos13/sra-pub-zq-1305/DRR000/893/DRR893806/DRR893806.lite.1	DRX871644		WGS	size fractionation	GENOMIC	PAIRED	0	0	ILLUMINA	Illumina NovaSeq 6000	DRP016880	PRJDB39920		1397041	DRS643090	SAMD01790013	simple	318829	Pyricularia oryzae	SAMD01790013							no					KOBE UNIVERSITY	DRA025884		public	8EC26296505DE379988ECEFA6B93A595	ED22B08B8B4A71C525FBCB1ED3C50004
DRR893807	2026-01-01 21:23:46	2026-01-01 21:22:34	11209106	3362731800	11209106	300	1218		https://sra-downloadb.be-md.ncbi.nlm.nih.gov/sos13/sra-pub-zq-1305/DRR000/893/DRR893807/DRR893807.lite.1	DRX871645		WGS	size fractionation	GENOMIC	PAIRED	0	0	ILLUMINA	Illumina NovaSeq 6000	DRP016880	PRJDB39920		1397041	DRS643091	SAMD01790014	simple	318829	Pyricularia oryzae	SAMD01790014							no					KOBE UNIVERSITY	DRA025884		public	697DC15B32B6B2922E47F76B5455D990	6E37AF2CEE048110AA1B994B53AF7B45
SRR36642582	2026-05-01 01:06:42	2025-12-30 21:48:05	19651384	5895415200	19651384	300	3574		https://sra-downloadb.be-md.ncbi.nlm.nih.gov/sos9/sra-pub-zq-922/SRR036/36642/SRR36642582/SRR36642582.lite.1	SRX31654497	FDSW250571168-1a	WGS	RANDOM	GENOMIC	PAIRED	0	0	ILLUMINA	Illumina NovaSeq X Plus	SRP659061	PRJNA1395695		1395695	SRS27628371	SAMN54370049	simple	318829	Pyricularia oryzae	ZJX18							no					SOUTH CHINA AGRICULTURAL UNIVERSITY	SRA2307884		public	709FB6022906E852F6AACC2C0208B01F	E4A851523871D8CC12ECC19FF25498E4
SRR36642587	2026-05-01 01:06:42	2025-12-30 21:48:02	19019854	5705956200	19019854	300	3506		https://sra-downloadb.be-md.ncbi.nlm.nih.gov/sos9/sra-pub-zq-922/SRR036/36642/SRR36642587/SRR36642587.lite.1	SRX31654492	FDSW250571165-1a	WGS	RANDOM	GENOMIC	PAIRED	0	0	ILLUMINA	Illumina NovaSeq X Plus	SRP659061	PRJNA1395695		1395695	SRS27628366	SAMN54370044	simple	318829	Pyricularia oryzae	Baicao4							no					SOUTH CHINA AGRICULTURAL UNIVERSITY	SRA2307884		public	6A42C5951D8CC4712F031A1673D148B3	30201F2A64A75CBFECE10E25273A76C5
SRR36642586	2026-05-01 01:06:42	2025-12-30 21:47:39	18527668	5558300400	18527668	300	3415		https://sra-downloadb.be-md.ncbi.nlm.nih.gov/sos9/sra-pub-zq-922/SRR036/36642/SRR36642586/SRR36642586.lite.1	SRX31654493	FDSW250571166-1a	WGS	RANDOM	GENOMIC	PAIRED	0	0	ILLUMINA	Illumina NovaSeq X Plus	SRP659061	PRJNA1395695		1395695	SRS27628367	SAMN54370045	simple	318829	Pyricularia oryzae	Baicao5							no					SOUTH CHINA AGRICULTURAL UNIVERSITY	SRA2307884		public	02BE66D5868FAEBEB2FABB6D2D2FE2AF	64FB9AF9424739D073D264896EE646A2
SRR36642585	2026-05-01 01:06:42	2025-12-30 21:49:13	24198874	7259662200	24198874	300	4448		https://sra-downloadb.be-md.ncbi.nlm.nih.gov/sos9/sra-pub-zq-922/SRR036/36642/SRR36642585/SRR36642585.lite.1	SRX31654494	FDMS250298543-1r	WGS	RANDOM	GENOMIC	PAIRED	0	0	ILLUMINA	Illumina NovaSeq X Plus	SRP659061	PRJNA1395695		1395695	SRS27628368	SAMN54370046	simple	318829	Pyricularia oryzae	Baicao6							no					SOUTH CHINA AGRICULTURAL UNIVERSITY	SRA2307884		public	4E04973468F7BF82B964A8844460DD73	CA92010C159082DCFE591618833B5AEB
SRR36642584	2026-05-01 01:06:42	2025-12-30 21:47:37	17103316	5130994800	17103316	300	3155		https://sra-downloadb.be-md.ncbi.nlm.nih.gov/sos9/sra-pub-zq-922/SRR036/36642/SRR36642584/SRR36642584.lite.1	SRX31654495	FDMS250298544-1r	WGS	RANDOM	GENOMIC	PAIRED	0	0	ILLUMINA	Illumina NovaSeq X Plus	SRP659061	PRJNA1395695		1395695	SRS27628369	SAMN54370047	simple	318829	Pyricularia oryzae	Baicao9							no					SOUTH CHINA AGRICULTURAL UNIVERSITY	SRA2307884		public	1E3F1F4888D66991F4256543DB7833C0	1BA117B8910373D54F94996664AC7BDF
SRR36642583	2026-05-01 01:06:42	2025-12-30 21:48:31	21719200	6515760000	21719200	300	4009		https://sra-downloadb.be-md.ncbi.nlm.nih.gov/sos9/sra-pub-zq-922/SRR036/36642/SRR36642583/SRR36642583.lite.1	SRX31654496	FDMS250298547-1r	WGS	RANDOM	GENOMIC	PAIRED	0	0	ILLUMINA	Illumina NovaSeq X Plus	SRP659061	PRJNA1395695		1395695	SRS27628370	SAMN54370048	simple	318829	Pyricularia oryzae	GDYJ7							no					SOUTH CHINA AGRICULTURAL UNIVERSITY	SRA2307884		public	9144BD30D131E984EDD6D796542468A1	3731984183BCCE14B2E3A5818B07AA20
DRR893808	2026-01-01 21:23:46	2026-01-01 21:23:32	8752117	2625635100	8752117	300	943		https://sra-downloadb.be-md.ncbi.nlm.nih.gov/sos13/sra-pub-zq-1305/DRR000/893/DRR893808/DRR893808.lite.1	DRX871646		WGS	size fractionation	GENOMIC	PAIRED	0	0	ILLUMINA	Illumina NovaSeq 6000	DRP016880	PRJDB39920		1397041	DRS643092	SAMD01790015	simple	318829	Pyricularia oryzae	SAMD01790015							no					KOBE UNIVERSITY	DRA025884		public	E27A29604D9B6E5BA54C4F8BB2C2D29A	0F488ABF31C94739BAEB39639009BF93
DRR893809	2026-01-01 21:23:46	2026-01-01 21:23:09	8419458	2525837400	8419458	300	908		https://sra-downloadb.be-md.ncbi.nlm.nih.gov/sos13/sra-pub-zq-1305/DRR000/893/DRR893809/DRR893809.lite.1	DRX871647		WGS	size fractionation	GENOMIC	PAIRED	0	0	ILLUMINA	Illumina NovaSeq 6000	DRP016880	PRJDB39920		1397041	DRS643093	SAMD01790016	simple	318829	Pyricularia oryzae	SAMD01790016							no					KOBE UNIVERSITY	DRA025884		public	3CAA12DE3A2A6B3F7F05100A30315717	188FF9C619B76B1CD6A78BE5B65A9D61
DRR893810	2026-01-01 21:23:46	2026-01-01 21:22:57	8055625	2416687500	8055625	300	875		https://sra-downloadb.be-md.ncbi.nlm.nih.gov/sos13/sra-pub-zq-1305/DRR000/893/DRR893810/DRR893810.lite.1	DRX871648		WGS	size fractionation	GENOMIC	PAIRED	0	0	ILLUMINA	Illumina NovaSeq 6000	DRP016880	PRJDB39920		1397041	DRS643094	SAMD01790017	simple	318829	Pyricularia oryzae	SAMD01790017							no					KOBE UNIVERSITY	DRA025884		public	775045F540EF6686FBF49811BC0C257D	5A6945CCC3E4916A2B283E36162EF3B9
DRR893811	2026-01-01 21:23:46	2026-01-01 21:23:14	9134245	2740273500	9134245	300	988		https://sra-downloadb.be-md.ncbi.nlm.nih.gov/sos13/sra-pub-zq-1305/DRR000/893/DRR893811/DRR893811.lite.1	DRX871649		WGS	size fractionation	GENOMIC	PAIRED	0	0	ILLUMINA	Illumina NovaSeq 6000	DRP016880	PRJDB39920		1397041	DRS643095	SAMD01790018	simple	318829	Pyricularia oryzae	SAMD01790018							no					KOBE UNIVERSITY	DRA025884		public	9CCA7EC067A80E0BC0EB2C6916FFC5BF	F63BF04532E7FA718B77CC5F78942162
SRR37267535	2026-02-17 15:35:04	2026-02-17 15:29:16	8804528	2641358400	8804528	300	751		https://sra-downloadb.be-md.ncbi.nlm.nih.gov/sos10/sra-pub-zq-1002/SRR037/37267/SRR37267535/SRR37267535.lite.1	SRX32201240	Bc395	WGS	RANDOM	GENOMIC	PAIRED	0	0	ILLUMINA	Illumina NovaSeq X	SRP418845	PRJNA926786		926786	SRS28127743	SAMN55302557	simple	318829	Pyricularia oryzae	Bc395							no					UNIVERSITY OF KENTUCKY	SRA2335657		public	D1AA452D1876975B321DD7880E6748E3	43D0DE1543D9F9F594EAE7A43293E0B7
SRR37267546	2026-05-22 15:49:11	2026-02-17 15:29:48	4479661	1343898300	4479661	300	367		https://sra-downloadb.be-md.ncbi.nlm.nih.gov/sos10/sra-pub-zq-1002/SRR037/37267/SRR37267546/SRR37267546.lite.1	SRX32201251	CR0029	WGS	RANDOM	GENOMIC	PAIRED	0	0	ILLUMINA	Illumina NovaSeq X	SRP418845	PRJNA926786		926786	SRS28127754	SAMN55039460	simple	318829	Pyricularia oryzae	CR0029							no					UNIVERSITY OF KENTUCKY	SRA2335664		public	A434642A5B1F09C61E6B987424224367	DC358DC9DB0EF659320F16E3141648D2
SRR37581464	2026-03-11 19:54:39	2026-03-11 19:52:27	5667971	1935684710	5667971	341	1179		https://sra-downloadb.be-md.ncbi.nlm.nih.gov/sos10/sra-pub-zq-1002/SRR037/37581/SRR37581464/SRR37581464.lite.1	SRX32467874	Br7	WGS	RANDOM	GENOMIC	PAIRED	0	0	ILLUMINA	MiSeq i100	SRP322222	PRJNA320483		320483	SRS28364848	SAMN08009545	simple	318829	Pyricularia oryzae	Br7							no					UNIVERSITY OF KENTUCKY	SRA2350548		public	2968C6C94BB454CA4D2506382B5CAF51	A32497CEBF776B2FF7A1423845FB8BC3
SRR37581549	2026-03-11 20:38:46	2026-03-11 20:36:33	5898770	3060347349	0	518	1871		https://sra-downloadb.be-md.ncbi.nlm.nih.gov/sos10/sra-pub-zq-1002/SRR037/37581/SRR37581549/SRR37581549.lite.1	SRX32467959	Br80	WGS	RANDOM	GENOMIC	SINGLE	0	0	ILLUMINA	Illumina MiSeq	SRP322222	PRJNA320483		320483	SRS28364929	SAMN08009546	simple	318829	Pyricularia oryzae	Br80							no					UNIVERSITY OF KENTUCKY	SRA2350578		public	454C40D04048C7E941E10DC51B1A987F	90A398125446B3FEA8295D29ACE521C7
SRR37581696	2026-06-15 11:22:51	2026-03-11 21:45:44	13242123	3972636900	13242123	300	1302		https://sra-downloadb.be-md.ncbi.nlm.nih.gov/sos10/sra-pub-zq-1002/SRR037/37581/SRR37581696/SRR37581696.lite.1	SRX32468089	T_OKI18	WGS	RANDOM	GENOMIC	PAIRED	0	0	ILLUMINA	Illumina NovaSeq 6000	SRP683031	PRJNA1435864		1435864	SRS28365014	SAMN56458200	simple	318829	Pyricularia oryzae	T_OKI18							no					KANSAS STATE UNIVERSITY	SRA2350589		public	2BC6D5E3C2030500C12BE1C1C9B63EBF	4D11A2C6FADB3E1F9D5E1963E8B923B3
SRR37581695	2026-06-15 11:22:51	2026-03-13 11:02:04	6376678	1908746293	6376678	299	811		https://sra-downloadb.be-md.ncbi.nlm.nih.gov/sos10/sra-pub-zq-1002/SRR037/37581/SRR37581695/SRR37581695.lite.1	SRX32468090	T_16MoT01	WGS	RANDOM	GENOMIC	PAIRED	0	0	ILLUMINA	Illumina NovaSeq 6000	SRP683031	PRJNA1435864		1435864	SRS28365015	SAMN56458201	simple	318829	Pyricularia oryzae	T_16MoT01							no					KANSAS STATE UNIVERSITY	SRA2350589		public	82BF19A4CE684EB77BD3B44AC7A1FD04	3B158F867E4223EA7B1D5991ADACDAA5
SRR37581694	2026-06-15 11:22:51	2026-03-11 21:44:03	7204149	2156774102	7204149	299	906		https://sra-downloadb.be-md.ncbi.nlm.nih.gov/sos10/sra-pub-zq-1002/SRR037/37581/SRR37581694/SRR37581694.lite.1	SRX32468091	T_PS19-1	WGS	RANDOM	GENOMIC	PAIRED	0	0	ILLUMINA	Illumina NovaSeq 6000	SRP683031	PRJNA1435864		1435864	SRS28365016	SAMN56458211	simple	318829	Pyricularia oryzae	T_PS19-1							no					KANSAS STATE UNIVERSITY	SRA2350589		public	9F3EFF56C99FC46CBCC9D4E9C0DACD49	CB2518AF6CF8814A0BA2DE0F22287314
SRR37581693	2026-06-15 11:22:51	2026-03-11 21:44:39	6353854	1901301250	6353854	299	803		https://sra-downloadb.be-md.ncbi.nlm.nih.gov/sos10/sra-pub-zq-1002/SRR037/37581/SRR37581693/SRR37581693.lite.1	SRX32468092	T_PS19-2	WGS	RANDOM	GENOMIC	PAIRED	0	0	ILLUMINA	Illumina NovaSeq 6000	SRP683031	PRJNA1435864		1435864	SRS28365017	SAMN56458212	simple	318829	Pyricularia oryzae	T_PS19-2							no					KANSAS STATE UNIVERSITY	SRA2350589		public	93DB625ABE53B5283ABDB14386774E5D	EF985D8FFB5C5EE33BD5E98DB8B39CA6
ERR15523383	2025-09-22 07:31:28	2025-09-22 09:19:35	12480527	2463371993	12480527	197	1658		https://sra-downloadb.be-md.ncbi.nlm.nih.gov/sos1/sra-pub-zq-38/ERR015/15523/ERR15523383/ERR15523383.lite.1	ERX14927229	BF48 total genomic DNA	WGS	RANDOM	GENOMIC	PAIRED	0	0	ILLUMINA	Illumina HiSeq 2500	ERP109496	PRJEB27419		518846	ERS2573614	SAMEA4753515	simple	318829	Pyricularia oryzae	SAMEA4753515							no					UNIVERSITY OF EXETER	ERA34879670		public	0B58E7C0370178615B9F55F56F1E71E9	8FED82C6A432DDE891130ACAE491F704
ERR15523384	2025-09-22 06:35:23	2025-09-22 19:33:39	10827898	2156155043	10827898	199	1433		https://sra-downloadb.be-md.ncbi.nlm.nih.gov/sos7/sra-pub-zq-41/ERR015/15523/ERR15523384/ERR15523384.lite.1	ERX14927230	BN0293 total genomic DNA	WGS	RANDOM	GENOMIC	PAIRED	0	0	ILLUMINA	Illumina HiSeq 2500	ERP109496	PRJEB27419		518846	ERS2573615	SAMEA4753516	simple	318829	Pyricularia oryzae	SAMEA4753516							no					UNIVERSITY OF EXETER	ERA34879670		public	5800FAD8B617D5B4A7610760F27B47D8	15A0206C6AEFFFEA840777F2C59321F8
ERR15523385	2025-09-21 03:23:12	2025-09-22 00:43:55	17689529	4422382250	17689529	250	2204		https://sra-downloadb.be-md.ncbi.nlm.nih.gov/sos1/sra-pub-zq-38/ERR015/15523/ERR15523385/ERR15523385.lite.1	ERX14927231	KE415 total genomic DNA	WGS	RANDOM	GENOMIC	PAIRED	0	0	ILLUMINA	Illumina HiSeq 2500	ERP109496	PRJEB27419		518846	ERS2573628	SAMEA4753529	simple	318829	Pyricularia oryzae	SAMEA4753529							no					UNIVERSITY OF EXETER	ERA34879670		public	1CD14B442E4C451CD30B67A71E286968	99E4D851451C1AEFF76E4D368E99BD7E
ERR15535081	2025-09-18 02:04:53	2025-09-22 18:07:08	44064011	11016002750	44064011	250	5560		https://sra-downloadb.be-md.ncbi.nlm.nih.gov/sos8/sra-pub-zq-820/ERR015/15535/ERR15535081/ERR15535081.lite.1	ERX14938648	KE443 total genomic DNA	WGS	RANDOM	GENOMIC	PAIRED	0	0	ILLUMINA	Illumina HiSeq 2500	ERP109496	PRJEB27419		518846	ERS2573629	SAMEA4753530	simple	318829	Pyricularia oryzae	SAMEA4753530							no					UNIVERSITY OF EXETER	ERA34896434		public	CA9316D96A59A6A94D1AFBA11C9DB35C	5EDEC4B718A9BF9A3A10494A066CFF31
ERR15535082	2025-09-19 13:04:53	2025-09-19 15:31:43	39157794	9789448500	39157794	250	4686		https://sra-downloadb.be-md.ncbi.nlm.nih.gov/sos7/sra-pub-zq-41/ERR015/15535/ERR15535082/ERR15535082.lite.1	ERX14938649	KE473 total genomic DNA	WGS	RANDOM	GENOMIC	PAIRED	0	0	ILLUMINA	Illumina HiSeq 2500	ERP109496	PRJEB27419		518846	ERS2573630	SAMEA4753531	simple	318829	Pyricularia oryzae	SAMEA4753531							no					UNIVERSITY OF EXETER	ERA34896434		public	5F4C354D7876FDC08D4E2A4EBC40B74C	E4BA65E796767C0CFD0955EE9E653322
ERR15561581	2025-11-24 23:12:44	2025-11-28 00:17:40	10006396	3001918800	10006396	300	904		https://sra-downloadb.be-md.ncbi.nlm.nih.gov/sos9/sra-pub-zq-924/ERR015/15561/ERR15561581/ERR15561581.lite.1	ERX14965146	BN0192	WGS	PCR	GENOMIC	PAIRED	0	0	ILLUMINA	Illumina NovaSeq X	ERP179592	PRJEB96956		1369358	ERS26752885	SAMEA120103425	simple	242507	Pyricularia oryzae 70-15	SAMEA120103425							no					THE JOHN INNES CENTRE	ERA34898258		public	4DCE8801A3C92276462AA46F97D660DE	25FD345FF010A963B29149101ED48F00
ERR15561598	2025-11-25 01:58:45	2025-11-28 06:35:32	11863590	3559077000	11863590	300	1056		https://sra-downloadb.be-md.ncbi.nlm.nih.gov/sos9/sra-pub-zq-924/ERR015/15561/ERR15561598/ERR15561598.lite.1	ERX14965163	TN0096	WGS	PCR	GENOMIC	PAIRED	0	0	ILLUMINA	Illumina NovaSeq X	ERP179592	PRJEB96956		1369358	ERS26752880	SAMEA120103420	simple	242507	Pyricularia oryzae 70-15	SAMEA120103420							no					THE JOHN INNES CENTRE	ERA34898258		public	4F51C0FECE6D5AE4666E7457A73E1981	6436560E33939462C965536235922DA1
ERR15561597	2025-11-25 01:53:17	2025-11-28 06:05:20	14093042	4227912600	14093042	300	1270		https://sra-downloadb.be-md.ncbi.nlm.nih.gov/sos9/sra-pub-zq-924/ERR015/15561/ERR15561597/ERR15561597.lite.1	ERX14965162	TN0078	WGS	PCR	GENOMIC	PAIRED	0	0	ILLUMINA	Illumina NovaSeq X	ERP179592	PRJEB96956		1369358	ERS26752879	SAMEA120103419	simple	242507	Pyricularia oryzae 70-15	SAMEA120103419							no					THE JOHN INNES CENTRE	ERA34898258		public	71D40CF0572AFF098FA02E3466F8698B	8EC7C536DB2C72AA679C915578F378B6
ERR15561580	2025-11-24 23:40:45	2025-11-28 05:28:53	13126443	3937932900	13126443	300	1174		https://sra-downloadb.be-md.ncbi.nlm.nih.gov/sos9/sra-pub-zq-924/ERR015/15561/ERR15561580/ERR15561580.lite.1	ERX14965145	BN0040	WGS	PCR	GENOMIC	PAIRED	0	0	ILLUMINA	Illumina NovaSeq X	ERP179592	PRJEB96956		1369358	ERS26752884	SAMEA120103424	simple	242507	Pyricularia oryzae 70-15	SAMEA120103424							no					THE JOHN INNES CENTRE	ERA34898258		public	5E5B227787D9B312C54FD541043E89AA	8814BAE1246135F3412E929D0890D468
ERR15561589	2025-11-24 23:40:45	2025-11-28 04:56:27	12636713	3791013900	12636713	300	1133		https://sra-downloadb.be-md.ncbi.nlm.nih.gov/sos9/sra-pub-zq-924/ERR015/15561/ERR15561589/ERR15561589.lite.1	ERX14965154	NG0191	WGS	PCR	GENOMIC	PAIRED	0	0	ILLUMINA	Illumina NovaSeq X	ERP179592	PRJEB96956		1369358	ERS26752881	SAMEA120103421	simple	242507	Pyricularia oryzae 70-15	SAMEA120103421							no					THE JOHN INNES CENTRE	ERA34898258		public	142BCF5F7165AD73A13CE28B45590EF9	106C9EBBAB80A5C685A429A82FE72D74
ERR15561582	2025-11-24 23:40:45	2025-11-29 12:41:33	17411100	5223330000	17411100	300	1558		https://sra-downloadb.be-md.ncbi.nlm.nih.gov/sos8/sra-pub-zq-820/ERR015/15561/ERR15561582/ERR15561582.lite.1	ERX14965147	KE489	WGS	PCR	GENOMIC	PAIRED	0	0	ILLUMINA	Illumina NovaSeq X	ERP179592	PRJEB96956		1369358	ERS26752882	SAMEA120103422	simple	242507	Pyricularia oryzae 70-15	SAMEA120103422							no					THE JOHN INNES CENTRE	ERA34898258		public	1752DF2A5541BCB6DA782D74A962235D	ADA47F281CE68C638DD38D03651E3FB2
ERR15561594	2025-11-24 23:40:45	2025-11-28 05:28:43	10926203	3277860900	10926203	300	963		https://sra-downloadb.be-md.ncbi.nlm.nih.gov/sos9/sra-pub-zq-924/ERR015/15561/ERR15561594/ERR15561594.lite.1	ERX14965159	TN0068	WGS	PCR	GENOMIC	PAIRED	0	0	ILLUMINA	Illumina NovaSeq X	ERP179592	PRJEB96956		1369358	ERS26752876	SAMEA120103416	simple	242507	Pyricularia oryzae 70-15	SAMEA120103416							no					THE JOHN INNES CENTRE	ERA34898258		public	EEEA1EF889BE9BC26EBC8E8C37C66F53	E9E3896210070F89CB6E3BCE35360AEE
ERR15561587	2025-11-24 23:12:44	2025-11-28 00:16:41	4738806	1421641800	4738806	300	376		https://sra-downloadb.be-md.ncbi.nlm.nih.gov/sos9/sra-pub-zq-924/ERR015/15561/ERR15561587/ERR15561587.lite.1	ERX14965152	ML0066	WGS	PCR	GENOMIC	PAIRED	0	0	ILLUMINA	Illumina NovaSeq X	ERP179592	PRJEB96956		1369358	ERS26752887	SAMEA120103427	simple	242507	Pyricularia oryzae 70-15	SAMEA120103427							no					THE JOHN INNES CENTRE	ERA34898258		public	480A4FBDF88D7EE3E82B0DDBE6DA92CE	EF0B05E2204F25B40E7E383CB065D30E
ERR15561588	2025-11-25 01:55:37	2025-11-28 06:12:33	8644622	2593386600	8644622	300	687		https://sra-downloadb.be-md.ncbi.nlm.nih.gov/sos9/sra-pub-zq-924/ERR015/15561/ERR15561588/ERR15561588.lite.1	ERX14965153	ML0066_2	WGS	PCR	GENOMIC	PAIRED	0	0	ILLUMINA	Illumina NovaSeq X	ERP179592	PRJEB96956		1369358	ERS26752887	SAMEA120103427	simple	242507	Pyricularia oryzae 70-15	SAMEA120103427							no					THE JOHN INNES CENTRE	ERA34898258		public	3D63E099947E6C9E11C4CA5A40DC50DB	CD3D9A43B6CC1B128504F0D65F19D0C1
ERR15561596	2025-11-24 23:12:44	2025-11-28 00:17:57	11505811	3451743300	11505811	300	1054		https://sra-downloadb.be-md.ncbi.nlm.nih.gov/sos9/sra-pub-zq-924/ERR015/15561/ERR15561596/ERR15561596.lite.1	ERX14965161	TN0073	WGS	PCR	GENOMIC	PAIRED	0	0	ILLUMINA	Illumina NovaSeq X	ERP179592	PRJEB96956		1369358	ERS26752878	SAMEA120103418	simple	242507	Pyricularia oryzae 70-15	SAMEA120103418							no					THE JOHN INNES CENTRE	ERA34898258		public	DE7CB4BADAEED6A75CBD88E437542EFC	7606913BCE4EEC87C462DF1E1033253A
ERR15561593	2025-11-24 23:12:44	2025-11-28 00:16:56	11327063	3398118900	11327063	300	1006		https://sra-downloadb.be-md.ncbi.nlm.nih.gov/sos9/sra-pub-zq-924/ERR015/15561/ERR15561593/ERR15561593.lite.1	ERX14965158	TN0050	WGS	PCR	GENOMIC	PAIRED	0	0	ILLUMINA	Illumina NovaSeq X	ERP179592	PRJEB96956		1369358	ERS26752875	SAMEA120103415	simple	242507	Pyricularia oryzae 70-15	SAMEA120103415							no					THE JOHN INNES CENTRE	ERA34898258		public	C778A7A66730B4B3805125C6F81BFB7B	087E66FC5077D28DD2F234871D4E252F
ERR15561591	2025-11-24 23:40:45	2025-11-28 05:27:54	10485509	3145652700	10485509	300	908		https://sra-downloadb.be-md.ncbi.nlm.nih.gov/sos9/sra-pub-zq-924/ERR015/15561/ERR15561591/ERR15561591.lite.1	ERX14965156	TN0019	WGS	PCR	GENOMIC	PAIRED	0	0	ILLUMINA	Illumina NovaSeq X	ERP179592	PRJEB96956		1369358	ERS26752873	SAMEA120103413	simple	242507	Pyricularia oryzae 70-15	SAMEA120103413							no					THE JOHN INNES CENTRE	ERA34898258		public	C43BEA277FB081E46503D123B49435AF	57ADA7D70701D487DA210221C5B04241
ERR15561592	2025-11-24 23:40:45	2025-11-28 00:16:51	3766009	1129802700	3766009	300	334		https://sra-downloadb.be-md.ncbi.nlm.nih.gov/sos9/sra-pub-zq-924/ERR015/15561/ERR15561592/ERR15561592.lite.1	ERX14965157	TN0019_2	WGS	PCR	GENOMIC	PAIRED	0	0	ILLUMINA	Illumina NovaSeq X	ERP179592	PRJEB96956		1369358	ERS26752873	SAMEA120103413	simple	242507	Pyricularia oryzae 70-15	SAMEA120103413							no					THE JOHN INNES CENTRE	ERA34898258		public	23BA5C40FA3CDAED691B952AE478BE54	11468E79B4165C0BAAECDF945FF9ECC8
ERR15561583	2025-11-25 01:55:37	2025-11-28 06:06:29	6731407	2019422100	6731407	300	545		https://sra-downloadb.be-md.ncbi.nlm.nih.gov/sos9/sra-pub-zq-924/ERR015/15561/ERR15561583/ERR15561583.lite.1	ERX14965148	KE493	WGS	PCR	GENOMIC	PAIRED	0	0	ILLUMINA	Illumina NovaSeq X	ERP179592	PRJEB96956		1369358	ERS26752883	SAMEA120103423	simple	242507	Pyricularia oryzae 70-15	SAMEA120103423							no					THE JOHN INNES CENTRE	ERA34898258		public	F72505C921737AED753F9057EBA5D520	18B2FA208AE21B96FA73500ABB6557C3
ERR15561584	2025-11-25 01:58:45	2025-11-28 06:14:11	6674662	2002398600	6674662	300	541		https://sra-downloadb.be-md.ncbi.nlm.nih.gov/sos9/sra-pub-zq-924/ERR015/15561/ERR15561584/ERR15561584.lite.1	ERX14965149	KE493_2	WGS	PCR	GENOMIC	PAIRED	0	0	ILLUMINA	Illumina NovaSeq X	ERP179592	PRJEB96956		1369358	ERS26752883	SAMEA120103423	simple	242507	Pyricularia oryzae 70-15	SAMEA120103423							no					THE JOHN INNES CENTRE	ERA34898258		public	EC81FD14D055329B18D608861E493F6E	F80F31C07782C60338494B2EEA637BEB
ERR15561590	2025-11-24 23:40:45	2025-11-28 00:18:24	15012827	4503848100	15012827	300	1340		https://sra-downloadb.be-md.ncbi.nlm.nih.gov/sos9/sra-pub-zq-924/ERR015/15561/ERR15561590/ERR15561590.lite.1	ERX14965155	TG0016	WGS	PCR	GENOMIC	PAIRED	0	0	ILLUMINA	Illumina NovaSeq X	ERP179592	PRJEB96956		1369358	ERS26752874	SAMEA120103414	simple	242507	Pyricularia oryzae 70-15	SAMEA120103414							no					THE JOHN INNES CENTRE	ERA34898258		public	3EEC20091023841D98FDE91166FF8FA8	4E933B6A3D5B6C6B9F067F0E07DE4EFE
ERR15561585	2025-11-25 01:58:45	2025-11-28 06:28:53	11659244	3497773200	11659244	300	1015		https://sra-downloadb.be-md.ncbi.nlm.nih.gov/sos9/sra-pub-zq-924/ERR015/15561/ERR15561585/ERR15561585.lite.1	ERX14965150	ML0063	WGS	PCR	GENOMIC	PAIRED	0	0	ILLUMINA	Illumina NovaSeq X	ERP179592	PRJEB96956		1369358	ERS26752886	SAMEA120103426	simple	242507	Pyricularia oryzae 70-15	SAMEA120103426							no					THE JOHN INNES CENTRE	ERA34898258		public	532DEA8F42035F51AF49C8B700007895	27A928BEC81577B23D351D4B4C9179A8
ERR15561586	2025-11-24 23:40:45	2025-11-28 04:54:32	3363911	1009173300	3363911	300	298		https://sra-downloadb.be-md.ncbi.nlm.nih.gov/sos9/sra-pub-zq-924/ERR015/15561/ERR15561586/ERR15561586.lite.1	ERX14965151	ML0063_2	WGS	PCR	GENOMIC	PAIRED	0	0	ILLUMINA	Illumina NovaSeq X	ERP179592	PRJEB96956		1369358	ERS26752886	SAMEA120103426	simple	242507	Pyricularia oryzae 70-15	SAMEA120103426							no					THE JOHN INNES CENTRE	ERA34898258		public	18713E7291F808473DC628FB2B3C8F22	03A0D837BA9D192D253302E2BE8A8E12
ERR15561595	2025-11-25 01:55:37	2025-11-28 06:42:36	12079688	3623906400	12079688	300	1080		https://sra-downloadb.be-md.ncbi.nlm.nih.gov/sos9/sra-pub-zq-924/ERR015/15561/ERR15561595/ERR15561595.lite.1	ERX14965160	TN0070	WGS	PCR	GENOMIC	PAIRED	0	0	ILLUMINA	Illumina NovaSeq X	ERP179592	PRJEB96956		1369358	ERS26752877	SAMEA120103417	simple	242507	Pyricularia oryzae 70-15	SAMEA120103417							no					THE JOHN INNES CENTRE	ERA34898258		public	5187DA75CFA88BC5F2E733DBE856EB01	4BCBA58153B173B8397A58B50D2CF2F9
SRR34026481	2025-10-31 04:03:42	2025-06-18 09:31:58	25569675	7648792883	25569675	299	3142		https://sra-downloadb.be-md.ncbi.nlm.nih.gov/sos9/sra-pub-zq-924/SRR034/34026/SRR34026481/SRR34026481.lite.1	SRX29222161	E18	WGS	RANDOM	GENOMIC	PAIRED	0	0	ILLUMINA	Illumina NovaSeq 6000	SRP592876	PRJNA1279063		1279063	SRS25417115	SAMN49375465	simple	318829	Pyricularia oryzae	E18							no					UNIVERSITY OF GEORGIA	SRA2151435		public	95723C3EE02568473C7D5C00FA0D8BE1	10CF06954D162FBF1FAD348D188B4936
SRR34026470	2025-10-31 04:03:45	2025-06-18 09:29:10	16578976	5006850752	16578976	302	2182		https://sra-downloadb.be-md.ncbi.nlm.nih.gov/sos9/sra-pub-zq-924/SRR034/34026/SRR34026470/SRR34026470.lite.1	SRX29222172	E19	WGS	RANDOM	GENOMIC	PAIRED	0	0	ILLUMINA	Illumina NovaSeq 6000	SRP592876	PRJNA1279063		1279063	SRS25417124	SAMN49375466	simple	318829	Pyricularia oryzae	E19							no					UNIVERSITY OF GEORGIA	SRA2151435		public	AC0BEC76A9905586CFA4514FCE388DAB	194987101279C131AA3B5C9E3D9F27B6
SRR34026459	2025-10-31 04:03:45	2025-06-18 09:27:48	13457103	4064045106	13457103	302	1784		https://sra-downloadb.be-md.ncbi.nlm.nih.gov/sos9/sra-pub-zq-924/SRR034/34026/SRR34026459/SRR34026459.lite.1	SRX29222183	E20	WGS	RANDOM	GENOMIC	PAIRED	0	0	ILLUMINA	Illumina NovaSeq 6000	SRP592876	PRJNA1279063		1279063	SRS25417137	SAMN49375467	simple	318829	Pyricularia oryzae	E20							no					UNIVERSITY OF GEORGIA	SRA2151435		public	34979785DE1E7117A0B2E2864464B046	996C6D381A1B22F5E9B9E00E0AECA29C
SRR34026479	2025-10-31 04:03:36	2025-06-18 09:27:34	5005608	1481796051	5005608	296	609		https://sra-downloadb.be-md.ncbi.nlm.nih.gov/sos9/sra-pub-zq-924/SRR034/34026/SRR34026479/SRR34026479.lite.1	SRX29222163	K2	WGS	RANDOM	GENOMIC	PAIRED	0	0	ILLUMINA	Illumina NovaSeq 6000	SRP592876	PRJNA1279063		1279063	SRS25417116	SAMN49375529	simple	318829	Pyricularia oryzae	K2							no					UNIVERSITY OF GEORGIA	SRA2151435		public	B5F7C12E9030DDDEE0534169C5F03DB1	B86FDFA3B686C4FC0703E9E21CBFB83A
SRR34026482	2025-10-31 04:03:45	2025-06-18 09:27:21	3626678	1083682308	3626678	298	446		https://sra-downloadb.be-md.ncbi.nlm.nih.gov/sos9/sra-pub-zq-924/SRR034/34026/SRR34026482/SRR34026482.lite.1	SRX29222160	K20	WGS	RANDOM	GENOMIC	PAIRED	0	0	ILLUMINA	Illumina NovaSeq 6000	SRP592876	PRJNA1279063		1279063	SRS25417114	SAMN49375527	simple	318829	Pyricularia oryzae	K20							no					UNIVERSITY OF GEORGIA	SRA2151435		public	12326C0B554844DECEC15EE7E913D5D3	856C6845AB33726E8277E8DF4E07C95E
SRR34026480	2025-10-31 04:03:45	2025-06-18 09:27:10	2749347	823779515	2749347	299	333		https://sra-downloadb.be-md.ncbi.nlm.nih.gov/sos9/sra-pub-zq-924/SRR034/34026/SRR34026480/SRR34026480.lite.1	SRX29222162	K21	WGS	RANDOM	GENOMIC	PAIRED	0	0	ILLUMINA	Illumina NovaSeq 6000	SRP592876	PRJNA1279063		1279063	SRS25417117	SAMN49375528	simple	318829	Pyricularia oryzae	K21							no					UNIVERSITY OF GEORGIA	SRA2151435		public	12FE357ABA72BB0A6222F5AFF0CB1ECA	4AEE466AAA96B2988619D686B7979313
SRR34026478	2025-10-31 04:03:36	2025-06-18 09:26:51	778201	233249580	778201	299	98		https://sra-downloadb.be-md.ncbi.nlm.nih.gov/sos9/sra-pub-zq-924/SRR034/34026/SRR34026478/SRR34026478.lite.1	SRX29222164	K22	WGS	RANDOM	GENOMIC	PAIRED	0	0	ILLUMINA	Illumina NovaSeq 6000	SRP592876	PRJNA1279063		1279063	SRS25417118	SAMN49375530	simple	318829	Pyricularia oryzae	K22							no					UNIVERSITY OF GEORGIA	SRA2151435		public	AA62978BE4B37B44CD8699B984E8D250	9ADB716BEF4D4D35420ACC04AB74DA0D
SRR34026477	2025-10-31 04:03:36	2025-06-18 09:27:55	6778563	2033568900	6778563	300	855		https://sra-downloadb.be-md.ncbi.nlm.nih.gov/sos9/sra-pub-zq-924/SRR034/34026/SRR34026477/SRR34026477.lite.1	SRX29222165	K23	WGS	RANDOM	GENOMIC	PAIRED	0	0	ILLUMINA	Illumina NovaSeq 6000	SRP592876	PRJNA1279063		1279063	SRS25417120	SAMN49375531	simple	318829	Pyricularia oryzae	K23							no					UNIVERSITY OF GEORGIA	SRA2151435		public	B0177F631BEFED27A56D94AFB5AD2E93	EA160F5F845A5972645BCC872F7F841D
SRR34026476	2025-10-31 04:03:36	2025-06-18 09:28:02	7408373	2222511900	7408373	300	928		https://sra-downloadb.be-md.ncbi.nlm.nih.gov/sos9/sra-pub-zq-924/SRR034/34026/SRR34026476/SRR34026476.lite.1	SRX29222166	K24	WGS	RANDOM	GENOMIC	PAIRED	0	0	ILLUMINA	Illumina NovaSeq 6000	SRP592876	PRJNA1279063		1279063	SRS25417119	SAMN49375532	simple	318829	Pyricularia oryzae	K24							no					UNIVERSITY OF GEORGIA	SRA2151435		public	0205326B42B38E4C99BA737FF28BEDEB	B3B781B72EA03D229AE6CE85A000442C
SRR34026475	2025-10-31 04:03:45	2025-06-18 09:27:57	7719403	2315820900	7719403	300	970		https://sra-downloadb.be-md.ncbi.nlm.nih.gov/sos9/sra-pub-zq-924/SRR034/34026/SRR34026475/SRR34026475.lite.1	SRX29222167	K25	WGS	RANDOM	GENOMIC	PAIRED	0	0	ILLUMINA	Illumina NovaSeq 6000	SRP592876	PRJNA1279063		1279063	SRS25417122	SAMN49375533	simple	318829	Pyricularia oryzae	K25							no					UNIVERSITY OF GEORGIA	SRA2151435		public	FDA16149D3F4D246FE6A06764C8B2EA6	B864A560280920BA44D78BBB03D8DB1D
SRR34026474	2025-10-31 04:03:42	2025-06-18 09:27:36	6680074	2004022200	6680074	300	832		https://sra-downloadb.be-md.ncbi.nlm.nih.gov/sos9/sra-pub-zq-924/SRR034/34026/SRR34026474/SRR34026474.lite.1	SRX29222168	K26	WGS	RANDOM	GENOMIC	PAIRED	0	0	ILLUMINA	Illumina NovaSeq 6000	SRP592876	PRJNA1279063		1279063	SRS25417121	SAMN49375534	simple	318829	Pyricularia oryzae	K26							no					UNIVERSITY OF GEORGIA	SRA2151435		public	254A3674BBE37138789945E22CE8B543	A288DEC837A3806895F4E7C29153546E
SRR34026473	2025-10-31 04:03:45	2025-06-18 09:29:16	15075429	4552779558	15075429	302	1965		https://sra-downloadb.be-md.ncbi.nlm.nih.gov/sos9/sra-pub-zq-924/SRR034/34026/SRR34026473/SRR34026473.lite.1	SRX29222169	K27	WGS	RANDOM	GENOMIC	PAIRED	0	0	ILLUMINA	Illumina NovaSeq 6000	SRP592876	PRJNA1279063		1279063	SRS25417123	SAMN49375535	simple	318829	Pyricularia oryzae	K27							no					UNIVERSITY OF GEORGIA	SRA2151435		public	16C943F1079F07E9979D313974653FAD	271A0AC9CCB27597254B4C677EF94AF8
SRR34026472	2025-10-31 04:03:45	2025-06-18 09:27:58	7305185	2191555500	7305185	300	903		https://sra-downloadb.be-md.ncbi.nlm.nih.gov/sos9/sra-pub-zq-924/SRR034/34026/SRR34026472/SRR34026472.lite.1	SRX29222170	K28	WGS	RANDOM	GENOMIC	PAIRED	0	0	ILLUMINA	Illumina NovaSeq 6000	SRP592876	PRJNA1279063		1279063	SRS25417125	SAMN49375536	simple	318829	Pyricularia oryzae	K28							no					UNIVERSITY OF GEORGIA	SRA2151435		public	54C4F317FF05D45DF69DB37BFDA0D377	3D380D6D832C9AA8C9117B4FEAC037EB
SRR34026471	2025-10-31 04:03:36	2025-06-18 09:27:51	6566743	1970022900	6566743	300	824		https://sra-downloadb.be-md.ncbi.nlm.nih.gov/sos9/sra-pub-zq-924/SRR034/34026/SRR34026471/SRR34026471.lite.1	SRX29222171	K29	WGS	RANDOM	GENOMIC	PAIRED	0	0	ILLUMINA	Illumina NovaSeq 6000	SRP592876	PRJNA1279063		1279063	SRS25417126	SAMN49375537	simple	318829	Pyricularia oryzae	K29							no					UNIVERSITY OF GEORGIA	SRA2151435		public	3C6EC3AD67780ACE5A42DFE5F8E7CE89	D71A8930379AD170E160A38E924DBBA0
SRR34026467	2025-10-31 04:03:43	2025-06-18 09:30:02	10398366	3113927770	10398366	299	1283		https://sra-downloadb.be-md.ncbi.nlm.nih.gov/sos9/sra-pub-zq-924/SRR034/34026/SRR34026467/SRR34026467.lite.1	SRX29222175	K3	WGS	RANDOM	GENOMIC	PAIRED	0	0	ILLUMINA	Illumina NovaSeq 6000	SRP592876	PRJNA1279063		1279063	SRS25417128	SAMN49375540	simple	318829	Pyricularia oryzae	K3							no					UNIVERSITY OF GEORGIA	SRA2151435		public	8CCA699A4830F37533AD50C0E26857C3	B2C5EEFC81BB15131E7ECF83EC17630B
SRR34026469	2025-10-31 04:03:43	2025-06-18 09:27:47	7236286	2170885800	7236286	300	929		https://sra-downloadb.be-md.ncbi.nlm.nih.gov/sos9/sra-pub-zq-924/SRR034/34026/SRR34026469/SRR34026469.lite.1	SRX29222173	K30	WGS	RANDOM	GENOMIC	PAIRED	0	0	ILLUMINA	Illumina NovaSeq 6000	SRP592876	PRJNA1279063		1279063	SRS25417127	SAMN49375538	simple	318829	Pyricularia oryzae	K30							no					UNIVERSITY OF GEORGIA	SRA2151435		public	EFF00AF35C9EA79C8E41A27A39554CF7	F07D506F2A363DE2E1F25FB6F7FC309B
SRR34026468	2025-10-31 04:03:36	2025-06-18 09:27:39	7147924	2144377200	7147924	300	902		https://sra-downloadb.be-md.ncbi.nlm.nih.gov/sos9/sra-pub-zq-924/SRR034/34026/SRR34026468/SRR34026468.lite.1	SRX29222174	K31	WGS	RANDOM	GENOMIC	PAIRED	0	0	ILLUMINA	Illumina NovaSeq 6000	SRP592876	PRJNA1279063		1279063	SRS25417129	SAMN49375539	simple	318829	Pyricularia oryzae	K31							no					UNIVERSITY OF GEORGIA	SRA2151435		public	D5D85C4C2CD35908AAA67C31751E72BD	DA3B787DE58324B22E755810B6F63AA6
SRR34026466	2025-10-31 04:03:36	2025-06-18 09:27:45	7794391	2338317300	7794391	300	961		https://sra-downloadb.be-md.ncbi.nlm.nih.gov/sos9/sra-pub-zq-924/SRR034/34026/SRR34026466/SRR34026466.lite.1	SRX29222176	K32	WGS	RANDOM	GENOMIC	PAIRED	0	0	ILLUMINA	Illumina NovaSeq 6000	SRP592876	PRJNA1279063		1279063	SRS25417130	SAMN49375541	simple	318829	Pyricularia oryzae	K32							no					UNIVERSITY OF GEORGIA	SRA2151435		public	4B7FB08EBAB6155A0101CD8F474D589A	CCCAD0E81670CD140181417D4003513A
SRR34026465	2025-10-31 04:03:36	2025-06-18 09:28:17	6568250	1970475000	6568250	300	835		https://sra-downloadb.be-md.ncbi.nlm.nih.gov/sos9/sra-pub-zq-924/SRR034/34026/SRR34026465/SRR34026465.lite.1	SRX29222177	K33	WGS	RANDOM	GENOMIC	PAIRED	0	0	ILLUMINA	Illumina NovaSeq 6000	SRP592876	PRJNA1279063		1279063	SRS25417133	SAMN49375542	simple	318829	Pyricularia oryzae	K33							no					UNIVERSITY OF GEORGIA	SRA2151435		public	18B0AD5F3A435636B11B46AA47807F9A	FB141340CF44E491F6FB84F31A803D94
SRR34026464	2025-10-31 04:03:43	2025-06-18 09:27:51	7751335	2325400500	7751335	300	959		https://sra-downloadb.be-md.ncbi.nlm.nih.gov/sos9/sra-pub-zq-924/SRR034/34026/SRR34026464/SRR34026464.lite.1	SRX29222178	K34	WGS	RANDOM	GENOMIC	PAIRED	0	0	ILLUMINA	Illumina NovaSeq 6000	SRP592876	PRJNA1279063		1279063	SRS25417132	SAMN49375543	simple	318829	Pyricularia oryzae	K34							no					UNIVERSITY OF GEORGIA	SRA2151435		public	242F5F1B4AEE3E850D89373FCD6B9DEE	63E7BE05CDDC3606CBBEDF75325A29E7
SRR34026463	2025-10-31 04:03:36	2025-06-18 09:31:47	20725723	6259168346	20725723	302	2806		https://sra-downloadb.be-md.ncbi.nlm.nih.gov/sos9/sra-pub-zq-924/SRR034/34026/SRR34026463/SRR34026463.lite.1	SRX29222179	K35	WGS	RANDOM	GENOMIC	PAIRED	0	0	ILLUMINA	Illumina NovaSeq 6000	SRP592876	PRJNA1279063		1279063	SRS25417131	SAMN49375544	simple	318829	Pyricularia oryzae	K35							no					UNIVERSITY OF GEORGIA	SRA2151435		public	43C13203CA61EE37704EE9A47011C4A9	8E0CB8251B3F16397D8F9F70DE2AB8A1
SRR34026462	2025-10-31 04:03:45	2025-06-18 09:28:22	6729935	2018980500	6729935	300	842		https://sra-downloadb.be-md.ncbi.nlm.nih.gov/sos9/sra-pub-zq-924/SRR034/34026/SRR34026462/SRR34026462.lite.1	SRX29222180	K36	WGS	RANDOM	GENOMIC	PAIRED	0	0	ILLUMINA	Illumina NovaSeq 6000	SRP592876	PRJNA1279063		1279063	SRS25417135	SAMN49375545	simple	318829	Pyricularia oryzae	K36							no					UNIVERSITY OF GEORGIA	SRA2151435		public	3B2DD4CFD43BD339D2AEC7FAA777FDC3	FF3D0B195579D9E3E4A7517FECF28306
SRR34026461	2025-10-31 04:03:36	2025-06-18 09:35:17	22817203	6890795306	22817203	302	3202		https://sra-downloadb.be-md.ncbi.nlm.nih.gov/sos9/sra-pub-zq-924/SRR034/34026/SRR34026461/SRR34026461.lite.1	SRX29222181	K37	WGS	RANDOM	GENOMIC	PAIRED	0	0	ILLUMINA	Illumina NovaSeq 6000	SRP592876	PRJNA1279063		1279063	SRS25417134	SAMN49375546	simple	318829	Pyricularia oryzae	K37							no					UNIVERSITY OF GEORGIA	SRA2151435		public	290A0BE22E70AD39E0C061875A6CCD3D	43EFECF61CB9101F37C662F78EF94B46
SRR34026460	2025-10-31 04:03:43	2025-06-18 09:28:01	12559480	3792962960	12559480	302	1782		https://sra-downloadb.be-md.ncbi.nlm.nih.gov/sos9/sra-pub-zq-924/SRR034/34026/SRR34026460/SRR34026460.lite.1	SRX29222182	K38	WGS	RANDOM	GENOMIC	PAIRED	0	0	ILLUMINA	Illumina NovaSeq 6000	SRP592876	PRJNA1279063		1279063	SRS25417136	SAMN49375547	simple	318829	Pyricularia oryzae	K38							no					UNIVERSITY OF GEORGIA	SRA2151435		public	59AF6CBE94B4A232B0ED58A026EF113C	E552C66474611DE13E6F7D7D95E943C4
SRR34026458	2025-10-31 04:03:36	2025-06-18 09:28:53	18726725	5655470950	18726725	302	2655		https://sra-downloadb.be-md.ncbi.nlm.nih.gov/sos9/sra-pub-zq-924/SRR034/34026/SRR34026458/SRR34026458.lite.1	SRX29222184	K39	WGS	RANDOM	GENOMIC	PAIRED	0	0	ILLUMINA	Illumina NovaSeq 6000	SRP592876	PRJNA1279063		1279063	SRS25417138	SAMN49375548	simple	318829	Pyricularia oryzae	K39							no					UNIVERSITY OF GEORGIA	SRA2151435		public	74FA0757D76093EBC57DB637B0375198	1F8D681B52AA11361ACA3D17537D6141
SRR34026455	2025-10-31 04:03:36	2025-06-18 09:28:56	12028373	3632568646	12028373	302	1576		https://sra-downloadb.be-md.ncbi.nlm.nih.gov/sos9/sra-pub-zq-924/SRR034/34026/SRR34026455/SRR34026455.lite.1	SRX29222187	K4	WGS	RANDOM	GENOMIC	PAIRED	0	0	ILLUMINA	Illumina NovaSeq 6000	SRP592876	PRJNA1279063		1279063	SRS25417139	SAMN49375551	simple	318829	Pyricularia oryzae	K4							no					UNIVERSITY OF GEORGIA	SRA2151435		public	8A871BAE4A82DD0107D062AC1B122C95	19340150F87A77201482E97FD474F1FC
SRR34026457	2025-10-31 04:03:45	2025-06-18 09:30:36	18237235	5507644970	18237235	302	2502		https://sra-downloadb.be-md.ncbi.nlm.nih.gov/sos9/sra-pub-zq-924/SRR034/34026/SRR34026457/SRR34026457.lite.1	SRX29222185	K40	WGS	RANDOM	GENOMIC	PAIRED	0	0	ILLUMINA	Illumina NovaSeq 6000	SRP592876	PRJNA1279063		1279063	SRS25417140	SAMN49375549	simple	318829	Pyricularia oryzae	K40							no					UNIVERSITY OF GEORGIA	SRA2151435		public	2FFA79E582F296829B6EFBC1F9F50466	FC99CC4C63F2C2B6C7DAE17AB8AF7D3C
SRR34026456	2025-10-31 04:03:36	2025-06-18 09:29:28	13343822	4029834244	13343822	302	1879		https://sra-downloadb.be-md.ncbi.nlm.nih.gov/sos9/sra-pub-zq-924/SRR034/34026/SRR34026456/SRR34026456.lite.1	SRX29222186	K41	WGS	RANDOM	GENOMIC	PAIRED	0	0	ILLUMINA	Illumina NovaSeq 6000	SRP592876	PRJNA1279063		1279063	SRS25417141	SAMN49375550	simple	318829	Pyricularia oryzae	K41							no					UNIVERSITY OF GEORGIA	SRA2151435		public	870C3A8107BEE69C2F9053EE7742FF63	427C8EF2B8D7C485158CBD5370C4F82C
SRR34026454	2025-10-31 04:03:43	2025-06-18 09:27:15	4847084	1463819368	4847084	302	686		https://sra-downloadb.be-md.ncbi.nlm.nih.gov/sos9/sra-pub-zq-924/SRR034/34026/SRR34026454/SRR34026454.lite.1	SRX29222188	K42	WGS	RANDOM	GENOMIC	PAIRED	0	0	ILLUMINA	Illumina NovaSeq 6000	SRP592876	PRJNA1279063		1279063	SRS25417142	SAMN49375552	simple	318829	Pyricularia oryzae	K42							no					UNIVERSITY OF GEORGIA	SRA2151435		public	07FD8868CF5593B26B0B949729B60B46	8C4F0556ACB212264A03007F289A412C
SRR34026453	2025-10-31 04:03:37	2025-06-18 09:28:01	7347817	2219040734	7347817	302	1047		https://sra-downloadb.be-md.ncbi.nlm.nih.gov/sos9/sra-pub-zq-924/SRR034/34026/SRR34026453/SRR34026453.lite.1	SRX29222189	K43	WGS	RANDOM	GENOMIC	PAIRED	0	0	ILLUMINA	Illumina NovaSeq 6000	SRP592876	PRJNA1279063		1279063	SRS25417144	SAMN49375553	simple	318829	Pyricularia oryzae	K43							no					UNIVERSITY OF GEORGIA	SRA2151435		public	8DA4C68D5D835653F719F0E74DEFBAA7	5E7B005097E8D7BADECCC6662FDB1B44
SRR34026452	2025-10-31 04:03:45	2025-06-18 09:29:26	13402003	4047404906	13402003	302	1900		https://sra-downloadb.be-md.ncbi.nlm.nih.gov/sos9/sra-pub-zq-924/SRR034/34026/SRR34026452/SRR34026452.lite.1	SRX29222190	K44	WGS	RANDOM	GENOMIC	PAIRED	0	0	ILLUMINA	Illumina NovaSeq 6000	SRP592876	PRJNA1279063		1279063	SRS25417143	SAMN49375554	simple	318829	Pyricularia oryzae	K44							no					UNIVERSITY OF GEORGIA	SRA2151435		public	145ECD4F0B9531232ED19B5B079865E3	D2440D3C6F8906909089F576DF1F50F9
SRR34026451	2025-10-31 04:03:43	2025-06-18 09:31:29	35654557	10767676214	35654557	302	4953		https://sra-downloadb.be-md.ncbi.nlm.nih.gov/sos9/sra-pub-zq-924/SRR034/34026/SRR34026451/SRR34026451.lite.1	SRX29222191	K45	WGS	RANDOM	GENOMIC	PAIRED	0	0	ILLUMINA	Illumina NovaSeq 6000	SRP592876	PRJNA1279063		1279063	SRS25417145	SAMN49375555	simple	318829	Pyricularia oryzae	K45							no					UNIVERSITY OF GEORGIA	SRA2151435		public	FB25FFD52B7F9C61D2CC14597977C099	99CF84D62218F5BFB7521EE0DC9D6AAB
SRR34026450	2025-10-31 04:03:44	2025-06-18 09:25:58	91247	27065525	91247	296	11		https://sra-downloadb.be-md.ncbi.nlm.nih.gov/sos9/sra-pub-zq-924/SRR034/34026/SRR34026450/SRR34026450.lite.1	SRX29222192	K5	WGS	RANDOM	GENOMIC	PAIRED	0	0	ILLUMINA	Illumina NovaSeq 6000	SRP592876	PRJNA1279063		1279063	SRS25417146	SAMN49375556	simple	318829	Pyricularia oryzae	K5							no					UNIVERSITY OF GEORGIA	SRA2151435		public	4F27491450405E4EA6BF38F97DBF069D	8803994F932751B57492F1AFC6799CB1
SRR34026449	2025-10-31 04:03:37	2025-06-18 09:26:33	2719183	815268767	2719183	299	341		https://sra-downloadb.be-md.ncbi.nlm.nih.gov/sos9/sra-pub-zq-924/SRR034/34026/SRR34026449/SRR34026449.lite.1	SRX29222193	K6	WGS	RANDOM	GENOMIC	PAIRED	0	0	ILLUMINA	Illumina NovaSeq 6000	SRP592876	PRJNA1279063		1279063	SRS25417147	SAMN49375557	simple	318829	Pyricularia oryzae	K6							no					UNIVERSITY OF GEORGIA	SRA2151435		public	9992D883D5EDD2FD431F66B7640A7AEE	99C364E855421CE6B8BB7958592B2DA7
SRR34585764	2026-04-02 12:47:19	2025-07-18 18:00:18	18729008	5618702400	18729008	300	1589		https://sra-downloadb.be-md.ncbi.nlm.nih.gov/sos10/sra-pub-zq-1002/SRR034/34585/SRR34585764/SRR34585764.lite.1	SRX29727010	PyrUy10.1	WGS	PCR	GENOMIC	PAIRED	0	0	ILLUMINA	Illumina NovaSeq 6000	SRP601926	PRJNA1264673		1264673	SRS25834193	SAMN48693428	simple	318829	Pyricularia oryzae	PyrUy10.1							no					KANSAS STATE UNIVERSITY	SRA2174311		public	8F9B89B7B22DD0C44622E98F2A57A196	C7749D09BDDC34E8D76E58CEFB8E2D72
SRR34585763	2026-04-02 12:47:19	2025-07-18 18:00:24	17842907	5352872100	17842907	300	1529		https://sra-downloadb.be-md.ncbi.nlm.nih.gov/sos10/sra-pub-zq-1002/SRR034/34585/SRR34585763/SRR34585763.lite.1	SRX29727011	PyrUy11.1	WGS	PCR	GENOMIC	PAIRED	0	0	ILLUMINA	Illumina NovaSeq 6000	SRP601926	PRJNA1264673		1264673	SRS25834194	SAMN48693429	simple	318829	Pyricularia oryzae	PyrUy11.1							no					KANSAS STATE UNIVERSITY	SRA2174311		public	2F85704069383C1509AA550429E8FAE4	82D62470578E26B3D3E065295969C8F2
SRR34585762	2026-04-02 12:47:19	2025-07-18 18:00:06	21142972	6342891600	21142972	300	1780		https://sra-downloadb.be-md.ncbi.nlm.nih.gov/sos10/sra-pub-zq-1002/SRR034/34585/SRR34585762/SRR34585762.lite.1	SRX29727012	PyrUy14.1	WGS	PCR	GENOMIC	PAIRED	0	0	ILLUMINA	Illumina NovaSeq 6000	SRP601926	PRJNA1264673		1264673	SRS25834195	SAMN48693430	simple	318829	Pyricularia oryzae	PyrUy14.1							no					KANSAS STATE UNIVERSITY	SRA2174311		public	A4AEC0A0D8B8FAD179F4D181B1FCB270	7225065D19EBC8442C1DC4AA42142DAD
SRR34026514	2025-10-31 04:03:42	2025-06-18 09:31:52	21180772	6396593144	21180772	302	2790		https://sra-downloadb.be-md.ncbi.nlm.nih.gov/sos9/sra-pub-zq-924/SRR034/34026/SRR34026514/SRR34026514.lite.1	SRX29222128	E15	WGS	RANDOM	GENOMIC	PAIRED	0	0	ILLUMINA	Illumina NovaSeq 6000	SRP592876	PRJNA1279063		1279063	SRS25417082	SAMN49375462	simple	318829	Pyricularia oryzae	E15							no					UNIVERSITY OF GEORGIA	SRA2151435		public	AFE27BCC65B35EFB062FD9BF2F535C38	A3B2E041A6D612A2B7489A64A7112097
SRR34026503	2025-10-31 04:03:44	2025-06-18 09:29:16	15122080	4566868160	15122080	302	1972		https://sra-downloadb.be-md.ncbi.nlm.nih.gov/sos9/sra-pub-zq-924/SRR034/34026/SRR34026503/SRR34026503.lite.1	SRX29222139	E16	WGS	RANDOM	GENOMIC	PAIRED	0	0	ILLUMINA	Illumina NovaSeq 6000	SRP592876	PRJNA1279063		1279063	SRS25417094	SAMN49375463	simple	318829	Pyricularia oryzae	E16							no					UNIVERSITY OF GEORGIA	SRA2151435		public	E3CF48CC8C3FB3CABCFFF4C4288238DD	12924564099FDBB6EF46420A2CBB9DCE
SRR34026492	2025-10-31 04:03:35	2025-06-18 09:29:28	19463174	5782044480	19463174	297	2333		https://sra-downloadb.be-md.ncbi.nlm.nih.gov/sos9/sra-pub-zq-924/SRR034/34026/SRR34026492/SRR34026492.lite.1	SRX29222150	E17	WGS	RANDOM	GENOMIC	PAIRED	0	0	ILLUMINA	Illumina NovaSeq 6000	SRP592876	PRJNA1279063		1279063	SRS25417104	SAMN49375464	simple	318829	Pyricularia oryzae	E17							no					UNIVERSITY OF GEORGIA	SRA2151435		public	065808C2E56B0D17135667528A68567B	68EC2B6F59F571D8A94C49E2744334C2
SRR34026533	2025-10-31 02:58:05	2025-06-18 09:31:22	17426277	5262735654	17426277	302	2305		https://sra-downloadb.be-md.ncbi.nlm.nih.gov/sos9/sra-pub-zq-924/SRR034/34026/SRR34026533/SRR34026533.lite.1	SRX29222108	E32	WGS	RANDOM	GENOMIC	PAIRED	0	0	ILLUMINA	Illumina NovaSeq 6000	SRP592876	PRJNA1279063		1279063	SRS25417060	SAMN49375481	simple	318829	Pyricularia oryzae	E32							no					UNIVERSITY OF GEORGIA	SRA2151435		public	5CD6F8223EC16E4E3263CB922BDACE49	6E93C480D60F6C53C333B27C711FFF97
SRR34026522	2025-10-31 02:58:05	2025-06-18 09:30:46	15889373	4798590646	15889373	302	2109		https://sra-downloadb.be-md.ncbi.nlm.nih.gov/sos9/sra-pub-zq-924/SRR034/34026/SRR34026522/SRR34026522.lite.1	SRX29222119	E33	WGS	RANDOM	GENOMIC	PAIRED	0	0	ILLUMINA	Illumina NovaSeq 6000	SRP592876	PRJNA1279063		1279063	SRS25417076	SAMN49375482	simple	318829	Pyricularia oryzae	E33							no					UNIVERSITY OF GEORGIA	SRA2151435		public	45B785E5DA8B1B99F20DD1B46341E9C1	1A5FED2E74D7D5BF5B412F1F23C182D2
SRR34026520	2025-10-31 02:58:08	2025-06-18 09:29:59	18467002	5577034604	18467002	302	2501		https://sra-downloadb.be-md.ncbi.nlm.nih.gov/sos9/sra-pub-zq-924/SRR034/34026/SRR34026520/SRR34026520.lite.1	SRX29222122	E42	WGS	RANDOM	GENOMIC	PAIRED	0	0	ILLUMINA	Illumina NovaSeq 6000	SRP592876	PRJNA1279063		1279063	SRS25417074	SAMN49375492	simple	318829	Pyricularia oryzae	E42							no					UNIVERSITY OF GEORGIA	SRA2151435		public	BA7C29F6CC87515ECC1D17C5A3B0649C	904848348BA0953F8B82A21C69B0E54A
SRR34026519	2025-10-31 02:58:06	2025-06-18 09:28:49	15174897	4582818894	15174897	302	2014		https://sra-downloadb.be-md.ncbi.nlm.nih.gov/sos9/sra-pub-zq-924/SRR034/34026/SRR34026519/SRR34026519.lite.1	SRX29222123	E43	WGS	RANDOM	GENOMIC	PAIRED	0	0	ILLUMINA	Illumina NovaSeq 6000	SRP592876	PRJNA1279063		1279063	SRS25417077	SAMN49375493	simple	318829	Pyricularia oryzae	E43							no					UNIVERSITY OF GEORGIA	SRA2151435		public	B6B2FB2C66DBE01323B5A41DFA377791	F04DDCAF67B284B5882A2DD63B13297C
SRR34026518	2025-10-31 02:58:06	2025-06-18 09:29:14	16324872	4930111344	16324872	302	2193		https://sra-downloadb.be-md.ncbi.nlm.nih.gov/sos9/sra-pub-zq-924/SRR034/34026/SRR34026518/SRR34026518.lite.1	SRX29222124	E44	WGS	RANDOM	GENOMIC	PAIRED	0	0	ILLUMINA	Illumina NovaSeq 6000	SRP592876	PRJNA1279063		1279063	SRS25417078	SAMN49375494	simple	318829	Pyricularia oryzae	E44							no					UNIVERSITY OF GEORGIA	SRA2151435		public	AE0FB3DBB50B8B3D64B8ABB1702410FE	FF59F488F26670D1E6CAB8E5F092F0A5
SRR34026517	2025-10-31 02:58:06	2025-06-18 09:31:09	18305963	5528400826	18305963	302	2443		https://sra-downloadb.be-md.ncbi.nlm.nih.gov/sos9/sra-pub-zq-924/SRR034/34026/SRR34026517/SRR34026517.lite.1	SRX29222125	E45	WGS	RANDOM	GENOMIC	PAIRED	0	0	ILLUMINA	Illumina NovaSeq 6000	SRP592876	PRJNA1279063		1279063	SRS25417081	SAMN49375495	simple	318829	Pyricularia oryzae	E45							no					UNIVERSITY OF GEORGIA	SRA2151435		public	BDE80BACA7DF1A88F198C02EFD0F6C41	75461AF469F83C2008C70C2088703A98
SRR34026516	2025-10-31 02:58:06	2025-06-18 09:30:37	17019970	5140030940	17019970	302	2288		https://sra-downloadb.be-md.ncbi.nlm.nih.gov/sos9/sra-pub-zq-924/SRR034/34026/SRR34026516/SRR34026516.lite.1	SRX29222126	E46	WGS	RANDOM	GENOMIC	PAIRED	0	0	ILLUMINA	Illumina NovaSeq 6000	SRP592876	PRJNA1279063		1279063	SRS25417080	SAMN49375496	simple	318829	Pyricularia oryzae	E46							no					UNIVERSITY OF GEORGIA	SRA2151435		public	2E2FDD292C084CF7E622FE53B2B2ECE3	3E7BE55610D1C283AC2D33E10E15E68D
SRR34026515	2025-10-31 02:58:06	2025-06-18 09:31:49	17182519	5189120738	17182519	302	2291		https://sra-downloadb.be-md.ncbi.nlm.nih.gov/sos9/sra-pub-zq-924/SRR034/34026/SRR34026515/SRR34026515.lite.1	SRX29222127	E47	WGS	RANDOM	GENOMIC	PAIRED	0	0	ILLUMINA	Illumina NovaSeq 6000	SRP592876	PRJNA1279063		1279063	SRS25417079	SAMN49375497	simple	318829	Pyricularia oryzae	E47							no					UNIVERSITY OF GEORGIA	SRA2151435		public	2A0AEC0E907D8C43B431AB7A1B3FA155	D3D1A22B9D461FCEAD347D616295DFE4
SRR34026513	2025-10-31 02:58:07	2025-06-18 09:31:11	18144983	5479784866	18144983	302	2384		https://sra-downloadb.be-md.ncbi.nlm.nih.gov/sos9/sra-pub-zq-924/SRR034/34026/SRR34026513/SRR34026513.lite.1	SRX29222129	E48	WGS	RANDOM	GENOMIC	PAIRED	0	0	ILLUMINA	Illumina NovaSeq 6000	SRP592876	PRJNA1279063		1279063	SRS25417083	SAMN49375498	simple	318829	Pyricularia oryzae	E48							no					UNIVERSITY OF GEORGIA	SRA2151435		public	5309854863D654194B2E62C561800539	EAA723707530ED4749E1A3B6C4128013
SRR34026512	2025-10-31 02:58:07	2025-06-18 09:31:36	18128221	5474722742	18128221	302	2377		https://sra-downloadb.be-md.ncbi.nlm.nih.gov/sos9/sra-pub-zq-924/SRR034/34026/SRR34026512/SRR34026512.lite.1	SRX29222130	E49	WGS	RANDOM	GENOMIC	PAIRED	0	0	ILLUMINA	Illumina NovaSeq 6000	SRP592876	PRJNA1279063		1279063	SRS25417084	SAMN49375499	simple	318829	Pyricularia oryzae	E49							no					UNIVERSITY OF GEORGIA	SRA2151435		public	A181529216A7FF6277A2D1F0E4EC3A9A	2348567EE0B1CBAA50D514F3EA44FB2B
SRR34026509	2025-10-31 02:58:08	2025-06-18 09:30:52	15535761	4691799822	15535761	302	2066		https://sra-downloadb.be-md.ncbi.nlm.nih.gov/sos9/sra-pub-zq-924/SRR034/34026/SRR34026509/SRR34026509.lite.1	SRX29222133	E5	WGS	RANDOM	GENOMIC	PAIRED	0	0	ILLUMINA	Illumina NovaSeq 6000	SRP592876	PRJNA1279063		1279063	SRS25417087	SAMN49375502	simple	318829	Pyricularia oryzae	E5							no					UNIVERSITY OF GEORGIA	SRA2151435		public	72470C18723DF9004A67FC60EF2DF743	9D21EFF8A8C20230C8C43D60CCA97A5E
SRR34026511	2025-10-31 02:58:07	2025-06-18 09:29:46	18199154	5496144508	18199154	302	2423		https://sra-downloadb.be-md.ncbi.nlm.nih.gov/sos9/sra-pub-zq-924/SRR034/34026/SRR34026511/SRR34026511.lite.1	SRX29222131	E50	WGS	RANDOM	GENOMIC	PAIRED	0	0	ILLUMINA	Illumina NovaSeq 6000	SRP592876	PRJNA1279063		1279063	SRS25417086	SAMN49375500	simple	318829	Pyricularia oryzae	E50							no					UNIVERSITY OF GEORGIA	SRA2151435		public	7537F2BF3A02FFE205775EB0E0956181	565CC513F48CB84E2F4A51DA88BA8201
SRR34026510	2025-10-31 02:58:07	2025-06-18 09:30:15	25110234	7583290668	25110234	302	3326		https://sra-downloadb.be-md.ncbi.nlm.nih.gov/sos9/sra-pub-zq-924/SRR034/34026/SRR34026510/SRR34026510.lite.1	SRX29222132	E51	WGS	RANDOM	GENOMIC	PAIRED	0	0	ILLUMINA	Illumina NovaSeq 6000	SRP592876	PRJNA1279063		1279063	SRS25417085	SAMN49375501	simple	318829	Pyricularia oryzae	E51							no					UNIVERSITY OF GEORGIA	SRA2151435		public	C92FCE87B381B3B1A402C22E9781506D	A4AE56206C8C64C8680EC933769C6FB8
SRR34026508	2025-10-31 02:58:07	2025-06-18 09:29:54	12781904	3860135008	12781904	302	1678		https://sra-downloadb.be-md.ncbi.nlm.nih.gov/sos9/sra-pub-zq-924/SRR034/34026/SRR34026508/SRR34026508.lite.1	SRX29222134	E52	WGS	RANDOM	GENOMIC	PAIRED	0	0	ILLUMINA	Illumina NovaSeq 6000	SRP592876	PRJNA1279063		1279063	SRS25417088	SAMN49375503	simple	318829	Pyricularia oryzae	E52							no					UNIVERSITY OF GEORGIA	SRA2151435		public	B9849469939E6CC62C0427BD79066058	41FC689D52788AB09CA43C8AE28591F8
SRR34026507	2025-10-31 02:58:08	2025-06-18 09:30:43	24096163	7277041226	24096163	302	3107		https://sra-downloadb.be-md.ncbi.nlm.nih.gov/sos9/sra-pub-zq-924/SRR034/34026/SRR34026507/SRR34026507.lite.1	SRX29222135	E53	WGS	RANDOM	GENOMIC	PAIRED	0	0	ILLUMINA	Illumina NovaSeq 6000	SRP592876	PRJNA1279063		1279063	SRS25417089	SAMN49375504	simple	318829	Pyricularia oryzae	E53							no					UNIVERSITY OF GEORGIA	SRA2151435		public	42BA8078158D2CA49B075000151224D7	404A932DD2F32F41636CD172BFCD5144
SRR34026506	2025-10-31 02:58:08	2025-06-18 09:29:54	13045636	3939782072	13045636	302	1715		https://sra-downloadb.be-md.ncbi.nlm.nih.gov/sos9/sra-pub-zq-924/SRR034/34026/SRR34026506/SRR34026506.lite.1	SRX29222136	E54	WGS	RANDOM	GENOMIC	PAIRED	0	0	ILLUMINA	Illumina NovaSeq 6000	SRP592876	PRJNA1279063		1279063	SRS25417090	SAMN49375505	simple	318829	Pyricularia oryzae	E54							no					UNIVERSITY OF GEORGIA	SRA2151435		public	E4EA3FDEBBD92405753A9788A75F1E62	2E15551471018D7DA47C12782DC61D25
SRR34026505	2025-10-31 02:58:12	2025-06-18 09:28:43	12754730	3851928460	12754730	302	1672		https://sra-downloadb.be-md.ncbi.nlm.nih.gov/sos9/sra-pub-zq-924/SRR034/34026/SRR34026505/SRR34026505.lite.1	SRX29222137	E55	WGS	RANDOM	GENOMIC	PAIRED	0	0	ILLUMINA	Illumina NovaSeq 6000	SRP592876	PRJNA1279063		1279063	SRS25417091	SAMN49375506	simple	318829	Pyricularia oryzae	E55							no					UNIVERSITY OF GEORGIA	SRA2151435		public	9E76001CB1C53C6C0933B662914F1561	817618BAAC9F637C35E1B037C54B8E77
SRR34026504	2025-10-31 02:58:08	2025-06-18 09:28:24	12393404	3742808008	12393404	302	1648		https://sra-downloadb.be-md.ncbi.nlm.nih.gov/sos9/sra-pub-zq-924/SRR034/34026/SRR34026504/SRR34026504.lite.1	SRX29222138	E56	WGS	RANDOM	GENOMIC	PAIRED	0	0	ILLUMINA	Illumina NovaSeq 6000	SRP592876	PRJNA1279063		1279063	SRS25417092	SAMN49375507	simple	318829	Pyricularia oryzae	E56							no					UNIVERSITY OF GEORGIA	SRA2151435		public	B0F4369C0C27903E088CA429E8938167	01ED0FEC753DB839AB8B88B3DDC781EB
SRR34026502	2025-10-31 02:58:08	2025-06-18 09:29:09	15407424	4653042048	15407424	302	1999		https://sra-downloadb.be-md.ncbi.nlm.nih.gov/sos9/sra-pub-zq-924/SRR034/34026/SRR34026502/SRR34026502.lite.1	SRX29222140	E57	WGS	RANDOM	GENOMIC	PAIRED	0	0	ILLUMINA	Illumina NovaSeq 6000	SRP592876	PRJNA1279063		1279063	SRS25417093	SAMN49375508	simple	318829	Pyricularia oryzae	E57							no					UNIVERSITY OF GEORGIA	SRA2151435		public	498EE87B90386530ED2EB4047F39FE6B	BDBD2E617E32C03B40DAEC0F55381AD9
SRR34026501	2025-10-31 02:58:09	2025-06-18 09:31:11	18310995	5529920490	18310995	302	2370		https://sra-downloadb.be-md.ncbi.nlm.nih.gov/sos9/sra-pub-zq-924/SRR034/34026/SRR34026501/SRR34026501.lite.1	SRX29222141	E58	WGS	RANDOM	GENOMIC	PAIRED	0	0	ILLUMINA	Illumina NovaSeq 6000	SRP592876	PRJNA1279063		1279063	SRS25417095	SAMN49375509	simple	318829	Pyricularia oryzae	E58							no					UNIVERSITY OF GEORGIA	SRA2151435		public	9DDE96D32BCB42E4BD760D0D45FDACB2	0B49E58B2919F3EBE30CBB1F7AADB13C
SRR34026500	2025-10-31 02:58:08	2025-06-18 09:30:11	21890926	6611059652	21890926	302	2892		https://sra-downloadb.be-md.ncbi.nlm.nih.gov/sos9/sra-pub-zq-924/SRR034/34026/SRR34026500/SRR34026500.lite.1	SRX29222142	E59	WGS	RANDOM	GENOMIC	PAIRED	0	0	ILLUMINA	Illumina NovaSeq 6000	SRP592876	PRJNA1279063		1279063	SRS25417096	SAMN49375510	simple	318829	Pyricularia oryzae	E59							no					UNIVERSITY OF GEORGIA	SRA2151435		public	DA8EFE9AA943948907909AE6B9F0E1E4	C9C3C57F5925EA55E23C6D62F1340548
SRR34026497	2025-10-31 04:03:42	2025-06-18 09:33:31	28896527	8726751154	28896527	302	3867		https://sra-downloadb.be-md.ncbi.nlm.nih.gov/sos9/sra-pub-zq-924/SRR034/34026/SRR34026497/SRR34026497.lite.1	SRX29222145	E6	WGS	RANDOM	GENOMIC	PAIRED	0	0	ILLUMINA	Illumina NovaSeq 6000	SRP592876	PRJNA1279063		1279063	SRS25417099	SAMN49375513	simple	318829	Pyricularia oryzae	E6							no					UNIVERSITY OF GEORGIA	SRA2151435		public	7526BC0F3FC045AD4DD141B995113781	0D523E56451C3F54A990D5A6A3AFB782
SRR34026499	2025-10-31 02:58:09	2025-06-18 09:30:55	15342668	4633485736	15342668	302	2035		https://sra-downloadb.be-md.ncbi.nlm.nih.gov/sos9/sra-pub-zq-924/SRR034/34026/SRR34026499/SRR34026499.lite.1	SRX29222143	E60	WGS	RANDOM	GENOMIC	PAIRED	0	0	ILLUMINA	Illumina NovaSeq 6000	SRP592876	PRJNA1279063		1279063	SRS25417097	SAMN49375511	simple	318829	Pyricularia oryzae	E60							no					UNIVERSITY OF GEORGIA	SRA2151435		public	73EF507476CE4A5DD33C0C4D6F3C24A0	315D417F94FA90AD88353E9A625C4847
SRR34026498	2025-10-31 04:03:41	2025-06-18 09:29:52	20717166	6256584132	20717166	302	2622		https://sra-downloadb.be-md.ncbi.nlm.nih.gov/sos9/sra-pub-zq-924/SRR034/34026/SRR34026498/SRR34026498.lite.1	SRX29222144	E61	WGS	RANDOM	GENOMIC	PAIRED	0	0	ILLUMINA	Illumina NovaSeq 6000	SRP592876	PRJNA1279063		1279063	SRS25417098	SAMN49375512	simple	318829	Pyricularia oryzae	E61							no					UNIVERSITY OF GEORGIA	SRA2151435		public	7BCACA3182D1E633A5155A0F13053F33	8FB2B3E3971153F0EDB0A7D2D824BB8B
SRR34026496	2025-10-31 04:03:41	2025-06-18 09:32:41	23493453	7095022806	23493453	302	2938		https://sra-downloadb.be-md.ncbi.nlm.nih.gov/sos9/sra-pub-zq-924/SRR034/34026/SRR34026496/SRR34026496.lite.1	SRX29222146	E62	WGS	RANDOM	GENOMIC	PAIRED	0	0	ILLUMINA	Illumina NovaSeq 6000	SRP592876	PRJNA1279063		1279063	SRS25417100	SAMN49375514	simple	318829	Pyricularia oryzae	E62							no					UNIVERSITY OF GEORGIA	SRA2151435		public	7ABD8D694AAC9A007A394F71DFB9DCCA	A2B37FA70A73BF2989F63CC9DF534FCB
SRR34026495	2025-10-31 04:03:42	2025-06-18 09:34:57	32945935	9949672370	32945935	302	4675		https://sra-downloadb.be-md.ncbi.nlm.nih.gov/sos9/sra-pub-zq-924/SRR034/34026/SRR34026495/SRR34026495.lite.1	SRX29222147	E63	WGS	RANDOM	GENOMIC	PAIRED	0	0	ILLUMINA	Illumina NovaSeq 6000	SRP592876	PRJNA1279063		1279063	SRS25417101	SAMN49375515	simple	318829	Pyricularia oryzae	E63							no					UNIVERSITY OF GEORGIA	SRA2151435		public	9D4296B725D6401752C4CB3161C6D61E	3105B6809C9C77D0D6D0DCCDBDF48ECA
SRR34026491	2025-10-31 04:03:35	2025-06-18 09:30:27	14267390	4308751780	14267390	302	1890		https://sra-downloadb.be-md.ncbi.nlm.nih.gov/sos9/sra-pub-zq-924/SRR034/34026/SRR34026491/SRR34026491.lite.1	SRX29222151	K1	WGS	RANDOM	GENOMIC	PAIRED	0	0	ILLUMINA	Illumina NovaSeq 6000	SRP592876	PRJNA1279063		1279063	SRS25417106	SAMN49375518	simple	318829	Pyricularia oryzae	K1							no					UNIVERSITY OF GEORGIA	SRA2151435		public	D235F63F5DA931211EA9BE57B9B42121	D141EF3ECB0998AABFD23D5438F1B2EE
SRR34026494	2025-10-31 04:03:44	2025-06-18 09:29:17	14267952	4308921504	14267952	302	1877		https://sra-downloadb.be-md.ncbi.nlm.nih.gov/sos9/sra-pub-zq-924/SRR034/34026/SRR34026494/SRR34026494.lite.1	SRX29222148	K10	WGS	RANDOM	GENOMIC	PAIRED	0	0	ILLUMINA	Illumina NovaSeq 6000	SRP592876	PRJNA1279063		1279063	SRS25417102	SAMN49375516	simple	318829	Pyricularia oryzae	K10							no					UNIVERSITY OF GEORGIA	SRA2151435		public	8F6C880F0C69960B8D9A430134B03CA4	3BE712DFA9BA7F0D2A1C0F1506C96F3F
SRR34026493	2025-10-31 04:03:35	2025-06-18 09:29:06	13763399	4120416350	13763399	299	1711		https://sra-downloadb.be-md.ncbi.nlm.nih.gov/sos9/sra-pub-zq-924/SRR034/34026/SRR34026493/SRR34026493.lite.1	SRX29222149	K11	WGS	RANDOM	GENOMIC	PAIRED	0	0	ILLUMINA	Illumina NovaSeq 6000	SRP592876	PRJNA1279063		1279063	SRS25417103	SAMN49375517	simple	318829	Pyricularia oryzae	K11							no					UNIVERSITY OF GEORGIA	SRA2151435		public	B7A0DDEAD17584C23C13E763CAB87C64	5AE025E8A360B07E0C6914B762BB5974
SRR34026490	2025-10-31 04:03:35	2025-06-18 09:28:36	12003526	3593185666	12003526	299	1479		https://sra-downloadb.be-md.ncbi.nlm.nih.gov/sos9/sra-pub-zq-924/SRR034/34026/SRR34026490/SRR34026490.lite.1	SRX29222152	K12	WGS	RANDOM	GENOMIC	PAIRED	0	0	ILLUMINA	Illumina NovaSeq 6000	SRP592876	PRJNA1279063		1279063	SRS25417105	SAMN49375519	simple	318829	Pyricularia oryzae	K12							no					UNIVERSITY OF GEORGIA	SRA2151435		public	FCC8FE8ADC1F9B6F5FE92442CD64ABE6	098EB877C243B86E75C02CF5341E0850
SRR34026489	2025-10-31 04:03:35	2025-06-18 09:28:42	11941586	3606358972	11941586	302	1576		https://sra-downloadb.be-md.ncbi.nlm.nih.gov/sos9/sra-pub-zq-924/SRR034/34026/SRR34026489/SRR34026489.lite.1	SRX29222153	K13	WGS	RANDOM	GENOMIC	PAIRED	0	0	ILLUMINA	Illumina NovaSeq 6000	SRP592876	PRJNA1279063		1279063	SRS25417107	SAMN49375520	simple	318829	Pyricularia oryzae	K13							no					UNIVERSITY OF GEORGIA	SRA2151435		public	71929F66465BCE34ADFFBD1797CECC06	7F5C3C547E47AD79FB266A1CAB519FE0
SRR34026488	2025-10-31 04:03:44	2025-06-18 09:29:14	14648388	4423813176	14648388	302	2032		https://sra-downloadb.be-md.ncbi.nlm.nih.gov/sos9/sra-pub-zq-924/SRR034/34026/SRR34026488/SRR34026488.lite.1	SRX29222154	K14	WGS	RANDOM	GENOMIC	PAIRED	0	0	ILLUMINA	Illumina NovaSeq 6000	SRP592876	PRJNA1279063		1279063	SRS25417108	SAMN49375521	simple	318829	Pyricularia oryzae	K14							no					UNIVERSITY OF GEORGIA	SRA2151435		public	E2306A19886E9ACEA20AC7EC72AC4ECE	1A656496DA2CD4BE21887F973D1CE747
SRR34026487	2025-10-31 04:03:42	2025-06-18 09:28:53	13034951	3936555202	13034951	302	1803		https://sra-downloadb.be-md.ncbi.nlm.nih.gov/sos9/sra-pub-zq-924/SRR034/34026/SRR34026487/SRR34026487.lite.1	SRX29222155	K15	WGS	RANDOM	GENOMIC	PAIRED	0	0	ILLUMINA	Illumina NovaSeq 6000	SRP592876	PRJNA1279063		1279063	SRS25417109	SAMN49375522	simple	318829	Pyricularia oryzae	K15							no					UNIVERSITY OF GEORGIA	SRA2151435		public	AC381B57CA989437FC015FA61395788F	0CA5BEC5341839A7183A4779245622D3
SRR34026486	2025-10-31 04:03:45	2025-06-18 09:29:14	15522216	4687709232	15522216	302	2190		https://sra-downloadb.be-md.ncbi.nlm.nih.gov/sos9/sra-pub-zq-924/SRR034/34026/SRR34026486/SRR34026486.lite.1	SRX29222156	K16	WGS	RANDOM	GENOMIC	PAIRED	0	0	ILLUMINA	Illumina NovaSeq 6000	SRP592876	PRJNA1279063		1279063	SRS25417110	SAMN49375523	simple	318829	Pyricularia oryzae	K16							no					UNIVERSITY OF GEORGIA	SRA2151435		public	BC917642A1161FBCD0CE8345001BA0A5	EEA022CF6E6832DCCFF5087B58CF2EFF
SRR34026485	2025-10-31 04:03:36	2025-06-18 09:30:48	24898770	7451317719	24898770	299	3079		https://sra-downloadb.be-md.ncbi.nlm.nih.gov/sos9/sra-pub-zq-924/SRR034/34026/SRR34026485/SRR34026485.lite.1	SRX29222157	K17	WGS	RANDOM	GENOMIC	PAIRED	0	0	ILLUMINA	Illumina NovaSeq 6000	SRP592876	PRJNA1279063		1279063	SRS25417113	SAMN49375524	simple	318829	Pyricularia oryzae	K17							no					UNIVERSITY OF GEORGIA	SRA2151435		public	84C97A939F5BD922F62698625E7067F0	5201BE5E243703CC1D2C649980F88371
SRR34026484	2025-10-31 04:03:41	2025-06-18 09:27:30	4666046	1390584002	4666046	298	578		https://sra-downloadb.be-md.ncbi.nlm.nih.gov/sos9/sra-pub-zq-924/SRR034/34026/SRR34026484/SRR34026484.lite.1	SRX29222158	K18	WGS	RANDOM	GENOMIC	PAIRED	0	0	ILLUMINA	Illumina NovaSeq 6000	SRP592876	PRJNA1279063		1279063	SRS25417111	SAMN49375525	simple	318829	Pyricularia oryzae	K18							no					UNIVERSITY OF GEORGIA	SRA2151435		public	41CFDF8B450E2AB8B5A6C9B86F164A7D	07B1992AE2EF44F8CF59444C27231348
SRR34026483	2025-10-31 04:03:36	2025-06-18 09:26:46	188797	55812755	188797	295	23		https://sra-downloadb.be-md.ncbi.nlm.nih.gov/sos9/sra-pub-zq-924/SRR034/34026/SRR34026483/SRR34026483.lite.1	SRX29222159	K19	WGS	RANDOM	GENOMIC	PAIRED	0	0	ILLUMINA	Illumina NovaSeq 6000	SRP592876	PRJNA1279063		1279063	SRS25417112	SAMN49375526	simple	318829	Pyricularia oryzae	K19							no					UNIVERSITY OF GEORGIA	SRA2151435		public	256B18F893501E43C04A0FDE04E12AEF	14A2D130FDAFE49D7E04BCB0FF626624
SRR34026541	2025-10-31 04:03:40	2025-06-18 09:29:52	18343766	5539817332	18343766	302	2586		https://sra-downloadb.be-md.ncbi.nlm.nih.gov/sos9/sra-pub-zq-924/SRR034/34026/SRR34026541/SRR34026541.lite.1	SRX29222100	UK12	WGS	RANDOM	GENOMIC	PAIRED	0	0	ILLUMINA	Illumina NovaSeq 6000	SRP592876	PRJNA1279063		1279063	SRS25417054	SAMN49375680	simple	318829	Pyricularia oryzae	UK12							no					UNIVERSITY OF GEORGIA	SRA2151435		public	2BD0D83987EE2CFD8F1DCFA02D4360AD	A44F21785E371EC0A09A9897ADCF32DD
SRR34026540	2025-10-31 04:03:41	2025-06-18 09:29:53	18996906	5737065612	18996906	302	2661		https://sra-downloadb.be-md.ncbi.nlm.nih.gov/sos9/sra-pub-zq-924/SRR034/34026/SRR34026540/SRR34026540.lite.1	SRX29222101	UK13	WGS	RANDOM	GENOMIC	PAIRED	0	0	ILLUMINA	Illumina NovaSeq 6000	SRP592876	PRJNA1279063		1279063	SRS25417056	SAMN49375681	simple	318829	Pyricularia oryzae	UK13							no					UNIVERSITY OF GEORGIA	SRA2151435		public	7F555D9EE49F425B0870F2EFDD4F7000	54EAD52C17C4A9CA2AA2609EA1F11A0A
SRR34026539	2025-10-31 04:03:40	2025-06-18 09:28:57	12341731	3727202762	12341731	302	1740		https://sra-downloadb.be-md.ncbi.nlm.nih.gov/sos9/sra-pub-zq-924/SRR034/34026/SRR34026539/SRR34026539.lite.1	SRX29222102	UK14	WGS	RANDOM	GENOMIC	PAIRED	0	0	ILLUMINA	Illumina NovaSeq 6000	SRP592876	PRJNA1279063		1279063	SRS25417055	SAMN49375682	simple	318829	Pyricularia oryzae	UK14							no					UNIVERSITY OF GEORGIA	SRA2151435		public	8843CCEEFDEDB6B95D5A900921ACCEEA	3384EBCB0F4D391DD905E02624092A5E
SRR34026538	2025-10-31 04:03:40	2025-06-18 09:30:39	23797752	7186921104	23797752	302	3358		https://sra-downloadb.be-md.ncbi.nlm.nih.gov/sos9/sra-pub-zq-924/SRR034/34026/SRR34026538/SRR34026538.lite.1	SRX29222103	UK15	WGS	RANDOM	GENOMIC	PAIRED	0	0	ILLUMINA	Illumina NovaSeq 6000	SRP592876	PRJNA1279063		1279063	SRS25417057	SAMN49375683	simple	318829	Pyricularia oryzae	UK15							no					UNIVERSITY OF GEORGIA	SRA2151435		public	5CE6D123CA0FD12D9800EF0BE3B32EF0	C1331FE4A4478E5611229D8A6E27D602
SRR34026537	2025-10-31 04:03:44	2025-06-18 09:30:46	25868175	7812188850	25868175	302	3645		https://sra-downloadb.be-md.ncbi.nlm.nih.gov/sos9/sra-pub-zq-924/SRR034/34026/SRR34026537/SRR34026537.lite.1	SRX29222104	UK16	WGS	RANDOM	GENOMIC	PAIRED	0	0	ILLUMINA	Illumina NovaSeq 6000	SRP592876	PRJNA1279063		1279063	SRS25417058	SAMN49375684	simple	318829	Pyricularia oryzae	UK16							no					UNIVERSITY OF GEORGIA	SRA2151435		public	89A793F1712CD2F9CB069E4EB64016FA	A1B5F97839F11FDED8A7B4348F40777F
SRR34026536	2025-10-31 04:03:35	2025-06-18 09:30:02	20291985	6128179470	20291985	302	2862		https://sra-downloadb.be-md.ncbi.nlm.nih.gov/sos9/sra-pub-zq-924/SRR034/34026/SRR34026536/SRR34026536.lite.1	SRX29222105	UK17	WGS	RANDOM	GENOMIC	PAIRED	0	0	ILLUMINA	Illumina NovaSeq 6000	SRP592876	PRJNA1279063		1279063	SRS25417059	SAMN49375685	simple	318829	Pyricularia oryzae	UK17							no					UNIVERSITY OF GEORGIA	SRA2151435		public	F46C949E0DAA8A96BC69F7494DDF190C	4E33A658E696F8B0BABAB5435187433B
SRR34026535	2025-10-31 04:03:44	2025-06-18 09:30:59	26326782	7950688164	26326782	302	3720		https://sra-downloadb.be-md.ncbi.nlm.nih.gov/sos9/sra-pub-zq-924/SRR034/34026/SRR34026535/SRR34026535.lite.1	SRX29222106	UK18	WGS	RANDOM	GENOMIC	PAIRED	0	0	ILLUMINA	Illumina NovaSeq 6000	SRP592876	PRJNA1279063		1279063	SRS25417062	SAMN49375686	simple	318829	Pyricularia oryzae	UK18							no					UNIVERSITY OF GEORGIA	SRA2151435		public	B7BE3E5CC271204FCFF86E271AF31238	9EE9993EA2EDE071866201AEC6EEBC18
SRR34026534	2025-10-31 04:03:42	2025-06-18 09:31:26	18694190	5645645380	18694190	302	2657		https://sra-downloadb.be-md.ncbi.nlm.nih.gov/sos9/sra-pub-zq-924/SRR034/34026/SRR34026534/SRR34026534.lite.1	SRX29222107	UK19	WGS	RANDOM	GENOMIC	PAIRED	0	0	ILLUMINA	Illumina NovaSeq 6000	SRP592876	PRJNA1279063		1279063	SRS25417061	SAMN49375687	simple	318829	Pyricularia oryzae	UK19							no					UNIVERSITY OF GEORGIA	SRA2151435		public	F896C6F39436949AE708C0A882E80330	DCB0FFE86B9818232E33CF00301B8FD3
SRR34026530	2025-10-31 04:03:35	2025-06-18 09:30:48	21107214	6374378628	21107214	302	2968		https://sra-downloadb.be-md.ncbi.nlm.nih.gov/sos9/sra-pub-zq-924/SRR034/34026/SRR34026530/SRR34026530.lite.1	SRX29222111	UK2	WGS	RANDOM	GENOMIC	PAIRED	0	0	ILLUMINA	Illumina NovaSeq 6000	SRP592876	PRJNA1279063		1279063	SRS25417065	SAMN49375690	simple	318829	Pyricularia oryzae	UK2							no					UNIVERSITY OF GEORGIA	SRA2151435		public	3E323B91232611F5061929FE1D854610	834140AEEB79F8875D588B0D903A59A9
SRR34026532	2025-10-31 04:03:44	2025-06-18 09:29:32	17953155	5421852810	17953155	302	2349		https://sra-downloadb.be-md.ncbi.nlm.nih.gov/sos9/sra-pub-zq-924/SRR034/34026/SRR34026532/SRR34026532.lite.1	SRX29222109	UK20	WGS	RANDOM	GENOMIC	PAIRED	0	0	ILLUMINA	Illumina NovaSeq 6000	SRP592876	PRJNA1279063		1279063	SRS25417063	SAMN49375688	simple	318829	Pyricularia oryzae	UK20							no					UNIVERSITY OF GEORGIA	SRA2151435		public	A17B89A3FC17E13B0B1FAE16D1169E4E	8F695721E68A6EBF1CFAD7CD1585D4A4
SRR34026531	2025-10-31 04:03:35	2025-06-18 09:29:02	14067897	4248504894	14067897	302	1973		https://sra-downloadb.be-md.ncbi.nlm.nih.gov/sos9/sra-pub-zq-924/SRR034/34026/SRR34026531/SRR34026531.lite.1	SRX29222110	UK21	WGS	RANDOM	GENOMIC	PAIRED	0	0	ILLUMINA	Illumina NovaSeq 6000	SRP592876	PRJNA1279063		1279063	SRS25417064	SAMN49375689	simple	318829	Pyricularia oryzae	UK21							no					UNIVERSITY OF GEORGIA	SRA2151435		public	E73F6B75767E0ABFA85D00126E4E60F4	0BD08272061065E5E9DA9884820AA618
SRR34026529	2025-10-31 04:03:35	2025-06-18 09:30:02	20459947	6178903994	20459947	302	2906		https://sra-downloadb.be-md.ncbi.nlm.nih.gov/sos9/sra-pub-zq-924/SRR034/34026/SRR34026529/SRR34026529.lite.1	SRX29222112	UK22	WGS	RANDOM	GENOMIC	PAIRED	0	0	ILLUMINA	Illumina NovaSeq 6000	SRP592876	PRJNA1279063		1279063	SRS25417066	SAMN49375691	simple	318829	Pyricularia oryzae	UK22							no					UNIVERSITY OF GEORGIA	SRA2151435		public	B6E0A6DC53C59952589A2D4FD4DC786B	943A7887D6BFD40EDFD59C28753C4C67
SRR34026528	2025-10-31 04:03:44	2025-06-18 09:28:58	12347708	3729007816	12347708	302	1730		https://sra-downloadb.be-md.ncbi.nlm.nih.gov/sos9/sra-pub-zq-924/SRR034/34026/SRR34026528/SRR34026528.lite.1	SRX29222113	UK23	WGS	RANDOM	GENOMIC	PAIRED	0	0	ILLUMINA	Illumina NovaSeq 6000	SRP592876	PRJNA1279063		1279063	SRS25417067	SAMN49375692	simple	318829	Pyricularia oryzae	UK23							no					UNIVERSITY OF GEORGIA	SRA2151435		public	E35E2C285BDD8B4A4B85B3D1E100B5FB	0AA3D56B49C3508186F14F881416E605
SRR34026527	2025-10-31 04:03:44	2025-06-18 09:29:30	18343694	5539795588	18343694	302	2407		https://sra-downloadb.be-md.ncbi.nlm.nih.gov/sos9/sra-pub-zq-924/SRR034/34026/SRR34026527/SRR34026527.lite.1	SRX29222114	UK24	WGS	RANDOM	GENOMIC	PAIRED	0	0	ILLUMINA	Illumina NovaSeq 6000	SRP592876	PRJNA1279063		1279063	SRS25417068	SAMN49375693	simple	318829	Pyricularia oryzae	UK24							no					UNIVERSITY OF GEORGIA	SRA2151435		public	8BE315465CD9A60B5343CE6B98F7662D	15F4691DA7385945D14EED17CD38183F
SRR34026526	2025-10-31 04:03:42	2025-06-18 09:30:31	17295153	5223136206	17295153	302	2300		https://sra-downloadb.be-md.ncbi.nlm.nih.gov/sos9/sra-pub-zq-924/SRR034/34026/SRR34026526/SRR34026526.lite.1	SRX29222115	UK25	WGS	RANDOM	GENOMIC	PAIRED	0	0	ILLUMINA	Illumina NovaSeq 6000	SRP592876	PRJNA1279063		1279063	SRS25417070	SAMN49375694	simple	318829	Pyricularia oryzae	UK25							no					UNIVERSITY OF GEORGIA	SRA2151435		public	D4C4994069A0BBB85A7480D3F732E8DA	8750C70EE38B05A3865494A63F86EFF9
SRR34026525	2025-10-31 04:03:44	2025-06-18 09:28:09	8982212	2712628024	8982212	302	1282		https://sra-downloadb.be-md.ncbi.nlm.nih.gov/sos9/sra-pub-zq-924/SRR034/34026/SRR34026525/SRR34026525.lite.1	SRX29222116	UK3	WGS	RANDOM	GENOMIC	PAIRED	0	0	ILLUMINA	Illumina NovaSeq 6000	SRP592876	PRJNA1279063		1279063	SRS25417069	SAMN49375695	simple	318829	Pyricularia oryzae	UK3							no					UNIVERSITY OF GEORGIA	SRA2151435		public	130B45A5E8643A85F8D20C59EFB6BAF7	57822D15215317BFA50ED44BC6072828
SRR34026524	2025-10-31 04:03:35	2025-06-18 09:29:45	18181597	5490842294	18181597	302	2536		https://sra-downloadb.be-md.ncbi.nlm.nih.gov/sos9/sra-pub-zq-924/SRR034/34026/SRR34026524/SRR34026524.lite.1	SRX29222117	UK4	WGS	RANDOM	GENOMIC	PAIRED	0	0	ILLUMINA	Illumina NovaSeq 6000	SRP592876	PRJNA1279063		1279063	SRS25417071	SAMN49375696	simple	318829	Pyricularia oryzae	UK4							no					UNIVERSITY OF GEORGIA	SRA2151435		public	8B588AFBF99F2FF57098B3191192269B	A92BC756D6F0792F9462A0CB69CF4C48
SRR34026523	2025-10-31 04:03:40	2025-06-18 09:28:54	13541731	4089602762	13541731	302	1935		https://sra-downloadb.be-md.ncbi.nlm.nih.gov/sos9/sra-pub-zq-924/SRR034/34026/SRR34026523/SRR34026523.lite.1	SRX29222118	UK5	WGS	RANDOM	GENOMIC	PAIRED	0	0	ILLUMINA	Illumina NovaSeq 6000	SRP592876	PRJNA1279063		1279063	SRS25417072	SAMN49375697	simple	318829	Pyricularia oryzae	UK5							no					UNIVERSITY OF GEORGIA	SRA2151435		public	7DBAA183373A8C76F9E2D69C9D7193AB	42E2E546F7A563494C157616C95E2340
SRR34026521	2025-10-31 04:03:41	2025-06-18 09:29:43	17972256	5427621312	17972256	302	2563		https://sra-downloadb.be-md.ncbi.nlm.nih.gov/sos9/sra-pub-zq-924/SRR034/34026/SRR34026521/SRR34026521.lite.1	SRX29222120	UK6	WGS	RANDOM	GENOMIC	PAIRED	0	0	ILLUMINA	Illumina NovaSeq 6000	SRP592876	PRJNA1279063		1279063	SRS25417075	SAMN49375698	simple	318829	Pyricularia oryzae	UK6							no					UNIVERSITY OF GEORGIA	SRA2151435		public	B7BAAD52CF80988539C292A68335B913	39404AFA034264607900D543EE7D3D58
SRR34026597	2025-10-31 04:03:40	2025-06-18 09:31:13	18511816	5590568432	18511816	302	2502		https://sra-downloadb.be-md.ncbi.nlm.nih.gov/sos9/sra-pub-zq-924/SRR034/34026/SRR34026597/SRR34026597.lite.1	SRX29222121	UK7	WGS	RANDOM	GENOMIC	PAIRED	0	0	ILLUMINA	Illumina NovaSeq 6000	SRP592876	PRJNA1279063		1279063	SRS25417073	SAMN49375699	simple	318829	Pyricularia oryzae	UK7							no					UNIVERSITY OF GEORGIA	SRA2151435		public	089084C8D91F58915126BC373A7BCAFE	24F3D51619AE01B27965B6B52CBAD714
SRR34026544	2025-10-31 02:58:05	2025-06-18 09:29:51	20058401	6057637102	20058401	302	2650		https://sra-downloadb.be-md.ncbi.nlm.nih.gov/sos9/sra-pub-zq-924/SRR034/34026/SRR34026544/SRR34026544.lite.1	SRX29222097	E3	WGS	RANDOM	GENOMIC	PAIRED	0	0	ILLUMINA	Illumina NovaSeq 6000	SRP592876	PRJNA1279063		1279063	SRS25417051	SAMN49375480	simple	318829	Pyricularia oryzae	E3							no					UNIVERSITY OF GEORGIA	SRA2151435		public	7C9845EDC894BDADA80F8A42FFAF86AD	DB57861ABD41F782F4266709D1CC7DE5
SRR34026555	2025-10-31 04:03:39	2025-06-18 09:30:58	18541296	5599471392	18541296	302	2478		https://sra-downloadb.be-md.ncbi.nlm.nih.gov/sos9/sra-pub-zq-924/SRR034/34026/SRR34026555/SRR34026555.lite.1	SRX29222086	E31	WGS	RANDOM	GENOMIC	PAIRED	0	0	ILLUMINA	Illumina NovaSeq 6000	SRP592876	PRJNA1279063		1279063	SRS25417042	SAMN49375479	simple	318829	Pyricularia oryzae	E31							no					UNIVERSITY OF GEORGIA	SRA2151435		public	C267798D6A0DB8FEEA83A6CECEDC2C87	725E7968F8759E46116423A7CA1874BB
SRR34026560	2025-10-31 02:58:06	2025-06-18 09:30:59	17728223	5353923346	17728223	302	2236		https://sra-downloadb.be-md.ncbi.nlm.nih.gov/sos9/sra-pub-zq-924/SRR034/34026/SRR34026560/SRR34026560.lite.1	SRX29222081	E4	WGS	RANDOM	GENOMIC	PAIRED	0	0	ILLUMINA	Illumina NovaSeq 6000	SRP592876	PRJNA1279063		1279063	SRS25417033	SAMN49375491	simple	318829	Pyricularia oryzae	E4							no					UNIVERSITY OF GEORGIA	SRA2151435		public	52CB3FFDB020C88410976DA9BF6FB099	41ED23F228B1BC3BAC2ED06D0E4DDEF3
SRR34026561	2025-10-31 02:58:06	2025-06-18 09:31:52	19970161	6030988622	19970161	302	2848		https://sra-downloadb.be-md.ncbi.nlm.nih.gov/sos9/sra-pub-zq-924/SRR034/34026/SRR34026561/SRR34026561.lite.1	SRX29222080	E41	WGS	RANDOM	GENOMIC	PAIRED	0	0	ILLUMINA	Illumina NovaSeq 6000	SRP592876	PRJNA1279063		1279063	SRS25417034	SAMN49375490	simple	318829	Pyricularia oryzae	E41							no					UNIVERSITY OF GEORGIA	SRA2151435		public	652072A436FFC0D778D530FBB901EB96	31AC5C8551FD62695693BC780BC7AD5A
SRR34026558	2025-10-31 04:03:41	2025-06-18 09:29:34	15807036	4773724872	15807036	302	2080		https://sra-downloadb.be-md.ncbi.nlm.nih.gov/sos9/sra-pub-zq-924/SRR034/34026/SRR34026558/SRR34026558.lite.1	SRX29222083	U5	WGS	RANDOM	GENOMIC	PAIRED	0	0	ILLUMINA	Illumina NovaSeq 6000	SRP592876	PRJNA1279063		1279063	SRS25417037	SAMN49375665	simple	318829	Pyricularia oryzae	U5							no					UNIVERSITY OF GEORGIA	SRA2151435		public	B318BD716472454206C4448412D5546F	06B25BA0D9C2B1BEFC556BD9254F1AD7
SRR34026559	2025-10-31 04:03:44	2025-06-18 09:30:30	15602225	4711871950	15602225	302	2037		https://sra-downloadb.be-md.ncbi.nlm.nih.gov/sos9/sra-pub-zq-924/SRR034/34026/SRR34026559/SRR34026559.lite.1	SRX29222082	U51	WGS	RANDOM	GENOMIC	PAIRED	0	0	ILLUMINA	Illumina NovaSeq 6000	SRP592876	PRJNA1279063		1279063	SRS25417035	SAMN49375664	simple	318829	Pyricularia oryzae	U51							no					UNIVERSITY OF GEORGIA	SRA2151435		public	CFBB8842E8E9EBBEF1CDD5223228E1C6	FE79F9C099C0407C635A5E40BE5E608A
SRR34026557	2025-10-31 04:03:35	2025-06-18 09:31:57	21383478	6457810356	21383478	302	2924		https://sra-downloadb.be-md.ncbi.nlm.nih.gov/sos9/sra-pub-zq-924/SRR034/34026/SRR34026557/SRR34026557.lite.1	SRX29222084	U52	WGS	RANDOM	GENOMIC	PAIRED	0	0	ILLUMINA	Illumina NovaSeq 6000	SRP592876	PRJNA1279063		1279063	SRS25417038	SAMN49375666	simple	318829	Pyricularia oryzae	U52							no					UNIVERSITY OF GEORGIA	SRA2151435		public	0F7DD2A94ABBF47174301821BB725D9B	013A7B3FE6713531B443D220A4A8E16B
SRR34026556	2025-10-31 04:03:35	2025-06-18 09:28:10	9470711	2830829956	9470711	298	1143		https://sra-downloadb.be-md.ncbi.nlm.nih.gov/sos9/sra-pub-zq-924/SRR034/34026/SRR34026556/SRR34026556.lite.1	SRX29222085	U53	WGS	RANDOM	GENOMIC	PAIRED	0	0	ILLUMINA	Illumina NovaSeq 6000	SRP592876	PRJNA1279063		1279063	SRS25417039	SAMN49375667	simple	318829	Pyricularia oryzae	U53							no					UNIVERSITY OF GEORGIA	SRA2151435		public	9C9C71EE7F37C4BB1A30E5F2BB2814AA	E1CEAD44DF203308BC2B8884AE410D81
SRR34026554	2025-10-31 04:03:41	2025-06-18 09:26:51	836552	249999649	836552	298	102		https://sra-downloadb.be-md.ncbi.nlm.nih.gov/sos9/sra-pub-zq-924/SRR034/34026/SRR34026554/SRR34026554.lite.1	SRX29222087	U54	WGS	RANDOM	GENOMIC	PAIRED	0	0	ILLUMINA	Illumina NovaSeq 6000	SRP592876	PRJNA1279063		1279063	SRS25417041	SAMN49375668	simple	318829	Pyricularia oryzae	U54							no					UNIVERSITY OF GEORGIA	SRA2151435		public	E0EFB57C318C65ADE09B12013A652633	1AD4EA49F2636FC813281FF81ECE1AF1
SRR34026553	2025-10-31 04:03:44	2025-06-18 09:31:36	26362383	7902446608	26362383	299	3236		https://sra-downloadb.be-md.ncbi.nlm.nih.gov/sos9/sra-pub-zq-924/SRR034/34026/SRR34026553/SRR34026553.lite.1	SRX29222088	U55	WGS	RANDOM	GENOMIC	PAIRED	0	0	ILLUMINA	Illumina NovaSeq 6000	SRP592876	PRJNA1279063		1279063	SRS25417040	SAMN49375669	simple	318829	Pyricularia oryzae	U55							no					UNIVERSITY OF GEORGIA	SRA2151435		public	3DA71D9DD6A58B09A6962267A187E057	D69A0961364165DEF4C3F0D8B0B288FB
SRR34026552	2025-10-31 04:03:41	2025-06-18 09:29:12	14136154	4269118508	14136154	302	1863		https://sra-downloadb.be-md.ncbi.nlm.nih.gov/sos9/sra-pub-zq-924/SRR034/34026/SRR34026552/SRR34026552.lite.1	SRX29222089	U56	WGS	RANDOM	GENOMIC	PAIRED	0	0	ILLUMINA	Illumina NovaSeq 6000	SRP592876	PRJNA1279063		1279063	SRS25417043	SAMN49375670	simple	318829	Pyricularia oryzae	U56							no					UNIVERSITY OF GEORGIA	SRA2151435		public	F1E0765CAA8F3D6996C2C5153E77447F	DCC9FD84915CBF6A9F95A9BBE33E2A5F
SRR34026551	2025-10-31 04:03:39	2025-06-18 09:27:58	7129347	2128200905	7129347	298	868		https://sra-downloadb.be-md.ncbi.nlm.nih.gov/sos9/sra-pub-zq-924/SRR034/34026/SRR34026551/SRR34026551.lite.1	SRX29222090	U57	WGS	RANDOM	GENOMIC	PAIRED	0	0	ILLUMINA	Illumina NovaSeq 6000	SRP592876	PRJNA1279063		1279063	SRS25417045	SAMN49375671	simple	318829	Pyricularia oryzae	U57							no					UNIVERSITY OF GEORGIA	SRA2151435		public	2911A897C8D20A4BD4CB87925E4BCDBB	EE602C17D814830C47160483CD46106E
SRR34026550	2025-10-31 04:03:39	2025-06-18 09:28:52	9673578	2881786880	9673578	297	1149		https://sra-downloadb.be-md.ncbi.nlm.nih.gov/sos9/sra-pub-zq-924/SRR034/34026/SRR34026550/SRR34026550.lite.1	SRX29222091	U58	WGS	RANDOM	GENOMIC	PAIRED	0	0	ILLUMINA	Illumina NovaSeq 6000	SRP592876	PRJNA1279063		1279063	SRS25417044	SAMN49375672	simple	318829	Pyricularia oryzae	U58							no					UNIVERSITY OF GEORGIA	SRA2151435		public	AD11DA94FD0E277735C62D88E8440C43	5ED46BB3BD89375658491F15648FCD59
SRR34026549	2025-10-31 04:03:39	2025-06-18 09:31:45	20176925	6093431350	20176925	302	2660		https://sra-downloadb.be-md.ncbi.nlm.nih.gov/sos9/sra-pub-zq-924/SRR034/34026/SRR34026549/SRR34026549.lite.1	SRX29222092	U6	WGS	RANDOM	GENOMIC	PAIRED	0	0	ILLUMINA	Illumina NovaSeq 6000	SRP592876	PRJNA1279063		1279063	SRS25417046	SAMN49375673	simple	318829	Pyricularia oryzae	U6							no					UNIVERSITY OF GEORGIA	SRA2151435		public	49F83479ED8FE268C721337065C094AC	108512C2142DBF0A6D76C79175E2F2A6
SRR34026548	2025-10-31 04:03:39	2025-06-18 09:29:09	15350018	4635705436	15350018	302	2098		https://sra-downloadb.be-md.ncbi.nlm.nih.gov/sos9/sra-pub-zq-924/SRR034/34026/SRR34026548/SRR34026548.lite.1	SRX29222093	U7	WGS	RANDOM	GENOMIC	PAIRED	0	0	ILLUMINA	Illumina NovaSeq 6000	SRP592876	PRJNA1279063		1279063	SRS25417047	SAMN49375674	simple	318829	Pyricularia oryzae	U7							no					UNIVERSITY OF GEORGIA	SRA2151435		public	494EF0227C7906D23E0F4146D4E65E29	83859E25308F05797AE01B60B1CC3250
SRR34026547	2025-10-31 04:03:40	2025-06-18 09:30:57	24955552	7536576704	24955552	302	3281		https://sra-downloadb.be-md.ncbi.nlm.nih.gov/sos9/sra-pub-zq-924/SRR034/34026/SRR34026547/SRR34026547.lite.1	SRX29222094	U8	WGS	RANDOM	GENOMIC	PAIRED	0	0	ILLUMINA	Illumina NovaSeq 6000	SRP592876	PRJNA1279063		1279063	SRS25417049	SAMN49375675	simple	318829	Pyricularia oryzae	U8							no					UNIVERSITY OF GEORGIA	SRA2151435		public	1C00A3C14F51C43B0FBB1B5B9EBFCE36	38940EE3B2B90298C3695F5397D5B7A9
SRR34026546	2025-10-31 04:03:40	2025-06-18 09:31:57	21271922	6424120444	21271922	302	2767		https://sra-downloadb.be-md.ncbi.nlm.nih.gov/sos9/sra-pub-zq-924/SRR034/34026/SRR34026546/SRR34026546.lite.1	SRX29222095	U9	WGS	RANDOM	GENOMIC	PAIRED	0	0	ILLUMINA	Illumina NovaSeq 6000	SRP592876	PRJNA1279063		1279063	SRS25417048	SAMN49375676	simple	318829	Pyricularia oryzae	U9							no					UNIVERSITY OF GEORGIA	SRA2151435		public	A093586485AE8CBD281A2509A1B8E098	EB6596A7DD288948CDB5D1197AC6CDB9
SRR34026542	2025-10-31 04:03:41	2025-06-18 09:32:09	34485598	10414650596	34485598	302	4820		https://sra-downloadb.be-md.ncbi.nlm.nih.gov/sos9/sra-pub-zq-924/SRR034/34026/SRR34026542/SRR34026542.lite.1	SRX29222099	UK1	WGS	RANDOM	GENOMIC	PAIRED	0	0	ILLUMINA	Illumina NovaSeq 6000	SRP592876	PRJNA1279063		1279063	SRS25417052	SAMN49375679	simple	318829	Pyricularia oryzae	UK1							no					UNIVERSITY OF GEORGIA	SRA2151435		public	367B9109686205DB0112E499479BB75C	B90E11E04E2DFBD73561F834D1A9D525
SRR34026545	2025-10-31 04:03:44	2025-06-18 09:33:38	29402015	8879408530	29402015	302	4191		https://sra-downloadb.be-md.ncbi.nlm.nih.gov/sos9/sra-pub-zq-924/SRR034/34026/SRR34026545/SRR34026545.lite.1	SRX29222096	UK10	WGS	RANDOM	GENOMIC	PAIRED	0	0	ILLUMINA	Illumina NovaSeq 6000	SRP592876	PRJNA1279063		1279063	SRS25417050	SAMN49375677	simple	318829	Pyricularia oryzae	UK10							no					UNIVERSITY OF GEORGIA	SRA2151435		public	FDE8C76F9B7F48B3842423530EC08D2E	7A01CECC65BF354112C4EA3B49D38F75
SRR34026543	2025-10-31 04:03:40	2025-06-18 09:31:31	19002215	5738668930	19002215	302	2676		https://sra-downloadb.be-md.ncbi.nlm.nih.gov/sos9/sra-pub-zq-924/SRR034/34026/SRR34026543/SRR34026543.lite.1	SRX29222098	UK11	WGS	RANDOM	GENOMIC	PAIRED	0	0	ILLUMINA	Illumina NovaSeq 6000	SRP592876	PRJNA1279063		1279063	SRS25417053	SAMN49375678	simple	318829	Pyricularia oryzae	UK11							no					UNIVERSITY OF GEORGIA	SRA2151435		public	CDB83A36DDAD9F87860AA60289CEC9BB	DB1F7C09C3C675EA9169173C6FE42216
SRR34026604	2025-10-31 04:03:41	2025-06-18 09:32:38	18572904	5609017008	18572904	302	2443		https://sra-downloadb.be-md.ncbi.nlm.nih.gov/sos9/sra-pub-zq-924/SRR034/34026/SRR34026604/SRR34026604.lite.1	SRX29222038	E13	WGS	RANDOM	GENOMIC	PAIRED	0	0	ILLUMINA	Illumina NovaSeq 6000	SRP592876	PRJNA1279063		1279063	SRS25416993	SAMN49375460	simple	318829	Pyricularia oryzae	E13							no					UNIVERSITY OF GEORGIA	SRA2151435		public	516121D5DFC89BE3B14104217DB95BFA	A09BEE57820FB7B8CEF467135DABEA5C
SRR34026564	2025-10-31 04:03:34	2025-06-18 09:31:49	19682550	5944130100	19682550	302	2582		https://sra-downloadb.be-md.ncbi.nlm.nih.gov/sos9/sra-pub-zq-924/SRR034/34026/SRR34026564/SRR34026564.lite.1	SRX29222077	E14	WGS	RANDOM	GENOMIC	PAIRED	0	0	ILLUMINA	Illumina NovaSeq 6000	SRP592876	PRJNA1279063		1279063	SRS25417030	SAMN49375461	simple	318829	Pyricularia oryzae	E14							no					UNIVERSITY OF GEORGIA	SRA2151435		public	8715BE8D76B2E8A2F76F3C0D79D49C21	C4590B27C1B439423953F4C950D6CCBA
SRR34026615	2025-10-31 04:03:40	2025-06-18 09:29:15	17421575	5224725383	17421575	299	2118		https://sra-downloadb.be-md.ncbi.nlm.nih.gov/sos9/sra-pub-zq-924/SRR034/34026/SRR34026615/SRR34026615.lite.1	SRX29222027	E29	WGS	RANDOM	GENOMIC	PAIRED	0	0	ILLUMINA	Illumina NovaSeq 6000	SRP592876	PRJNA1279063		1279063	SRS25416981	SAMN49375477	simple	318829	Pyricularia oryzae	E29							no					UNIVERSITY OF GEORGIA	SRA2151435		public	0D3C53935E418E087864CC2473365A28	1C559B2479039A1415F44F3D910DC2C5
SRR34026603	2025-10-31 04:03:41	2025-06-18 09:28:39	7182515	2154234570	7182515	299	877		https://sra-downloadb.be-md.ncbi.nlm.nih.gov/sos9/sra-pub-zq-924/SRR034/34026/SRR34026603/SRR34026603.lite.1	SRX29222039	E30	WGS	RANDOM	GENOMIC	PAIRED	0	0	ILLUMINA	Illumina NovaSeq 6000	SRP592876	PRJNA1279063		1279063	SRS25416992	SAMN49375478	simple	318829	Pyricularia oryzae	E30							no					UNIVERSITY OF GEORGIA	SRA2151435		public	A546FA3E4CC4A4E7E72D288401EF5AF6	F5B664AEACFFF4340DFB87739344C647
SRR34026587	2025-10-31 02:58:05	2025-06-18 09:30:49	14077157	4251301414	14077157	302	1851		https://sra-downloadb.be-md.ncbi.nlm.nih.gov/sos9/sra-pub-zq-924/SRR034/34026/SRR34026587/SRR34026587.lite.1	SRX29222054	E34	WGS	RANDOM	GENOMIC	PAIRED	0	0	ILLUMINA	Illumina NovaSeq 6000	SRP592876	PRJNA1279063		1279063	SRS25417007	SAMN49375483	simple	318829	Pyricularia oryzae	E34							no					UNIVERSITY OF GEORGIA	SRA2151435		public	D59415C980244316B6344D3A9103D72B	0DE76E2D1CB0877629B8FB8972D0B4D6
SRR34026576	2025-10-31 02:58:05	2025-06-18 09:30:07	20775900	6274321800	20775900	302	2743		https://sra-downloadb.be-md.ncbi.nlm.nih.gov/sos9/sra-pub-zq-924/SRR034/34026/SRR34026576/SRR34026576.lite.1	SRX29222065	E35	WGS	RANDOM	GENOMIC	PAIRED	0	0	ILLUMINA	Illumina NovaSeq 6000	SRP592876	PRJNA1279063		1279063	SRS25417019	SAMN49375484	simple	318829	Pyricularia oryzae	E35							no					UNIVERSITY OF GEORGIA	SRA2151435		public	FE00ECE9EDB24856E84D954A8F38393D	06466AFCF8ACC9CD4868E1BD70D9E1C6
SRR34026567	2025-10-31 02:58:05	2025-06-18 09:32:08	23022529	6952803758	23022529	302	3001		https://sra-downloadb.be-md.ncbi.nlm.nih.gov/sos9/sra-pub-zq-924/SRR034/34026/SRR34026567/SRR34026567.lite.1	SRX29222074	E36	WGS	RANDOM	GENOMIC	PAIRED	0	0	ILLUMINA	Illumina NovaSeq 6000	SRP592876	PRJNA1279063		1279063	SRS25417028	SAMN49375485	simple	318829	Pyricularia oryzae	E36							no					UNIVERSITY OF GEORGIA	SRA2151435		public	DD3DB54D675D6C503638DDCA2CF3C8B0	0698CC419306E64714B547D2E4B2F252
SRR34026566	2025-10-31 02:58:05	2025-06-18 09:30:09	11252367	3398214834	11252367	302	1483		https://sra-downloadb.be-md.ncbi.nlm.nih.gov/sos9/sra-pub-zq-924/SRR034/34026/SRR34026566/SRR34026566.lite.1	SRX29222075	E37	WGS	RANDOM	GENOMIC	PAIRED	0	0	ILLUMINA	Illumina NovaSeq 6000	SRP592876	PRJNA1279063		1279063	SRS25417027	SAMN49375486	simple	318829	Pyricularia oryzae	E37							no					UNIVERSITY OF GEORGIA	SRA2151435		public	20C9679F1C576ECF0847F3569024B132	B06EAC46FAACF3B2C5A73AE4195A7348
SRR34026565	2025-10-31 02:58:07	2025-06-18 09:30:39	15802041	4772216382	15802041	302	2065		https://sra-downloadb.be-md.ncbi.nlm.nih.gov/sos9/sra-pub-zq-924/SRR034/34026/SRR34026565/SRR34026565.lite.1	SRX29222076	E38	WGS	RANDOM	GENOMIC	PAIRED	0	0	ILLUMINA	Illumina NovaSeq 6000	SRP592876	PRJNA1279063		1279063	SRS25417029	SAMN49375487	simple	318829	Pyricularia oryzae	E38							no					UNIVERSITY OF GEORGIA	SRA2151435		public	F4FF8C25DE559EC65E19D01F5F9E725B	E19BB81D83A528250E75F9D09902AE17
SRR34026563	2025-10-31 02:58:05	2025-06-18 09:31:17	20111589	6073699878	20111589	302	2716		https://sra-downloadb.be-md.ncbi.nlm.nih.gov/sos9/sra-pub-zq-924/SRR034/34026/SRR34026563/SRR34026563.lite.1	SRX29222078	E39	WGS	RANDOM	GENOMIC	PAIRED	0	0	ILLUMINA	Illumina NovaSeq 6000	SRP592876	PRJNA1279063		1279063	SRS25417031	SAMN49375488	simple	318829	Pyricularia oryzae	E39							no					UNIVERSITY OF GEORGIA	SRA2151435		public	0D4C94F787AE91D68E30B60E25A60D98	92562FFDEA99B7556D10F7323BCBA41A
SRR34026562	2025-10-31 02:58:06	2025-06-18 09:30:57	16419604	4958720408	16419604	302	2217		https://sra-downloadb.be-md.ncbi.nlm.nih.gov/sos9/sra-pub-zq-924/SRR034/34026/SRR34026562/SRR34026562.lite.1	SRX29222079	E40	WGS	RANDOM	GENOMIC	PAIRED	0	0	ILLUMINA	Illumina NovaSeq 6000	SRP592876	PRJNA1279063		1279063	SRS25417032	SAMN49375489	simple	318829	Pyricularia oryzae	E40							no					UNIVERSITY OF GEORGIA	SRA2151435		public	9C0209D4B7641F8BEC4C99F2CC8EDD7B	7017DF28878C9565AD71B57AE91EFA33
SRR34026620	2025-10-31 04:03:37	2025-06-18 09:27:34	2345972	702053512	2345972	299	289		https://sra-downloadb.be-md.ncbi.nlm.nih.gov/sos9/sra-pub-zq-924/SRR034/34026/SRR34026620/SRR34026620.lite.1	SRX29222022	U3	WGS	RANDOM	GENOMIC	PAIRED	0	0	ILLUMINA	Illumina NovaSeq 6000	SRP592876	PRJNA1279063		1279063	SRS25416976	SAMN49375643	simple	318829	Pyricularia oryzae	U3							no					UNIVERSITY OF GEORGIA	SRA2151435		public	F47B7C889CE289A6D8E3B7CEA9802163	200C5DAB29146E11DEB2F4398B6D9445
SRR34026622	2025-10-31 04:03:37	2025-06-18 09:27:32	4384505	1310041599	4384505	298	532		https://sra-downloadb.be-md.ncbi.nlm.nih.gov/sos9/sra-pub-zq-924/SRR034/34026/SRR34026622/SRR34026622.lite.1	SRX29222020	U30	WGS	RANDOM	GENOMIC	PAIRED	0	0	ILLUMINA	Illumina NovaSeq 6000	SRP592876	PRJNA1279063		1279063	SRS25416975	SAMN49375641	simple	318829	Pyricularia oryzae	U30							no					UNIVERSITY OF GEORGIA	SRA2151435		public	A7EE64786EB5B9FAAF1DADDABF61F5CE	DB6C30F439FDDE0603A514BB6C7C88F2
SRR34026621	2025-10-31 04:03:37	2025-06-18 09:29:27	17984094	5431196388	17984094	302	2493		https://sra-downloadb.be-md.ncbi.nlm.nih.gov/sos9/sra-pub-zq-924/SRR034/34026/SRR34026621/SRR34026621.lite.1	SRX29222021	U31	WGS	RANDOM	GENOMIC	PAIRED	0	0	ILLUMINA	Illumina NovaSeq 6000	SRP592876	PRJNA1279063		1279063	SRS25416973	SAMN49375642	simple	318829	Pyricularia oryzae	U31							no					UNIVERSITY OF GEORGIA	SRA2151435		public	D8B158F463BC43F481F6BEC76F02B1BF	E1145A3FD72374D7291B6797256211C2
SRR34026619	2025-10-31 04:03:40	2025-06-18 09:29:56	4880429	1452532182	4880429	297	581		https://sra-downloadb.be-md.ncbi.nlm.nih.gov/sos9/sra-pub-zq-924/SRR034/34026/SRR34026619/SRR34026619.lite.1	SRX29222023	U32	WGS	RANDOM	GENOMIC	PAIRED	0	0	ILLUMINA	Illumina NovaSeq 6000	SRP592876	PRJNA1279063		1279063	SRS25416977	SAMN49375644	simple	318829	Pyricularia oryzae	U32							no					UNIVERSITY OF GEORGIA	SRA2151435		public	A973A7965CB1AE5BA263DB8894C5C110	DBC76A05C557B9DDCB1EB19F132AA285
SRR34026618	2025-10-31 04:03:40	2025-06-18 09:34:09	16606164	5015061528	16606164	302	2167		https://sra-downloadb.be-md.ncbi.nlm.nih.gov/sos9/sra-pub-zq-924/SRR034/34026/SRR34026618/SRR34026618.lite.1	SRX29222024	U33	WGS	RANDOM	GENOMIC	PAIRED	0	0	ILLUMINA	Illumina NovaSeq 6000	SRP592876	PRJNA1279063		1279063	SRS25416978	SAMN49375645	simple	318829	Pyricularia oryzae	U33							no					UNIVERSITY OF GEORGIA	SRA2151435		public	D2ABAC229F52243EA57B43FD0845C2FA	554DE4A0BC47A5295A7C4E57BACE058D
SRR34026617	2025-10-31 04:03:37	2025-06-18 09:28:35	10937241	3303046782	10937241	302	1423		https://sra-downloadb.be-md.ncbi.nlm.nih.gov/sos9/sra-pub-zq-924/SRR034/34026/SRR34026617/SRR34026617.lite.1	SRX29222025	U34	WGS	RANDOM	GENOMIC	PAIRED	0	0	ILLUMINA	Illumina NovaSeq 6000	SRP592876	PRJNA1279063		1279063	SRS25416979	SAMN49375646	simple	318829	Pyricularia oryzae	U34							no					UNIVERSITY OF GEORGIA	SRA2151435		public	945F94E84110161747601E54395BBA43	21EA320642910C977F0B9DE065A9023F
SRR34026616	2025-10-31 04:03:40	2025-06-18 09:34:32	27942404	8438606008	27942404	302	3719		https://sra-downloadb.be-md.ncbi.nlm.nih.gov/sos9/sra-pub-zq-924/SRR034/34026/SRR34026616/SRR34026616.lite.1	SRX29222026	U35	WGS	RANDOM	GENOMIC	PAIRED	0	0	ILLUMINA	Illumina NovaSeq 6000	SRP592876	PRJNA1279063		1279063	SRS25416980	SAMN49375647	simple	318829	Pyricularia oryzae	U35							no					UNIVERSITY OF GEORGIA	SRA2151435		public	8F50F4D6B9D8B1830C1F10324A5BF465	7AFD8318814B3B5E87D1341A89542251
SRR34026614	2025-10-31 04:03:40	2025-06-18 09:28:25	6561384	1968415200	6561384	300	831		https://sra-downloadb.be-md.ncbi.nlm.nih.gov/sos9/sra-pub-zq-924/SRR034/34026/SRR34026614/SRR34026614.lite.1	SRX29222028	U36	WGS	RANDOM	GENOMIC	PAIRED	0	0	ILLUMINA	Illumina NovaSeq 6000	SRP592876	PRJNA1279063		1279063	SRS25416983	SAMN49375648	simple	318829	Pyricularia oryzae	U36							no					UNIVERSITY OF GEORGIA	SRA2151435		public	E52743D85ED1B837B21AFB336F0BE69A	119ADCB54C1A19C7298FBF060B487BDD
SRR34026613	2025-10-31 04:03:41	2025-06-18 09:28:44	6956938	2087081400	6956938	300	875		https://sra-downloadb.be-md.ncbi.nlm.nih.gov/sos9/sra-pub-zq-924/SRR034/34026/SRR34026613/SRR34026613.lite.1	SRX29222029	U37	WGS	RANDOM	GENOMIC	PAIRED	0	0	ILLUMINA	Illumina NovaSeq 6000	SRP592876	PRJNA1279063		1279063	SRS25416984	SAMN49375649	simple	318829	Pyricularia oryzae	U37							no					UNIVERSITY OF GEORGIA	SRA2151435		public	EAEAEC0035977A8957C00DB18D00199D	AE9114D8550082F9A862AE0FA711AA13
SRR34026612	2025-10-31 04:03:40	2025-06-18 09:27:48	7147635	2144290500	7147635	300	896		https://sra-downloadb.be-md.ncbi.nlm.nih.gov/sos9/sra-pub-zq-924/SRR034/34026/SRR34026612/SRR34026612.lite.1	SRX29222030	U38	WGS	RANDOM	GENOMIC	PAIRED	0	0	ILLUMINA	Illumina NovaSeq 6000	SRP592876	PRJNA1279063		1279063	SRS25416982	SAMN49375650	simple	318829	Pyricularia oryzae	U38							no					UNIVERSITY OF GEORGIA	SRA2151435		public	3EFC65F34CD7222CC1149D4E58F0FB30	289C449B466CBA348ACDA1FCED63F546
SRR34026611	2025-10-31 04:03:41	2025-06-18 09:27:32	4413036	1319029314	4413036	298	524		https://sra-downloadb.be-md.ncbi.nlm.nih.gov/sos9/sra-pub-zq-924/SRR034/34026/SRR34026611/SRR34026611.lite.1	SRX29222031	U39	WGS	RANDOM	GENOMIC	PAIRED	0	0	ILLUMINA	Illumina NovaSeq 6000	SRP592876	PRJNA1279063		1279063	SRS25416985	SAMN49375651	simple	318829	Pyricularia oryzae	U39							no					UNIVERSITY OF GEORGIA	SRA2151435		public	FB23DA7300257C820B156C6D9A6D4EF1	E2500FABE628C73255012CBC802A546E
SRR34026608	2025-10-31 04:03:41	2025-06-18 09:28:27	4721507	1405302516	4721507	297	564		https://sra-downloadb.be-md.ncbi.nlm.nih.gov/sos9/sra-pub-zq-924/SRR034/34026/SRR34026608/SRR34026608.lite.1	SRX29222034	U4	WGS	RANDOM	GENOMIC	PAIRED	0	0	ILLUMINA	Illumina NovaSeq 6000	SRP592876	PRJNA1279063		1279063	SRS25416987	SAMN49375654	simple	318829	Pyricularia oryzae	U4							no					UNIVERSITY OF GEORGIA	SRA2151435		public	1E6B0C58A5E162EFC3A4BA8F435BDFBE	CF677DE8F87D6B260504E00A0616C330
SRR34026610	2025-10-31 04:03:41	2025-06-18 09:30:23	15076982	4553248564	15076982	302	1911		https://sra-downloadb.be-md.ncbi.nlm.nih.gov/sos9/sra-pub-zq-924/SRR034/34026/SRR34026610/SRR34026610.lite.1	SRX29222032	U40	WGS	RANDOM	GENOMIC	PAIRED	0	0	ILLUMINA	Illumina NovaSeq 6000	SRP592876	PRJNA1279063		1279063	SRS25416986	SAMN49375652	simple	318829	Pyricularia oryzae	U40							no					UNIVERSITY OF GEORGIA	SRA2151435		public	8AA4A2BA897B0EEC3853E4BFBB539B53	B5B9CE92625CC897E5C9B945431ED81E
SRR34026609	2025-10-31 04:03:41	2025-06-18 09:30:13	13400605	4021269049	13400605	300	1626		https://sra-downloadb.be-md.ncbi.nlm.nih.gov/sos9/sra-pub-zq-924/SRR034/34026/SRR34026609/SRR34026609.lite.1	SRX29222033	U41	WGS	RANDOM	GENOMIC	PAIRED	0	0	ILLUMINA	Illumina NovaSeq 6000	SRP592876	PRJNA1279063		1279063	SRS25416988	SAMN49375653	simple	318829	Pyricularia oryzae	U41							no					UNIVERSITY OF GEORGIA	SRA2151435		public	EB852F2AEC4A0E46435B45DBD1525209	BE3E497F8DB0524886C012885593D86F
SRR34026607	2025-10-31 04:03:41	2025-06-18 09:28:52	12211809	3687966318	12211809	302	1606		https://sra-downloadb.be-md.ncbi.nlm.nih.gov/sos9/sra-pub-zq-924/SRR034/34026/SRR34026607/SRR34026607.lite.1	SRX29222035	U42	WGS	RANDOM	GENOMIC	PAIRED	0	0	ILLUMINA	Illumina NovaSeq 6000	SRP592876	PRJNA1279063		1279063	SRS25416989	SAMN49375655	simple	318829	Pyricularia oryzae	U42							no					UNIVERSITY OF GEORGIA	SRA2151435		public	FE987BFB522D687A313D342AA624C0ED	15AD95A86E7A3F0C9297069DD93E7322
SRR34026606	2025-10-31 04:03:41	2025-06-18 09:29:00	7012060	2103618000	7012060	300	881		https://sra-downloadb.be-md.ncbi.nlm.nih.gov/sos9/sra-pub-zq-924/SRR034/34026/SRR34026606/SRR34026606.lite.1	SRX29222036	U43	WGS	RANDOM	GENOMIC	PAIRED	0	0	ILLUMINA	Illumina NovaSeq 6000	SRP592876	PRJNA1279063		1279063	SRS25416990	SAMN49375656	simple	318829	Pyricularia oryzae	U43							no					UNIVERSITY OF GEORGIA	SRA2151435		public	00CCF67F947ADC41F3E290E746ADFAD4	5650099733B32CF1CFF84443C2BA3343
SRR34026605	2025-10-31 04:03:41	2025-06-18 09:28:31	6919571	2075871300	6919571	300	860		https://sra-downloadb.be-md.ncbi.nlm.nih.gov/sos9/sra-pub-zq-924/SRR034/34026/SRR34026605/SRR34026605.lite.1	SRX29222037	U44	WGS	RANDOM	GENOMIC	PAIRED	0	0	ILLUMINA	Illumina NovaSeq 6000	SRP592876	PRJNA1279063		1279063	SRS25416991	SAMN49375657	simple	318829	Pyricularia oryzae	U44							no					UNIVERSITY OF GEORGIA	SRA2151435		public	2C2B0A48B71DD5370C2995C98CDE11F2	D5ABB929F5381A92DB803B456D51FD31
SRR34026602	2025-10-31 04:03:38	2025-06-18 09:31:03	17129772	5121099286	17129772	298	2064		https://sra-downloadb.be-md.ncbi.nlm.nih.gov/sos9/sra-pub-zq-924/SRR034/34026/SRR34026602/SRR34026602.lite.1	SRX29222040	U45	WGS	RANDOM	GENOMIC	PAIRED	0	0	ILLUMINA	Illumina NovaSeq 6000	SRP592876	PRJNA1279063		1279063	SRS25416994	SAMN49375658	simple	318829	Pyricularia oryzae	U45							no					UNIVERSITY OF GEORGIA	SRA2151435		public	545248A21B27E9030B9EB3BD3808AAF2	D001F223B660B64CAD5D21B43CEF141E
SRR34026601	2025-10-31 04:03:38	2025-06-18 09:34:08	26284233	7774739751	26284233	295	3095		https://sra-downloadb.be-md.ncbi.nlm.nih.gov/sos9/sra-pub-zq-924/SRR034/34026/SRR34026601/SRR34026601.lite.1	SRX29222041	U46	WGS	RANDOM	GENOMIC	PAIRED	0	0	ILLUMINA	Illumina NovaSeq 6000	SRP592876	PRJNA1279063		1279063	SRS25416995	SAMN49375659	simple	318829	Pyricularia oryzae	U46							no					UNIVERSITY OF GEORGIA	SRA2151435		public	BA10F31FB845D83F6D4418372A0CC2E5	200597755CADC25A63A9D96ED5D991F4
SRR34026600	2025-10-31 04:03:42	2025-06-18 09:27:05	216911	64505521	216911	297	26		https://sra-downloadb.be-md.ncbi.nlm.nih.gov/sos9/sra-pub-zq-924/SRR034/34026/SRR34026600/SRR34026600.lite.1	SRX29222042	U47	WGS	RANDOM	GENOMIC	PAIRED	0	0	ILLUMINA	Illumina NovaSeq 6000	SRP592876	PRJNA1279063		1279063	SRS25416996	SAMN49375660	simple	318829	Pyricularia oryzae	U47							no					UNIVERSITY OF GEORGIA	SRA2151435		public	84A6C3B7D1B75B31E59C08B338B0DE4C	F9222E2FF9C540D015E9F82FD87924F0
SRR34026599	2025-10-31 04:03:42	2025-06-18 09:31:07	14939738	4441740081	14939738	297	1819		https://sra-downloadb.be-md.ncbi.nlm.nih.gov/sos9/sra-pub-zq-924/SRR034/34026/SRR34026599/SRR34026599.lite.1	SRX29222043	U48	WGS	RANDOM	GENOMIC	PAIRED	0	0	ILLUMINA	Illumina NovaSeq 6000	SRP592876	PRJNA1279063		1279063	SRS25416997	SAMN49375661	simple	318829	Pyricularia oryzae	U48							no					UNIVERSITY OF GEORGIA	SRA2151435		public	191BF017EAF11508CF48F60A0DA250A0	9D81EAC99B9D7F72C8A862476B7F2C94
SRR34026598	2025-10-31 04:03:42	2025-06-18 09:30:50	19490422	5886107444	19490422	302	2719		https://sra-downloadb.be-md.ncbi.nlm.nih.gov/sos9/sra-pub-zq-924/SRR034/34026/SRR34026598/SRR34026598.lite.1	SRX29222044	U49	WGS	RANDOM	GENOMIC	PAIRED	0	0	ILLUMINA	Illumina NovaSeq 6000	SRP592876	PRJNA1279063		1279063	SRS25416998	SAMN49375662	simple	318829	Pyricularia oryzae	U49							no					UNIVERSITY OF GEORGIA	SRA2151435		public	CE68E3AAEB5840D26BC4C018214889FA	959D42CD1E0069BEF466CA430920A6D4
SRR34026596	2025-10-31 04:03:42	2025-06-18 09:31:06	12695039	3833901778	12695039	302	1668		https://sra-downloadb.be-md.ncbi.nlm.nih.gov/sos9/sra-pub-zq-924/SRR034/34026/SRR34026596/SRR34026596.lite.1	SRX29222045	U50	WGS	RANDOM	GENOMIC	PAIRED	0	0	ILLUMINA	Illumina NovaSeq 6000	SRP592876	PRJNA1279063		1279063	SRS25416999	SAMN49375663	simple	318829	Pyricularia oryzae	U50							no					UNIVERSITY OF GEORGIA	SRA2151435		public	F36D2D2CA9E8D674364413DEF7A1EB1B	0861A5673FDDC5D219C144CF25A9B6F9
SRR34026595	2025-10-31 04:03:42	2025-06-18 09:32:34	21539349	6504883398	21539349	302	3051		https://sra-downloadb.be-md.ncbi.nlm.nih.gov/sos9/sra-pub-zq-924/SRR034/34026/SRR34026595/SRR34026595.lite.1	SRX29222046	UK8	WGS	RANDOM	GENOMIC	PAIRED	0	0	ILLUMINA	Illumina NovaSeq 6000	SRP592876	PRJNA1279063		1279063	SRS25417001	SAMN49375700	simple	318829	Pyricularia oryzae	UK8							no					UNIVERSITY OF GEORGIA	SRA2151435		public	4B8C55BD2BEEDC863919F7A96B1417AE	EACDF2533AE92112D125DDE750825E76
SRR34026594	2025-10-31 04:03:42	2025-06-18 09:32:21	22681868	6849924136	22681868	302	3233		https://sra-downloadb.be-md.ncbi.nlm.nih.gov/sos9/sra-pub-zq-924/SRR034/34026/SRR34026594/SRR34026594.lite.1	SRX29222047	UK9	WGS	RANDOM	GENOMIC	PAIRED	0	0	ILLUMINA	Illumina NovaSeq 6000	SRP592876	PRJNA1279063		1279063	SRS25417000	SAMN49375701	simple	318829	Pyricularia oryzae	UK9							no					UNIVERSITY OF GEORGIA	SRA2151435		public	5C8FE0619CD02F7EC55908E5562648DC	24B106439899C141AA54AF44C7E5B85D
SRR34026623	2025-10-31 04:03:37	2025-06-18 09:27:48	4558064	1363802912	4558064	299	546		https://sra-downloadb.be-md.ncbi.nlm.nih.gov/sos9/sra-pub-zq-924/SRR034/34026/SRR34026623/SRR34026623.lite.1	SRX29222019	U29	WGS	RANDOM	GENOMIC	PAIRED	0	0	ILLUMINA	Illumina NovaSeq 6000	SRP592876	PRJNA1279063		1279063	SRS25416974	SAMN49375640	simple	318829	Pyricularia oryzae	U29							no					UNIVERSITY OF GEORGIA	SRA2151435		public	EBBFC00B72418845D84F3A657E7B7C4C	AA503188A820D6D7F96A15A608568A5F
SRR34026624	2025-10-31 02:58:15	2025-06-18 09:28:42	11135512	3326083270	11135512	298	1333		https://sra-downloadb.be-md.ncbi.nlm.nih.gov/sos9/sra-pub-zq-924/SRR034/34026/SRR34026624/SRR34026624.lite.1	SRX29222018	U28	WGS	RANDOM	GENOMIC	PAIRED	0	0	ILLUMINA	Illumina NovaSeq 6000	SRP592876	PRJNA1279063		1279063	SRS25416971	SAMN49375639	simple	318829	Pyricularia oryzae	U28							no					UNIVERSITY OF GEORGIA	SRA2151435		public	BAAD838F1AEF0374BE3869A4A069FC5D	5017FFFF72951EC10C5DEC36C3F647DB
SRR34026625	2025-10-31 02:58:16	2025-06-18 09:28:03	7224259	2167277700	7224259	300	901		https://sra-downloadb.be-md.ncbi.nlm.nih.gov/sos9/sra-pub-zq-924/SRR034/34026/SRR34026625/SRR34026625.lite.1	SRX29222017	U27	WGS	RANDOM	GENOMIC	PAIRED	0	0	ILLUMINA	Illumina NovaSeq 6000	SRP592876	PRJNA1279063		1279063	SRS25416972	SAMN49375638	simple	318829	Pyricularia oryzae	U27							no					UNIVERSITY OF GEORGIA	SRA2151435		public	DF204AD62F46B8527179951A7B18AA03	B60331C0686FA461385E0FF667BC2A2B
SRR34026626	2025-10-31 04:03:39	2025-06-18 09:28:46	11841649	3576177998	11841649	302	1683		https://sra-downloadb.be-md.ncbi.nlm.nih.gov/sos9/sra-pub-zq-924/SRR034/34026/SRR34026626/SRR34026626.lite.1	SRX29222016	E28	WGS	RANDOM	GENOMIC	PAIRED	0	0	ILLUMINA	Illumina NovaSeq 6000	SRP592876	PRJNA1279063		1279063	SRS25416970	SAMN49375476	simple	318829	Pyricularia oryzae	E28							no					UNIVERSITY OF GEORGIA	SRA2151435		public	16B582A61B31209011AF2B26002347D7	B320CEB783DAB0560400FAEB137342E7
SRR34026627	2025-10-31 02:58:16	2025-06-18 09:30:29	16365500	4942381000	16365500	302	2120		https://sra-downloadb.be-md.ncbi.nlm.nih.gov/sos9/sra-pub-zq-924/SRR034/34026/SRR34026627/SRR34026627.lite.1	SRX29222015	U26	WGS	RANDOM	GENOMIC	PAIRED	0	0	ILLUMINA	Illumina NovaSeq 6000	SRP592876	PRJNA1279063		1279063	SRS25416969	SAMN49375637	simple	318829	Pyricularia oryzae	U26							no					UNIVERSITY OF GEORGIA	SRA2151435		public	C3F7DCC762CC092EAC7988EAADBEA972	FCEDD37D584990739A94C10C8D93AD42
SRR34026628	2025-10-31 02:58:15	2025-06-18 09:28:10	8384627	2515388100	8384627	300	1031		https://sra-downloadb.be-md.ncbi.nlm.nih.gov/sos9/sra-pub-zq-924/SRR034/34026/SRR34026628/SRR34026628.lite.1	SRX29222014	U25	WGS	RANDOM	GENOMIC	PAIRED	0	0	ILLUMINA	Illumina NovaSeq 6000	SRP592876	PRJNA1279063		1279063	SRS25416968	SAMN49375636	simple	318829	Pyricularia oryzae	U25							no					UNIVERSITY OF GEORGIA	SRA2151435		public	B2736CEF12B9B7BBC2D9F88EDD72E504	2F411EE5A46BEC0310FF4DF2D02A73B1
SRR34026629	2025-10-31 02:58:15	2025-06-18 09:27:51	6581787	1974536100	6581787	300	820		https://sra-downloadb.be-md.ncbi.nlm.nih.gov/sos9/sra-pub-zq-924/SRR034/34026/SRR34026629/SRR34026629.lite.1	SRX29222013	U24	WGS	RANDOM	GENOMIC	PAIRED	0	0	ILLUMINA	Illumina NovaSeq 6000	SRP592876	PRJNA1279063		1279063	SRS25416967	SAMN49375635	simple	318829	Pyricularia oryzae	U24							no					UNIVERSITY OF GEORGIA	SRA2151435		public	BCEFA67012FDB38685266D4555707A0A	FC8881DEA878145E406B9431BCB14ECE
SRR34026630	2025-10-31 02:58:15	2025-06-18 09:27:52	7320740	2196222000	7320740	300	907		https://sra-downloadb.be-md.ncbi.nlm.nih.gov/sos9/sra-pub-zq-924/SRR034/34026/SRR34026630/SRR34026630.lite.1	SRX29222012	U23	WGS	RANDOM	GENOMIC	PAIRED	0	0	ILLUMINA	Illumina NovaSeq 6000	SRP592876	PRJNA1279063		1279063	SRS25416966	SAMN49375634	simple	318829	Pyricularia oryzae	U23							no					UNIVERSITY OF GEORGIA	SRA2151435		public	11361ECFB29038EE2EDE77E72585D876	5C723977813BDE945A69A8443C2662DA
SRR34026631	2025-10-31 02:58:16	2025-06-18 09:28:06	7887670	2366301000	7887670	300	965		https://sra-downloadb.be-md.ncbi.nlm.nih.gov/sos9/sra-pub-zq-924/SRR034/34026/SRR34026631/SRR34026631.lite.1	SRX29222011	U22	WGS	RANDOM	GENOMIC	PAIRED	0	0	ILLUMINA	Illumina NovaSeq 6000	SRP592876	PRJNA1279063		1279063	SRS25416965	SAMN49375633	simple	318829	Pyricularia oryzae	U22							no					UNIVERSITY OF GEORGIA	SRA2151435		public	B1857567F34D0C505D4FDA6E88FEF945	21A75BF7179D75FEE5C1694124B74175
SRR34026632	2025-10-31 02:58:15	2025-06-18 09:29:39	16080774	4856393748	16080774	302	2156		https://sra-downloadb.be-md.ncbi.nlm.nih.gov/sos9/sra-pub-zq-924/SRR034/34026/SRR34026632/SRR34026632.lite.1	SRX29222010	U2	WGS	RANDOM	GENOMIC	PAIRED	0	0	ILLUMINA	Illumina NovaSeq 6000	SRP592876	PRJNA1279063		1279063	SRS25416964	SAMN49375632	simple	318829	Pyricularia oryzae	U2							no					UNIVERSITY OF GEORGIA	SRA2151435		public	CD6EBF0D3D0BDBF01A3520EAF3302811	044CD2916DEDB4B1B9B3B5D959533A6E
SRR34026633	2025-10-31 02:58:15	2025-06-18 09:28:09	6578276	1973482800	6578276	300	813		https://sra-downloadb.be-md.ncbi.nlm.nih.gov/sos9/sra-pub-zq-924/SRR034/34026/SRR34026633/SRR34026633.lite.1	SRX29222009	U21	WGS	RANDOM	GENOMIC	PAIRED	0	0	ILLUMINA	Illumina NovaSeq 6000	SRP592876	PRJNA1279063		1279063	SRS25416963	SAMN49375631	simple	318829	Pyricularia oryzae	U21							no					UNIVERSITY OF GEORGIA	SRA2151435		public	48D483C74BE56BE472DA1A8CCEBC8063	17C5946C4F9953079456F1DE99615950
SRR34026634	2025-10-31 02:58:14	2025-06-18 09:28:01	8001046	2400313800	8001046	300	979		https://sra-downloadb.be-md.ncbi.nlm.nih.gov/sos9/sra-pub-zq-924/SRR034/34026/SRR34026634/SRR34026634.lite.1	SRX29222008	U20	WGS	RANDOM	GENOMIC	PAIRED	0	0	ILLUMINA	Illumina NovaSeq 6000	SRP592876	PRJNA1279063		1279063	SRS25416962	SAMN49375630	simple	318829	Pyricularia oryzae	U20							no					UNIVERSITY OF GEORGIA	SRA2151435		public	01CA7828693AF2F76511325F255FDC43	EE0DBBE985AC6AF626B72317E65C05A7
SRR34026635	2025-10-31 02:58:14	2025-06-18 09:28:04	7975561	2392668300	7975561	300	974		https://sra-downloadb.be-md.ncbi.nlm.nih.gov/sos9/sra-pub-zq-924/SRR034/34026/SRR34026635/SRR34026635.lite.1	SRX29222007	U19	WGS	RANDOM	GENOMIC	PAIRED	0	0	ILLUMINA	Illumina NovaSeq 6000	SRP592876	PRJNA1279063		1279063	SRS25416961	SAMN49375629	simple	318829	Pyricularia oryzae	U19							no					UNIVERSITY OF GEORGIA	SRA2151435		public	81B8D857CF96CBA85A4E694AC93776CE	C2511EEB16523784111CEA94F64DDAD8
SRR34026636	2025-10-31 02:58:14	2025-06-18 09:28:04	7378035	2213410500	7378035	300	913		https://sra-downloadb.be-md.ncbi.nlm.nih.gov/sos9/sra-pub-zq-924/SRR034/34026/SRR34026636/SRR34026636.lite.1	SRX29222006	U18	WGS	RANDOM	GENOMIC	PAIRED	0	0	ILLUMINA	Illumina NovaSeq 6000	SRP592876	PRJNA1279063		1279063	SRS25416960	SAMN49375628	simple	318829	Pyricularia oryzae	U18							no					UNIVERSITY OF GEORGIA	SRA2151435		public	8414B319C1D9552CBE96FA3892EF2273	1018D7D1E10CB6C14CA5F41EF904CDAD
SRR34026637	2025-10-31 04:03:37	2025-06-18 09:28:19	8381773	2531295446	8381773	302	1108		https://sra-downloadb.be-md.ncbi.nlm.nih.gov/sos9/sra-pub-zq-924/SRR034/34026/SRR34026637/SRR34026637.lite.1	SRX29222005	E27	WGS	RANDOM	GENOMIC	PAIRED	0	0	ILLUMINA	Illumina NovaSeq 6000	SRP592876	PRJNA1279063		1279063	SRS25416959	SAMN49375475	simple	318829	Pyricularia oryzae	E27							no					UNIVERSITY OF GEORGIA	SRA2151435		public	450B20DC878C51D1B09E0482E297D8DA	C989F61BB895D210F072D59A703B493F
SRR34026638	2025-10-31 02:58:14	2025-06-18 09:27:50	6477622	1943286600	6477622	300	807		https://sra-downloadb.be-md.ncbi.nlm.nih.gov/sos9/sra-pub-zq-924/SRR034/34026/SRR34026638/SRR34026638.lite.1	SRX29222004	U17	WGS	RANDOM	GENOMIC	PAIRED	0	0	ILLUMINA	Illumina NovaSeq 6000	SRP592876	PRJNA1279063		1279063	SRS25416956	SAMN49375627	simple	318829	Pyricularia oryzae	U17							no					UNIVERSITY OF GEORGIA	SRA2151435		public	1173A97B28A24621EEEF225442A4BA6B	4B3045D885B8663BCA1EE4D88273A4C4
SRR34026639	2025-10-31 02:58:14	2025-06-18 09:27:55	7327167	2198150100	7327167	300	889		https://sra-downloadb.be-md.ncbi.nlm.nih.gov/sos9/sra-pub-zq-924/SRR034/34026/SRR34026639/SRR34026639.lite.1	SRX29222003	U16	WGS	RANDOM	GENOMIC	PAIRED	0	0	ILLUMINA	Illumina NovaSeq 6000	SRP592876	PRJNA1279063		1279063	SRS25416958	SAMN49375626	simple	318829	Pyricularia oryzae	U16							no					UNIVERSITY OF GEORGIA	SRA2151435		public	FDC2E5CEF31DFEB63C5B783739EBD90C	E2A7E2C47CC018E1959740810F1A9987
SRR34026673	2025-10-31 04:03:37	2025-06-18 09:29:23	8795463	2640706265	8795463	300	1053		https://sra-downloadb.be-md.ncbi.nlm.nih.gov/sos9/sra-pub-zq-924/SRR034/34026/SRR34026673/SRR34026673.lite.1	SRX29221969	T41	WGS	RANDOM	GENOMIC	PAIRED	0	0	ILLUMINA	Illumina NovaSeq 6000	SRP592876	PRJNA1279063		1279063	SRS25416922	SAMN49375595	simple	318829	Pyricularia oryzae	T41							no					UNIVERSITY OF GEORGIA	SRA2151435		public	AB42CBED24BF2B58E38D76F7830194CE	E17A472A8444C3D2CE25B19D78E31432
SRR34026672	2025-10-31 04:03:37	2025-06-18 09:28:50	13235923	3997248746	13235923	302	1747		https://sra-downloadb.be-md.ncbi.nlm.nih.gov/sos9/sra-pub-zq-924/SRR034/34026/SRR34026672/SRR34026672.lite.1	SRX29221970	T4	WGS	RANDOM	GENOMIC	PAIRED	0	0	ILLUMINA	Illumina NovaSeq 6000	SRP592876	PRJNA1279063		1279063	SRS25416924	SAMN49375596	simple	318829	Pyricularia oryzae	T4							no					UNIVERSITY OF GEORGIA	SRA2151435		public	5423AF4F0EE06BD311BDA71190F0C467	C1B3B64E3DDE6E9E89B1B63656413900
SRR34026671	2025-10-31 04:03:37	2025-06-18 09:28:45	11990862	3621240324	11990862	302	1557		https://sra-downloadb.be-md.ncbi.nlm.nih.gov/sos9/sra-pub-zq-924/SRR034/34026/SRR34026671/SRR34026671.lite.1	SRX29221971	T42	WGS	RANDOM	GENOMIC	PAIRED	0	0	ILLUMINA	Illumina NovaSeq 6000	SRP592876	PRJNA1279063		1279063	SRS25416925	SAMN49375597	simple	318829	Pyricularia oryzae	T42							no					UNIVERSITY OF GEORGIA	SRA2151435		public	D577E732C9C4F372214BE13F61FA0DF0	4418EC320DA5D24B3260BAB70CC89D5E
SRR34026670	2025-10-31 04:03:37	2025-06-18 09:29:05	8763496	2646575792	8763496	302	1156		https://sra-downloadb.be-md.ncbi.nlm.nih.gov/sos9/sra-pub-zq-924/SRR034/34026/SRR34026670/SRR34026670.lite.1	SRX29221972	E24	WGS	RANDOM	GENOMIC	PAIRED	0	0	ILLUMINA	Illumina NovaSeq 6000	SRP592876	PRJNA1279063		1279063	SRS25416926	SAMN49375472	simple	318829	Pyricularia oryzae	E24							no					UNIVERSITY OF GEORGIA	SRA2151435		public	E02E2F4A16262976F4C172E19BF3B8B4	AE6A5E205886E83D0E232749E071E3AF
SRR34026669	2025-10-31 04:03:38	2025-06-18 09:29:21	14151683	4273808266	14151683	302	1980		https://sra-downloadb.be-md.ncbi.nlm.nih.gov/sos9/sra-pub-zq-924/SRR034/34026/SRR34026669/SRR34026669.lite.1	SRX29221973	T43	WGS	RANDOM	GENOMIC	PAIRED	0	0	ILLUMINA	Illumina NovaSeq 6000	SRP592876	PRJNA1279063		1279063	SRS25416927	SAMN49375598	simple	318829	Pyricularia oryzae	T43							no					UNIVERSITY OF GEORGIA	SRA2151435		public	97ADBB04CBD1592C71E1BCCD47904A86	C220F2CA7A511E0D84FAE8440B18F614
SRR34026668	2025-10-31 04:03:38	2025-06-18 09:29:21	9145760	2762019520	9145760	302	1321		https://sra-downloadb.be-md.ncbi.nlm.nih.gov/sos9/sra-pub-zq-924/SRR034/34026/SRR34026668/SRR34026668.lite.1	SRX29221974	T44	WGS	RANDOM	GENOMIC	PAIRED	0	0	ILLUMINA	Illumina NovaSeq 6000	SRP592876	PRJNA1279063		1279063	SRS25416928	SAMN49375599	simple	318829	Pyricularia oryzae	T44							no					UNIVERSITY OF GEORGIA	SRA2151435		public	D80394E76FAAF3188FB6E08977DE5686	D462138415DD243FC7FB45FEAE7543FC
SRR34026667	2025-10-31 04:03:38	2025-06-18 09:30:24	12654937	3821790974	12654937	302	1816		https://sra-downloadb.be-md.ncbi.nlm.nih.gov/sos9/sra-pub-zq-924/SRR034/34026/SRR34026667/SRR34026667.lite.1	SRX29221975	T45	WGS	RANDOM	GENOMIC	PAIRED	0	0	ILLUMINA	Illumina NovaSeq 6000	SRP592876	PRJNA1279063		1279063	SRS25416929	SAMN49375600	simple	318829	Pyricularia oryzae	T45							no					UNIVERSITY OF GEORGIA	SRA2151435		public	2A8A68DA764997704F948C95C0E4ACC5	15E715654958D91B482902630EA8FD01
SRR34026666	2025-10-31 04:03:38	2025-06-18 09:28:54	10935986	3302667772	10935986	302	1526		https://sra-downloadb.be-md.ncbi.nlm.nih.gov/sos9/sra-pub-zq-924/SRR034/34026/SRR34026666/SRR34026666.lite.1	SRX29221976	T46	WGS	RANDOM	GENOMIC	PAIRED	0	0	ILLUMINA	Illumina NovaSeq 6000	SRP592876	PRJNA1279063		1279063	SRS25416930	SAMN49375601	simple	318829	Pyricularia oryzae	T46							no					UNIVERSITY OF GEORGIA	SRA2151435		public	51EDACFC48DC50EBB2279AD785160A0E	1D9C406DC0420DDEB9811E5B836C542E
SRR34026682	2025-10-31 04:03:37	2025-06-18 09:30:43	14208665	4291016830	14208665	302	1940		https://sra-downloadb.be-md.ncbi.nlm.nih.gov/sos9/sra-pub-zq-924/SRR034/34026/SRR34026682/SRR34026682.lite.1	SRX29221960	T33	WGS	RANDOM	GENOMIC	PAIRED	0	0	ILLUMINA	Illumina NovaSeq 6000	SRP592876	PRJNA1279063		1279063	SRS25416914	SAMN49375587	simple	318829	Pyricularia oryzae	T33							no					UNIVERSITY OF GEORGIA	SRA2151435		public	B2A619A98F0318B401B983CADB6D95CE	A431E9CEC91D98586A25EF52F7B6EC4B
SRR34026680	2025-10-31 04:03:37	2025-06-18 09:29:41	9855634	2976401468	9855634	302	1394		https://sra-downloadb.be-md.ncbi.nlm.nih.gov/sos9/sra-pub-zq-924/SRR034/34026/SRR34026680/SRR34026680.lite.1	SRX29221962	T34	WGS	RANDOM	GENOMIC	PAIRED	0	0	ILLUMINA	Illumina NovaSeq 6000	SRP592876	PRJNA1279063		1279063	SRS25416915	SAMN49375588	simple	318829	Pyricularia oryzae	T34							no					UNIVERSITY OF GEORGIA	SRA2151435		public	FB482C922DE498ADCAF3D03E75A5E436	3EB203AAC5272C92B6126728C472DED6
SRR34026681	2025-10-31 04:03:37	2025-06-18 09:27:12	422468	126863508	422468	300	53		https://sra-downloadb.be-md.ncbi.nlm.nih.gov/sos9/sra-pub-zq-924/SRR034/34026/SRR34026681/SRR34026681.lite.1	SRX29221961	E23	WGS	RANDOM	GENOMIC	PAIRED	0	0	ILLUMINA	Illumina NovaSeq 6000	SRP592876	PRJNA1279063		1279063	SRS25416916	SAMN49375471	simple	318829	Pyricularia oryzae	E23							no					UNIVERSITY OF GEORGIA	SRA2151435		public	9406EF13CE5A520D8CB6309C2B70A089	C7987D4B0A3124A5CBEEF8E3D1746E68
SRR34026679	2025-10-31 04:03:37	2025-06-18 09:29:36	11054355	3338415210	11054355	302	1553		https://sra-downloadb.be-md.ncbi.nlm.nih.gov/sos9/sra-pub-zq-924/SRR034/34026/SRR34026679/SRR34026679.lite.1	SRX29221963	T35	WGS	RANDOM	GENOMIC	PAIRED	0	0	ILLUMINA	Illumina NovaSeq 6000	SRP592876	PRJNA1279063		1279063	SRS25416917	SAMN49375589	simple	318829	Pyricularia oryzae	T35							no					UNIVERSITY OF GEORGIA	SRA2151435		public	954406B46E27A3272C634D0FA09BA2A1	73D23AE2FFCEF68454B5FE6FE57AF1FC
SRR34026678	2025-10-31 04:03:37	2025-06-18 09:32:53	24220683	7314646266	24220683	302	3230		https://sra-downloadb.be-md.ncbi.nlm.nih.gov/sos9/sra-pub-zq-924/SRR034/34026/SRR34026678/SRR34026678.lite.1	SRX29221964	T36	WGS	RANDOM	GENOMIC	PAIRED	0	0	ILLUMINA	Illumina NovaSeq 6000	SRP592876	PRJNA1279063		1279063	SRS25416918	SAMN49375590	simple	318829	Pyricularia oryzae	T36							no					UNIVERSITY OF GEORGIA	SRA2151435		public	26D9F7744F18872DCEC462EB8EAC6100	20A162B6B490A1665A429A80651E4452
SRR34026677	2025-10-31 04:03:37	2025-06-18 09:28:56	10481150	3165307300	10481150	302	1516		https://sra-downloadb.be-md.ncbi.nlm.nih.gov/sos9/sra-pub-zq-924/SRR034/34026/SRR34026677/SRR34026677.lite.1	SRX29221965	T37	WGS	RANDOM	GENOMIC	PAIRED	0	0	ILLUMINA	Illumina NovaSeq 6000	SRP592876	PRJNA1279063		1279063	SRS25416919	SAMN49375591	simple	318829	Pyricularia oryzae	T37							no					UNIVERSITY OF GEORGIA	SRA2151435		public	F288BCB978C93CF88DF6185412873809	4DCC1FE1DE84CD60E1BEBE054F683A6E
SRR34026676	2025-10-31 04:03:37	2025-06-18 09:31:26	16331549	4932127798	16331549	302	2168		https://sra-downloadb.be-md.ncbi.nlm.nih.gov/sos9/sra-pub-zq-924/SRR034/34026/SRR34026676/SRR34026676.lite.1	SRX29221966	T38	WGS	RANDOM	GENOMIC	PAIRED	0	0	ILLUMINA	Illumina NovaSeq 6000	SRP592876	PRJNA1279063		1279063	SRS25416920	SAMN49375592	simple	318829	Pyricularia oryzae	T38							no					UNIVERSITY OF GEORGIA	SRA2151435		public	BF8AB1E9E10C9731935D1E15971D6F52	F04E22774DA338DDC11A94F65A33BB58
SRR34026675	2025-10-31 04:03:37	2025-06-18 09:27:21	1059992	316787899	1059992	298	128		https://sra-downloadb.be-md.ncbi.nlm.nih.gov/sos9/sra-pub-zq-924/SRR034/34026/SRR34026675/SRR34026675.lite.1	SRX29221967	T39	WGS	RANDOM	GENOMIC	PAIRED	0	0	ILLUMINA	Illumina NovaSeq 6000	SRP592876	PRJNA1279063		1279063	SRS25416921	SAMN49375593	simple	318829	Pyricularia oryzae	T39							no					UNIVERSITY OF GEORGIA	SRA2151435		public	D080C8C0BE9CB8F98E9C09BBDA0B7C5D	BE5382C878B620A131987CF62D5412E3
SRR34026674	2025-10-31 04:03:37	2025-06-18 09:27:41	4561620	1363252139	4561620	298	560		https://sra-downloadb.be-md.ncbi.nlm.nih.gov/sos9/sra-pub-zq-924/SRR034/34026/SRR34026674/SRR34026674.lite.1	SRX29221968	T40	WGS	RANDOM	GENOMIC	PAIRED	0	0	ILLUMINA	Illumina NovaSeq 6000	SRP592876	PRJNA1279063		1279063	SRS25416923	SAMN49375594	simple	318829	Pyricularia oryzae	T40							no					UNIVERSITY OF GEORGIA	SRA2151435		public	9A7544ED5767B9C6E73ACBDDAE5AC822	C2EC599D583216CA65A8FE1627DA9165
SRR34026665	2025-10-31 04:03:38	2025-06-18 09:29:54	17410825	5258069150	17410825	302	2388		https://sra-downloadb.be-md.ncbi.nlm.nih.gov/sos9/sra-pub-zq-924/SRR034/34026/SRR34026665/SRR34026665.lite.1	SRX29221977	T47	WGS	RANDOM	GENOMIC	PAIRED	0	0	ILLUMINA	Illumina NovaSeq 6000	SRP592876	PRJNA1279063		1279063	SRS25416931	SAMN49375602	simple	318829	Pyricularia oryzae	T47							no					UNIVERSITY OF GEORGIA	SRA2151435		public	CB21627B62E1AA91D6A19A1FE2D6E0BF	03617AA847C2AC82E71E1F53AE8B8E0D
SRR34026664	2025-10-31 04:03:38	2025-06-18 09:29:47	17228274	5202938748	17228274	302	2370		https://sra-downloadb.be-md.ncbi.nlm.nih.gov/sos9/sra-pub-zq-924/SRR034/34026/SRR34026664/SRR34026664.lite.1	SRX29221978	T48	WGS	RANDOM	GENOMIC	PAIRED	0	0	ILLUMINA	Illumina NovaSeq 6000	SRP592876	PRJNA1279063		1279063	SRS25416932	SAMN49375603	simple	318829	Pyricularia oryzae	T48							no					UNIVERSITY OF GEORGIA	SRA2151435		public	F19C0255F4F9B63EDA5300FD5AD91578	99D4283B28E2CD2D6FA55A279E667EE4
SRR34026662	2025-10-31 04:03:39	2025-06-18 09:31:41	15961674	4820425548	15961674	302	2153		https://sra-downloadb.be-md.ncbi.nlm.nih.gov/sos9/sra-pub-zq-924/SRR034/34026/SRR34026662/SRR34026662.lite.1	SRX29221980	T50	WGS	RANDOM	GENOMIC	PAIRED	0	0	ILLUMINA	Illumina NovaSeq 6000	SRP592876	PRJNA1279063		1279063	SRS25416933	SAMN49375605	simple	318829	Pyricularia oryzae	T50							no					UNIVERSITY OF GEORGIA	SRA2151435		public	2D700CD143433ED2DDFB28AF83BE6355	50DCFF15F33C54933FFC60BE44E071CA
SRR34026663	2025-10-31 04:03:39	2025-06-18 09:30:20	18256364	5513421928	18256364	302	2486		https://sra-downloadb.be-md.ncbi.nlm.nih.gov/sos9/sra-pub-zq-924/SRR034/34026/SRR34026663/SRR34026663.lite.1	SRX29221979	T49	WGS	RANDOM	GENOMIC	PAIRED	0	0	ILLUMINA	Illumina NovaSeq 6000	SRP592876	PRJNA1279063		1279063	SRS25416934	SAMN49375604	simple	318829	Pyricularia oryzae	T49							no					UNIVERSITY OF GEORGIA	SRA2151435		public	591F5A9ECAABFEEFA2749A54658E23C8	7CFFBEAC904D43698A5A2D06C7AC89D5
SRR34026660	2025-10-31 04:03:37	2025-06-18 09:28:29	6488632	1946589600	6488632	300	826		https://sra-downloadb.be-md.ncbi.nlm.nih.gov/sos9/sra-pub-zq-924/SRR034/34026/SRR34026660/SRR34026660.lite.1	SRX29221982	T5	WGS	RANDOM	GENOMIC	PAIRED	0	0	ILLUMINA	Illumina NovaSeq 6000	SRP592876	PRJNA1279063		1279063	SRS25416935	SAMN49375607	simple	318829	Pyricularia oryzae	T5							no					UNIVERSITY OF GEORGIA	SRA2151435		public	859F5F5814E2525266315D647428AD36	90691A1D509A26F112C2777A75593F42
SRR34026661	2025-10-31 04:03:37	2025-06-18 09:29:40	18993703	5736098306	18993703	302	2542		https://sra-downloadb.be-md.ncbi.nlm.nih.gov/sos9/sra-pub-zq-924/SRR034/34026/SRR34026661/SRR34026661.lite.1	SRX29221981	T51	WGS	RANDOM	GENOMIC	PAIRED	0	0	ILLUMINA	Illumina NovaSeq 6000	SRP592876	PRJNA1279063		1279063	SRS25416936	SAMN49375606	simple	318829	Pyricularia oryzae	T51							no					UNIVERSITY OF GEORGIA	SRA2151435		public	5F6A4985A9804CAAA6008D2D31D22D33	D5A33C0AF8C1738A065FE2E83EA155DF
SRR34026659	2025-10-31 04:03:39	2025-06-18 09:29:46	12960848	3894099605	12960848	300	1598		https://sra-downloadb.be-md.ncbi.nlm.nih.gov/sos9/sra-pub-zq-924/SRR034/34026/SRR34026659/SRR34026659.lite.1	SRX29221983	E25	WGS	RANDOM	GENOMIC	PAIRED	0	0	ILLUMINA	Illumina NovaSeq 6000	SRP592876	PRJNA1279063		1279063	SRS25416937	SAMN49375473	simple	318829	Pyricularia oryzae	E25							no					UNIVERSITY OF GEORGIA	SRA2151435		public	4295829244372836E83354E735C7C040	46FA4C1629CE06C2F9960C08F1542372
SRR34026658	2025-10-31 02:58:10	2025-06-18 09:29:53	19775364	5972159928	19775364	302	2673		https://sra-downloadb.be-md.ncbi.nlm.nih.gov/sos9/sra-pub-zq-924/SRR034/34026/SRR34026658/SRR34026658.lite.1	SRX29221984	T52	WGS	RANDOM	GENOMIC	PAIRED	0	0	ILLUMINA	Illumina NovaSeq 6000	SRP592876	PRJNA1279063		1279063	SRS25416938	SAMN49375608	simple	318829	Pyricularia oryzae	T52							no					UNIVERSITY OF GEORGIA	SRA2151435		public	85B31F74752DA8CF637DEDF79A616729	279FB12A751C3CE2635C2F18AC6AE648
SRR34026657	2025-10-31 02:58:11	2025-06-18 09:32:00	21008126	6344454052	21008126	302	2786		https://sra-downloadb.be-md.ncbi.nlm.nih.gov/sos9/sra-pub-zq-924/SRR034/34026/SRR34026657/SRR34026657.lite.1	SRX29221985	T53	WGS	RANDOM	GENOMIC	PAIRED	0	0	ILLUMINA	Illumina NovaSeq 6000	SRP592876	PRJNA1279063		1279063	SRS25416939	SAMN49375609	simple	318829	Pyricularia oryzae	T53							no					UNIVERSITY OF GEORGIA	SRA2151435		public	E10C3EE8F42549D71E507CE2AFEDCE96	32E0E338C0DCC05145497C82D7F07329
SRR34026654	2025-10-31 02:58:10	2025-06-18 09:31:16	18854619	5694094938	18854619	302	2529		https://sra-downloadb.be-md.ncbi.nlm.nih.gov/sos9/sra-pub-zq-924/SRR034/34026/SRR34026654/SRR34026654.lite.1	SRX29221988	T56	WGS	RANDOM	GENOMIC	PAIRED	0	0	ILLUMINA	Illumina NovaSeq 6000	SRP592876	PRJNA1279063		1279063	SRS25416940	SAMN49375612	simple	318829	Pyricularia oryzae	T56							no					UNIVERSITY OF GEORGIA	SRA2151435		public	8886B6C4218C78DF324CB15A889B3F79	5E412196D85156CBD99DA3A0C3B0BAF8
SRR34026656	2025-10-31 02:58:09	2025-06-18 09:30:38	23854665	7204108830	23854665	302	3058		https://sra-downloadb.be-md.ncbi.nlm.nih.gov/sos9/sra-pub-zq-924/SRR034/34026/SRR34026656/SRR34026656.lite.1	SRX29221986	T54	WGS	RANDOM	GENOMIC	PAIRED	0	0	ILLUMINA	Illumina NovaSeq 6000	SRP592876	PRJNA1279063		1279063	SRS25416941	SAMN49375610	simple	318829	Pyricularia oryzae	T54							no					UNIVERSITY OF GEORGIA	SRA2151435		public	81831B9AE6843E139AF0B9C63117FD95	7B1271EA4322E63DC6980A1F76785223
SRR34026655	2025-10-31 02:58:10	2025-06-18 09:30:37	21872454	6605481108	21872454	302	2846		https://sra-downloadb.be-md.ncbi.nlm.nih.gov/sos9/sra-pub-zq-924/SRR034/34026/SRR34026655/SRR34026655.lite.1	SRX29221987	T55	WGS	RANDOM	GENOMIC	PAIRED	0	0	ILLUMINA	Illumina NovaSeq 6000	SRP592876	PRJNA1279063		1279063	SRS25416942	SAMN49375611	simple	318829	Pyricularia oryzae	T55							no					UNIVERSITY OF GEORGIA	SRA2151435		public	E9B1A97738F6D0BCF89A9D25CC9440AF	0F4455AE49A80DCBD29D48BCA1B3A5A7
SRR34026652	2025-10-31 02:58:12	2025-06-18 09:32:01	19331583	5838138066	19331583	302	2590		https://sra-downloadb.be-md.ncbi.nlm.nih.gov/sos9/sra-pub-zq-924/SRR034/34026/SRR34026652/SRR34026652.lite.1	SRX29221990	T58	WGS	RANDOM	GENOMIC	PAIRED	0	0	ILLUMINA	Illumina NovaSeq 6000	SRP592876	PRJNA1279063		1279063	SRS25416943	SAMN49375614	simple	318829	Pyricularia oryzae	T58							no					UNIVERSITY OF GEORGIA	SRA2151435		public	3020CD55FFC999379645C0CEF9A3A4B9	2ABD377304E5E4F980B4D31793A58460
SRR34026653	2025-10-31 02:58:10	2025-06-18 09:29:02	15460179	4668974058	15460179	302	2006		https://sra-downloadb.be-md.ncbi.nlm.nih.gov/sos9/sra-pub-zq-924/SRR034/34026/SRR34026653/SRR34026653.lite.1	SRX29221989	T57	WGS	RANDOM	GENOMIC	PAIRED	0	0	ILLUMINA	Illumina NovaSeq 6000	SRP592876	PRJNA1279063		1279063	SRS25416944	SAMN49375613	simple	318829	Pyricularia oryzae	T57							no					UNIVERSITY OF GEORGIA	SRA2151435		public	2B8D0463F36E8ABCEC127AFBAF453AF4	A9773F9BE7FAA17C093F5DD1C0BA83DB
SRR34026651	2025-10-31 02:58:11	2025-06-18 09:28:21	5690953	1707285900	5690953	300	721		https://sra-downloadb.be-md.ncbi.nlm.nih.gov/sos9/sra-pub-zq-924/SRR034/34026/SRR34026651/SRR34026651.lite.1	SRX29221991	T6	WGS	RANDOM	GENOMIC	PAIRED	0	0	ILLUMINA	Illumina NovaSeq 6000	SRP592876	PRJNA1279063		1279063	SRS25416945	SAMN49375615	simple	318829	Pyricularia oryzae	T6							no					UNIVERSITY OF GEORGIA	SRA2151435		public	3766BD8703A1C4CF134AC66F58296600	2FC4E482CF0F07617961E0F5A4750855
SRR34026650	2025-10-31 02:58:13	2025-06-18 09:27:48	6397180	1919154000	6397180	300	809		https://sra-downloadb.be-md.ncbi.nlm.nih.gov/sos9/sra-pub-zq-924/SRR034/34026/SRR34026650/SRR34026650.lite.1	SRX29221992	T7	WGS	RANDOM	GENOMIC	PAIRED	0	0	ILLUMINA	Illumina NovaSeq 6000	SRP592876	PRJNA1279063		1279063	SRS25416946	SAMN49375616	simple	318829	Pyricularia oryzae	T7							no					UNIVERSITY OF GEORGIA	SRA2151435		public	D0F669BEC95BFC3A99048A03A4779888	4DCEA4EF318654FAAB96891AFC6A2DE1
SRR34026649	2025-10-31 02:58:13	2025-06-18 09:28:47	13148758	3970924916	13148758	302	1730		https://sra-downloadb.be-md.ncbi.nlm.nih.gov/sos9/sra-pub-zq-924/SRR034/34026/SRR34026649/SRR34026649.lite.1	SRX29221993	T8	WGS	RANDOM	GENOMIC	PAIRED	0	0	ILLUMINA	Illumina NovaSeq 6000	SRP592876	PRJNA1279063		1279063	SRS25416947	SAMN49375617	simple	318829	Pyricularia oryzae	T8							no					UNIVERSITY OF GEORGIA	SRA2151435		public	25B99E2AC52570DDD2D28292794AC840	6D0075BF40BEA4F130F3BF44048B81EF
SRR34026648	2025-10-31 04:03:39	2025-06-18 09:31:27	23685274	7107681111	23685274	300	2909		https://sra-downloadb.be-md.ncbi.nlm.nih.gov/sos9/sra-pub-zq-924/SRR034/34026/SRR34026648/SRR34026648.lite.1	SRX29221994	E26	WGS	RANDOM	GENOMIC	PAIRED	0	0	ILLUMINA	Illumina NovaSeq 6000	SRP592876	PRJNA1279063		1279063	SRS25416948	SAMN49375474	simple	318829	Pyricularia oryzae	E26							no					UNIVERSITY OF GEORGIA	SRA2151435		public	F3B466B8BAA30D0D580B9001A3175890	A2567023E5683D0D4C1DEF23D4C200DA
SRR34026647	2025-10-31 02:58:13	2025-06-18 09:27:49	6306265	1891879500	6306265	300	799		https://sra-downloadb.be-md.ncbi.nlm.nih.gov/sos9/sra-pub-zq-924/SRR034/34026/SRR34026647/SRR34026647.lite.1	SRX29221995	T9	WGS	RANDOM	GENOMIC	PAIRED	0	0	ILLUMINA	Illumina NovaSeq 6000	SRP592876	PRJNA1279063		1279063	SRS25416949	SAMN49375618	simple	318829	Pyricularia oryzae	T9							no					UNIVERSITY OF GEORGIA	SRA2151435		public	08007A87C9F6D71AA9C33FE06CEA5781	053564D29F35BAFE9E6D0ABF5120E16C
SRR34026646	2025-10-31 02:58:13	2025-06-18 09:30:24	13317925	4022013350	13317925	302	1848		https://sra-downloadb.be-md.ncbi.nlm.nih.gov/sos9/sra-pub-zq-924/SRR034/34026/SRR34026646/SRR34026646.lite.1	SRX29221996	U10	WGS	RANDOM	GENOMIC	PAIRED	0	0	ILLUMINA	Illumina NovaSeq 6000	SRP592876	PRJNA1279063		1279063	SRS25416950	SAMN49375619	simple	318829	Pyricularia oryzae	U10							no					UNIVERSITY OF GEORGIA	SRA2151435		public	771651AF5390C6D7E80FAB815B562203	E4AE43746A9BBF990255D65B55749C5E
SRR34026645	2025-10-31 02:58:13	2025-06-18 09:28:54	15267573	4610807046	15267573	302	1985		https://sra-downloadb.be-md.ncbi.nlm.nih.gov/sos9/sra-pub-zq-924/SRR034/34026/SRR34026645/SRR34026645.lite.1	SRX29221997	U11	WGS	RANDOM	GENOMIC	PAIRED	0	0	ILLUMINA	Illumina NovaSeq 6000	SRP592876	PRJNA1279063		1279063	SRS25416951	SAMN49375620	simple	318829	Pyricularia oryzae	U11							no					UNIVERSITY OF GEORGIA	SRA2151435		public	6B7CE2B83490EE7FE07E518A9FC65109	55C11B78767FD0833A72192874725950
SRR34026644	2025-10-31 02:58:13	2025-06-18 09:30:04	19211578	5801896556	19211578	302	2518		https://sra-downloadb.be-md.ncbi.nlm.nih.gov/sos9/sra-pub-zq-924/SRR034/34026/SRR34026644/SRR34026644.lite.1	SRX29221998	U1	WGS	RANDOM	GENOMIC	PAIRED	0	0	ILLUMINA	Illumina NovaSeq 6000	SRP592876	PRJNA1279063		1279063	SRS25416952	SAMN49375621	simple	318829	Pyricularia oryzae	U1							no					UNIVERSITY OF GEORGIA	SRA2151435		public	A03D82914AD99DBD1861B4B804118D9A	16681A63C3FB4024EB19B45AC1840471
SRR34026643	2025-10-31 02:58:14	2025-06-18 09:29:12	13225785	3994187070	13225785	302	1812		https://sra-downloadb.be-md.ncbi.nlm.nih.gov/sos9/sra-pub-zq-924/SRR034/34026/SRR34026643/SRR34026643.lite.1	SRX29221999	U12	WGS	RANDOM	GENOMIC	PAIRED	0	0	ILLUMINA	Illumina NovaSeq 6000	SRP592876	PRJNA1279063		1279063	SRS25416953	SAMN49375622	simple	318829	Pyricularia oryzae	U12							no					UNIVERSITY OF GEORGIA	SRA2151435		public	468DC62FE464B2B629ECF04239E99F52	34298CAA2AD10DF3965219ACE8A0924B
SRR34026641	2025-10-31 02:58:14	2025-06-18 09:29:06	14770618	4460726636	14770618	302	1928		https://sra-downloadb.be-md.ncbi.nlm.nih.gov/sos9/sra-pub-zq-924/SRR034/34026/SRR34026641/SRR34026641.lite.1	SRX29222001	U14	WGS	RANDOM	GENOMIC	PAIRED	0	0	ILLUMINA	Illumina NovaSeq 6000	SRP592876	PRJNA1279063		1279063	SRS25416954	SAMN49375624	simple	318829	Pyricularia oryzae	U14							no					UNIVERSITY OF GEORGIA	SRA2151435		public	67C12D626166768D55B0F000A97D8F93	E75C750AE820191898D690368C924BBA
SRR34026642	2025-10-31 02:58:14	2025-06-18 09:30:38	23748832	7172147264	23748832	302	3058		https://sra-downloadb.be-md.ncbi.nlm.nih.gov/sos9/sra-pub-zq-924/SRR034/34026/SRR34026642/SRR34026642.lite.1	SRX29222000	U13	WGS	RANDOM	GENOMIC	PAIRED	0	0	ILLUMINA	Illumina NovaSeq 6000	SRP592876	PRJNA1279063		1279063	SRS25416955	SAMN49375623	simple	318829	Pyricularia oryzae	U13							no					UNIVERSITY OF GEORGIA	SRA2151435		public	8BF7E398CC4125B89F3CEE5D8B68653E	2EF4E9E8A6CEDB02E3A70C298A9D9A02
SRR34026640	2025-10-31 02:58:15	2025-06-18 09:27:47	7508058	2252417400	7508058	300	924		https://sra-downloadb.be-md.ncbi.nlm.nih.gov/sos9/sra-pub-zq-924/SRR034/34026/SRR34026640/SRR34026640.lite.1	SRX29222002	U15	WGS	RANDOM	GENOMIC	PAIRED	0	0	ILLUMINA	Illumina NovaSeq 6000	SRP592876	PRJNA1279063		1279063	SRS25416957	SAMN49375625	simple	318829	Pyricularia oryzae	U15							no					UNIVERSITY OF GEORGIA	SRA2151435		public	7EC48D4C2565B8DE34641243AE8DD361	EF6597F4985FD971D1ED00EC58F60750
SRR33892673	2025-06-09 13:08:13	2025-06-09 11:29:22	8147733	2444319900	8147733	300	661		https://sra-downloadb.be-md.ncbi.nlm.nih.gov/sos8/sra-pub-zq-818/SRR033/33892/SRR33892673/SRR33892673.lite.1	SRX29104222	UFVPY185	WGS	RANDOM	GENOMIC	PAIRED	0	0	ILLUMINA	Illumina NovaSeq X	SRP418845	PRJNA926786		926786	SRS25311322	SAMN47132510	simple	318829	Pyricularia oryzae	UFVPY185							no					UNIVERSITY OF KENTUCKY	SRA2145102		public	0AFC212A7D01255F5FC6F1F555B44F50	69DA0C3EE713A946C2DE2332F7344A1C
SRR23455553	2023-06-01 16:59:53	2023-02-14 12:03:32	6198446	1859533800	6198446	300	642		https://sra-downloadb.be-md.ncbi.nlm.nih.gov/sos8/sra-pub-zq-820/SRR023/23455/SRR23455553/SRR23455553.lite.1	SRX19364624	UFVPY158	WGS	RANDOM	GENOMIC	PAIRED	0	0	ILLUMINA	Illumina NovaSeq 6000	SRP418845	PRJNA926786		926786	SRS16761239	SAMN33023180	simple	318829	Pyricularia oryzae	JA158							no					UNIVERSITY OF KENTUCKY	SRA1590141		public	00FD30DFE1D5E29FCE21189996458963	73CDF08ED1744909DE7F4D4F2E184883
SRR33381580	2025-05-04 07:37:17	2025-04-30 00:15:38	15606730	4682019000	15606730	300	1363		https://sra-downloadb.be-md.ncbi.nlm.nih.gov/sos8/sra-pub-zq-818/SRR033/33381/SRR33381580/SRR33381580.lite.1	SRX28624608	HCT12-illumina	WGS	RANDOM PCR	GENOMIC	PAIRED	0	0	ILLUMINA	Illumina NovaSeq 6000	SRP527452	PRJNA1146767		1146767	SRS24895848	SAMN48175652	simple	318829	Pyricularia oryzae	HCT12-illumina							no					FUJIAN AGRICULTURE AND FORESTRY UNIVERSITY	SRA2120469		public	16BFC91FB805B8BD12C884DD3976B5BD	46E4A752D2874EAF0D26008A50C055B9
SRR33381579	2025-05-04 07:37:17	2025-04-30 00:15:16	17686112	5305833600	17686112	300	1378		https://sra-downloadb.be-md.ncbi.nlm.nih.gov/sos8/sra-pub-zq-818/SRR033/33381/SRR33381579/SRR33381579.lite.1	SRX28624609	HCT2-illumina	WGS	RANDOM PCR	GENOMIC	PAIRED	0	0	ILLUMINA	Illumina NovaSeq 6000	SRP527452	PRJNA1146767		1146767	SRS24895849	SAMN48175642	simple	318829	Pyricularia oryzae	HCT2-illumina							no					FUJIAN AGRICULTURE AND FORESTRY UNIVERSITY	SRA2120469		public	23F7C827E11DF3693C57FA2BC03637C7	644159A7EF56BB09CBA3CC8649569AD5
SRR33381578	2025-05-04 07:37:17	2025-04-30 00:17:04	26894264	8068279200	26894264	300	2336		https://sra-downloadb.be-md.ncbi.nlm.nih.gov/sos8/sra-pub-zq-818/SRR033/33381/SRR33381578/SRR33381578.lite.1	SRX28624610	HCT3-illumina	WGS	RANDOM PCR	GENOMIC	PAIRED	0	0	ILLUMINA	Illumina NovaSeq 6000	SRP527452	PRJNA1146767		1146767	SRS24895850	SAMN48175643	simple	318829	Pyricularia oryzae	HCT3-illumina							no					FUJIAN AGRICULTURE AND FORESTRY UNIVERSITY	SRA2120469		public	8B203BA2C8D04D0185FA48106057FEE6	6AEF648F6EDE4ABDCD05AEE4AADF9FC0
SRR33381577	2025-05-04 07:37:17	2025-04-30 00:15:34	18991721	5697516300	18991721	300	1459		https://sra-downloadb.be-md.ncbi.nlm.nih.gov/sos8/sra-pub-zq-818/SRR033/33381/SRR33381577/SRR33381577.lite.1	SRX28624611	HCT4-illumina	WGS	RANDOM PCR	GENOMIC	PAIRED	0	0	ILLUMINA	Illumina NovaSeq 6000	SRP527452	PRJNA1146767		1146767	SRS24895851	SAMN48175644	simple	318829	Pyricularia oryzae	HCT4-illumina							no					FUJIAN AGRICULTURE AND FORESTRY UNIVERSITY	SRA2120469		public	F47E414F82A695B4D1B48E6EDCE7DE9F	9343B33ED813BB817D55D8E2B176C1FE
SRR33381576	2025-05-04 07:37:17	2025-04-30 00:15:02	13057507	3917252100	13057507	300	1152		https://sra-downloadb.be-md.ncbi.nlm.nih.gov/sos8/sra-pub-zq-818/SRR033/33381/SRR33381576/SRR33381576.lite.1	SRX28624612	HCT5-illumina	WGS	RANDOM PCR	GENOMIC	PAIRED	0	0	ILLUMINA	Illumina NovaSeq 6000	SRP527452	PRJNA1146767		1146767	SRS24895852	SAMN48175645	simple	318829	Pyricularia oryzae	HCT5-illumina							no					FUJIAN AGRICULTURE AND FORESTRY UNIVERSITY	SRA2120469		public	0CF24034D7125C104413B35B9FB564AC	3D28E6692DB849BB8046BB07E08D77A7
SRR33381575	2025-05-04 07:37:17	2025-04-30 00:15:31	18289225	5486767500	18289225	300	1634		https://sra-downloadb.be-md.ncbi.nlm.nih.gov/sos8/sra-pub-zq-818/SRR033/33381/SRR33381575/SRR33381575.lite.1	SRX28624613	HCT6-illumina	WGS	RANDOM PCR	GENOMIC	PAIRED	0	0	ILLUMINA	Illumina NovaSeq 6000	SRP527452	PRJNA1146767		1146767	SRS24895853	SAMN48175646	simple	318829	Pyricularia oryzae	HCT6-illumina							no					FUJIAN AGRICULTURE AND FORESTRY UNIVERSITY	SRA2120469		public	622A5A24F9474DB2C5D0EF0E85327137	1EEDD3028A2D5EE6859FED644F221707
SRR33381574	2025-05-04 07:37:17	2025-04-30 00:14:57	16368136	4910440800	16368136	300	1461		https://sra-downloadb.be-md.ncbi.nlm.nih.gov/sos8/sra-pub-zq-818/SRR033/33381/SRR33381574/SRR33381574.lite.1	SRX28624614	HCT7-illumina	WGS	RANDOM PCR	GENOMIC	PAIRED	0	0	ILLUMINA	Illumina NovaSeq 6000	SRP527452	PRJNA1146767		1146767	SRS24895854	SAMN48175647	simple	318829	Pyricularia oryzae	HCT7-illumina							no					FUJIAN AGRICULTURE AND FORESTRY UNIVERSITY	SRA2120469		public	CEACA602474D7FADD2DAB92208CEC346	0E4B5748B77D3504FC88E7C907219CA4
SRR33381573	2025-05-04 07:37:17	2025-04-30 00:15:31	18403287	5520986100	18403287	300	1642		https://sra-downloadb.be-md.ncbi.nlm.nih.gov/sos8/sra-pub-zq-818/SRR033/33381/SRR33381573/SRR33381573.lite.1	SRX28624615	HCT8-illumina	WGS	RANDOM PCR	GENOMIC	PAIRED	0	0	ILLUMINA	Illumina NovaSeq 6000	SRP527452	PRJNA1146767		1146767	SRS24895855	SAMN48175648	simple	318829	Pyricularia oryzae	HCT8-illumina							no					FUJIAN AGRICULTURE AND FORESTRY UNIVERSITY	SRA2120469		public	00F3D5F7B1276AEE403712A3195C8D00	53EE98A27532B6E02A64FFCBB8717A98
SRR33381572	2025-05-04 07:37:17	2025-04-30 00:17:36	18738509	5621552700	18738509	300	1668		https://sra-downloadb.be-md.ncbi.nlm.nih.gov/sos8/sra-pub-zq-818/SRR033/33381/SRR33381572/SRR33381572.lite.1	SRX28624616	HCT9-illumina	WGS	RANDOM PCR	GENOMIC	PAIRED	0	0	ILLUMINA	Illumina NovaSeq 6000	SRP527452	PRJNA1146767		1146767	SRS24895856	SAMN48175649	simple	318829	Pyricularia oryzae	HCT9-illumina							no					FUJIAN AGRICULTURE AND FORESTRY UNIVERSITY	SRA2120469		public	5CD1B7BF0BE8EF1F3AC83A70B3C364C0	119DBB7C053E06A00E1ECCDC77A74B34
SRR33681162	2025-07-18 17:56:01	2025-05-23 14:43:22	6376678	1908746293	6376678	299	811		https://sra-downloadb.be-md.ncbi.nlm.nih.gov/sos1/sra-pub-zq-38/SRR033/33681/SRR33681162/SRR33681162.lite.1	SRX28907521	16MOT01_1	WGS	PCR	GENOMIC	PAIRED	0	0	ILLUMINA	NextSeq 500	SRP587278	PRJNA1264674		1264674	SRS25132900	SAMN48693431	simple	318829	Pyricularia oryzae	16MOT01_1							no					KANSAS STATE UNIVERSITY	SRA2135642		public	82BF19A4CE684EB77BD3B44AC7A1FD04	3B158F867E4223EA7B1D5991ADACDAA5
SRR34026716	2025-10-31 04:03:34	2025-06-18 09:30:37	11403573	3443879046	11403573	302	1512		https://sra-downloadb.be-md.ncbi.nlm.nih.gov/sos9/sra-pub-zq-924/SRR034/34026/SRR34026716/SRR34026716.lite.1	SRX29221926	E1	WGS	RANDOM	GENOMIC	PAIRED	0	0	ILLUMINA	Illumina NovaSeq 6000	SRP592876	PRJNA1279063		1279063	SRS25416882	SAMN49375458	simple	318829	Pyricularia oryzae	E1							no					UNIVERSITY OF GEORGIA	SRA2151435		public	3B54527D331172481B0BC81FCFCFC325	031ED5D38999E2DC692543820942956B
SRR34026715	2025-10-31 04:03:33	2025-06-18 09:30:56	13246473	4000434846	13246473	302	1766		https://sra-downloadb.be-md.ncbi.nlm.nih.gov/sos9/sra-pub-zq-924/SRR034/34026/SRR34026715/SRR34026715.lite.1	SRX29221927	E12	WGS	RANDOM	GENOMIC	PAIRED	0	0	ILLUMINA	Illumina NovaSeq 6000	SRP592876	PRJNA1279063		1279063	SRS25416880	SAMN49375459	simple	318829	Pyricularia oryzae	E12							no					UNIVERSITY OF GEORGIA	SRA2151435		public	B7FFF2FCD686D4FA1C64924DA1AE3F00	77206EBCD2107505E60EDFEFD7C9B55B
SRR34026703	2025-10-31 04:03:35	2025-06-18 09:32:36	17112123	5167861146	17112123	302	2389		https://sra-downloadb.be-md.ncbi.nlm.nih.gov/sos9/sra-pub-zq-924/SRR034/34026/SRR34026703/SRR34026703.lite.1	SRX29221939	E2	WGS	RANDOM	GENOMIC	PAIRED	0	0	ILLUMINA	Illumina NovaSeq 6000	SRP592876	PRJNA1279063		1279063	SRS25416893	SAMN49375469	simple	318829	Pyricularia oryzae	E2							no					UNIVERSITY OF GEORGIA	SRA2151435		public	157EE639882680901B9624CBB40D6C77	0D2BB666FB81F79E7B7493EBBA991C9B
SRR34026714	2025-10-31 04:03:34	2025-06-18 09:29:28	11380903	3437032706	11380903	302	1600		https://sra-downloadb.be-md.ncbi.nlm.nih.gov/sos9/sra-pub-zq-924/SRR034/34026/SRR34026714/SRR34026714.lite.1	SRX29221928	E21	WGS	RANDOM	GENOMIC	PAIRED	0	0	ILLUMINA	Illumina NovaSeq 6000	SRP592876	PRJNA1279063		1279063	SRS25416881	SAMN49375468	simple	318829	Pyricularia oryzae	E21							no					UNIVERSITY OF GEORGIA	SRA2151435		public	AC2FD6B90A1D13DB33B60DFC814BB963	7F3AD2ECB90F961FA73DD0B8A3814BA0
SRR34026692	2025-10-31 04:03:36	2025-06-18 09:33:38	23615762	7084842392	23615762	300	2850		https://sra-downloadb.be-md.ncbi.nlm.nih.gov/sos9/sra-pub-zq-924/SRR034/34026/SRR34026692/SRR34026692.lite.1	SRX29221950	E22	WGS	RANDOM	GENOMIC	PAIRED	0	0	ILLUMINA	Illumina NovaSeq 6000	SRP592876	PRJNA1279063		1279063	SRS25416904	SAMN49375470	simple	318829	Pyricularia oryzae	E22							no					UNIVERSITY OF GEORGIA	SRA2151435		public	695755A6C72AF2C97B48B182FB2382A8	5832405D5A5C14BFFE4871249B07A828
SRR34026713	2025-10-31 04:03:34	2025-06-18 09:30:17	11058844	3339770888	11058844	302	1429		https://sra-downloadb.be-md.ncbi.nlm.nih.gov/sos9/sra-pub-zq-924/SRR034/34026/SRR34026713/SRR34026713.lite.1	SRX29221929	K7	WGS	RANDOM	GENOMIC	PAIRED	0	0	ILLUMINA	Illumina NovaSeq 6000	SRP592876	PRJNA1279063		1279063	SRS25416883	SAMN49375558	simple	318829	Pyricularia oryzae	K7							no					UNIVERSITY OF GEORGIA	SRA2151435		public	90896B2A9DE7E5D99116053F46F65F52	1C0C42C2FAD675E307D6F6550E66F4FA
SRR34026712	2025-10-31 04:03:34	2025-06-18 09:30:47	14201907	4288975914	14201907	302	1875		https://sra-downloadb.be-md.ncbi.nlm.nih.gov/sos9/sra-pub-zq-924/SRR034/34026/SRR34026712/SRR34026712.lite.1	SRX29221930	K8	WGS	RANDOM	GENOMIC	PAIRED	0	0	ILLUMINA	Illumina NovaSeq 6000	SRP592876	PRJNA1279063		1279063	SRS25416884	SAMN49375559	simple	318829	Pyricularia oryzae	K8							no					UNIVERSITY OF GEORGIA	SRA2151435		public	7E34901E093CE55F5EF8914E905A1F23	FC744407CDEBEABC76A0ABFDF04171CF
SRR34026711	2025-10-31 04:03:34	2025-06-18 09:28:09	4667020	1400637860	4667020	300	552		https://sra-downloadb.be-md.ncbi.nlm.nih.gov/sos9/sra-pub-zq-924/SRR034/34026/SRR34026711/SRR34026711.lite.1	SRX29221931	K9	WGS	RANDOM	GENOMIC	PAIRED	0	0	ILLUMINA	Illumina NovaSeq 6000	SRP592876	PRJNA1279063		1279063	SRS25416885	SAMN49375560	simple	318829	Pyricularia oryzae	K9							no					UNIVERSITY OF GEORGIA	SRA2151435		public	4B1C82F206ECF1D8D8A9CEFE426D4D40	05C081A8699E1AED8E29784A70EA9D02
SRR34026708	2025-10-31 04:03:34	2025-06-18 09:28:28	4527233	1355518462	4527233	299	565		https://sra-downloadb.be-md.ncbi.nlm.nih.gov/sos9/sra-pub-zq-924/SRR034/34026/SRR34026708/SRR34026708.lite.1	SRX29221934	T1	WGS	RANDOM	GENOMIC	PAIRED	0	0	ILLUMINA	Illumina NovaSeq 6000	SRP592876	PRJNA1279063		1279063	SRS25416888	SAMN49375563	simple	318829	Pyricularia oryzae	T1							no					UNIVERSITY OF GEORGIA	SRA2151435		public	8DAC808E4E14CFBE05D3B40D9A80224A	6DC151E5BB9CD2941B8DAC9F5F613A84
SRR34026710	2025-10-31 04:03:34	2025-06-18 09:28:30	7473694	2242108200	7473694	300	931		https://sra-downloadb.be-md.ncbi.nlm.nih.gov/sos9/sra-pub-zq-924/SRR034/34026/SRR34026710/SRR34026710.lite.1	SRX29221932	T10	WGS	RANDOM	GENOMIC	PAIRED	0	0	ILLUMINA	Illumina NovaSeq 6000	SRP592876	PRJNA1279063		1279063	SRS25416886	SAMN49375561	simple	318829	Pyricularia oryzae	T10							no					UNIVERSITY OF GEORGIA	SRA2151435		public	B3B36676F2F2E4658A3FC6C54B3A08D7	24FC41B19E235E22208795B28D56E7B6
SRR34026709	2025-10-31 04:03:34	2025-06-18 09:28:41	5887680	1766304000	5887680	300	747		https://sra-downloadb.be-md.ncbi.nlm.nih.gov/sos9/sra-pub-zq-924/SRR034/34026/SRR34026709/SRR34026709.lite.1	SRX29221933	T11	WGS	RANDOM	GENOMIC	PAIRED	0	0	ILLUMINA	Illumina NovaSeq 6000	SRP592876	PRJNA1279063		1279063	SRS25416887	SAMN49375562	simple	318829	Pyricularia oryzae	T11							no					UNIVERSITY OF GEORGIA	SRA2151435		public	886F55E53FE751095553B24C3B8D0E60	2CB1B02BFB2D23037ED4C7B4B37706EE
SRR34026707	2025-10-31 04:03:35	2025-06-18 09:30:04	15806735	4773633970	15806735	302	2073		https://sra-downloadb.be-md.ncbi.nlm.nih.gov/sos9/sra-pub-zq-924/SRR034/34026/SRR34026707/SRR34026707.lite.1	SRX29221935	T12	WGS	RANDOM	GENOMIC	PAIRED	0	0	ILLUMINA	Illumina NovaSeq 6000	SRP592876	PRJNA1279063		1279063	SRS25416889	SAMN49375564	simple	318829	Pyricularia oryzae	T12							no					UNIVERSITY OF GEORGIA	SRA2151435		public	7D222A997FDDCD73A9E8258ADF183B0A	C83BA615FDAB5EE078D526AC48D66FAE
SRR34026706	2025-10-31 04:03:35	2025-06-18 09:29:59	16004049	4833222798	16004049	302	2213		https://sra-downloadb.be-md.ncbi.nlm.nih.gov/sos9/sra-pub-zq-924/SRR034/34026/SRR34026706/SRR34026706.lite.1	SRX29221936	T13	WGS	RANDOM	GENOMIC	PAIRED	0	0	ILLUMINA	Illumina NovaSeq 6000	SRP592876	PRJNA1279063		1279063	SRS25416890	SAMN49375565	simple	318829	Pyricularia oryzae	T13							no					UNIVERSITY OF GEORGIA	SRA2151435		public	BD8BDCAF908B8944B746B912A056911E	D64C71EC05568318F514387C4B77CE07
SRR34026705	2025-10-31 04:03:35	2025-06-18 09:28:33	6939071	2081721300	6939071	300	870		https://sra-downloadb.be-md.ncbi.nlm.nih.gov/sos9/sra-pub-zq-924/SRR034/34026/SRR34026705/SRR34026705.lite.1	SRX29221937	T14	WGS	RANDOM	GENOMIC	PAIRED	0	0	ILLUMINA	Illumina NovaSeq 6000	SRP592876	PRJNA1279063		1279063	SRS25416891	SAMN49375566	simple	318829	Pyricularia oryzae	T14							no					UNIVERSITY OF GEORGIA	SRA2151435		public	DDD7FCD6D14C37EA7D3D10A0E28185C4	150A4D1CB1E32CC5E67DF68FEBC3C1DF
SRR34026704	2025-10-31 04:03:35	2025-06-18 09:33:14	14021947	4234627994	14021947	302	1981		https://sra-downloadb.be-md.ncbi.nlm.nih.gov/sos9/sra-pub-zq-924/SRR034/34026/SRR34026704/SRR34026704.lite.1	SRX29221938	T15	WGS	RANDOM	GENOMIC	PAIRED	0	0	ILLUMINA	Illumina NovaSeq 6000	SRP592876	PRJNA1279063		1279063	SRS25416892	SAMN49375567	simple	318829	Pyricularia oryzae	T15							no					UNIVERSITY OF GEORGIA	SRA2151435		public	89A45B249D5A2B7D19D38C998E732D67	B536B986F8C67689A8AD20B28D53436D
SRR34026702	2025-10-31 04:03:35	2025-06-18 09:31:39	18471536	5578403872	18471536	302	2573		https://sra-downloadb.be-md.ncbi.nlm.nih.gov/sos9/sra-pub-zq-924/SRR034/34026/SRR34026702/SRR34026702.lite.1	SRX29221940	T16	WGS	RANDOM	GENOMIC	PAIRED	0	0	ILLUMINA	Illumina NovaSeq 6000	SRP592876	PRJNA1279063		1279063	SRS25416894	SAMN49375568	simple	318829	Pyricularia oryzae	T16							no					UNIVERSITY OF GEORGIA	SRA2151435		public	01E69F9FCC81F0CE00B3A4A673B25A3F	4394A92952D46164F99C2B595C9B6F90
SRR34026701	2025-10-31 04:03:35	2025-06-18 09:31:51	18055410	5452733820	18055410	302	2333		https://sra-downloadb.be-md.ncbi.nlm.nih.gov/sos9/sra-pub-zq-924/SRR034/34026/SRR34026701/SRR34026701.lite.1	SRX29221941	T17	WGS	RANDOM	GENOMIC	PAIRED	0	0	ILLUMINA	Illumina NovaSeq 6000	SRP592876	PRJNA1279063		1279063	SRS25416895	SAMN49375569	simple	318829	Pyricularia oryzae	T17							no					UNIVERSITY OF GEORGIA	SRA2151435		public	45828B33A7F8A09B116217D573888484	436DA1891875F99B2A5F84DBE15D8BD1
SRR34026700	2025-10-31 04:03:35	2025-06-18 09:28:58	6972026	2091607800	6972026	300	858		https://sra-downloadb.be-md.ncbi.nlm.nih.gov/sos9/sra-pub-zq-924/SRR034/34026/SRR34026700/SRR34026700.lite.1	SRX29221942	T18	WGS	RANDOM	GENOMIC	PAIRED	0	0	ILLUMINA	Illumina NovaSeq 6000	SRP592876	PRJNA1279063		1279063	SRS25416896	SAMN49375570	simple	318829	Pyricularia oryzae	T18							no					UNIVERSITY OF GEORGIA	SRA2151435		public	C890E08EC3763ABDC630E2D42D3B3CE5	73E1080913BD98C886AAD300EC8BDF3F
SRR34026699	2025-10-31 04:03:35	2025-06-18 09:28:45	8082190	2424657000	8082190	300	1002		https://sra-downloadb.be-md.ncbi.nlm.nih.gov/sos9/sra-pub-zq-924/SRR034/34026/SRR34026699/SRR34026699.lite.1	SRX29221943	T19	WGS	RANDOM	GENOMIC	PAIRED	0	0	ILLUMINA	Illumina NovaSeq 6000	SRP592876	PRJNA1279063		1279063	SRS25416897	SAMN49375571	simple	318829	Pyricularia oryzae	T19							no					UNIVERSITY OF GEORGIA	SRA2151435		public	840E24A3FD524075510562A24CF92CE1	39413ECD74DCC1631AF2E982595EBFDD
SRR34026696	2025-10-31 04:03:36	2025-06-18 09:29:58	14907914	4502190028	14907914	302	1972		https://sra-downloadb.be-md.ncbi.nlm.nih.gov/sos9/sra-pub-zq-924/SRR034/34026/SRR34026696/SRR34026696.lite.1	SRX29221946	T2	WGS	RANDOM	GENOMIC	PAIRED	0	0	ILLUMINA	Illumina NovaSeq 6000	SRP592876	PRJNA1279063		1279063	SRS25416900	SAMN49375574	simple	318829	Pyricularia oryzae	T2							no					UNIVERSITY OF GEORGIA	SRA2151435		public	02AE02D96FE8174D774BA8505D610B95	58D2711287880D9C64600806DE8F343A
SRR34026698	2025-10-31 04:03:35	2025-06-18 09:31:54	20013085	6043951670	20013085	302	2834		https://sra-downloadb.be-md.ncbi.nlm.nih.gov/sos9/sra-pub-zq-924/SRR034/34026/SRR34026698/SRR34026698.lite.1	SRX29221944	T20	WGS	RANDOM	GENOMIC	PAIRED	0	0	ILLUMINA	Illumina NovaSeq 6000	SRP592876	PRJNA1279063		1279063	SRS25416898	SAMN49375572	simple	318829	Pyricularia oryzae	T20							no					UNIVERSITY OF GEORGIA	SRA2151435		public	80B32DAB4496ED7EDB5C877A8CF163B1	A07A3BEDFC650D94F7075F63943118E8
SRR34026697	2025-10-31 04:03:35	2025-06-18 09:29:33	7556559	2266967700	7556559	300	943		https://sra-downloadb.be-md.ncbi.nlm.nih.gov/sos9/sra-pub-zq-924/SRR034/34026/SRR34026697/SRR34026697.lite.1	SRX29221945	T21	WGS	RANDOM	GENOMIC	PAIRED	0	0	ILLUMINA	Illumina NovaSeq 6000	SRP592876	PRJNA1279063		1279063	SRS25416899	SAMN49375573	simple	318829	Pyricularia oryzae	T21							no					UNIVERSITY OF GEORGIA	SRA2151435		public	DAD47D52672D197E239528F01E9A0A08	9B4FB831FBA191199CA2628DD06C0932
SRR34026695	2025-10-31 04:03:36	2025-06-18 09:29:07	6840580	2052174000	6840580	300	852		https://sra-downloadb.be-md.ncbi.nlm.nih.gov/sos9/sra-pub-zq-924/SRR034/34026/SRR34026695/SRR34026695.lite.1	SRX29221947	T22	WGS	RANDOM	GENOMIC	PAIRED	0	0	ILLUMINA	Illumina NovaSeq 6000	SRP592876	PRJNA1279063		1279063	SRS25416901	SAMN49375575	simple	318829	Pyricularia oryzae	T22							no					UNIVERSITY OF GEORGIA	SRA2151435		public	F469B16C3711E4E50D8191A480731C22	CC49ACAD5683461738F68752837A174F
SRR34026694	2025-10-31 04:03:36	2025-06-18 09:28:45	6801686	2040505800	6801686	300	862		https://sra-downloadb.be-md.ncbi.nlm.nih.gov/sos9/sra-pub-zq-924/SRR034/34026/SRR34026694/SRR34026694.lite.1	SRX29221948	T23	WGS	RANDOM	GENOMIC	PAIRED	0	0	ILLUMINA	Illumina NovaSeq 6000	SRP592876	PRJNA1279063		1279063	SRS25416902	SAMN49375576	simple	318829	Pyricularia oryzae	T23							no					UNIVERSITY OF GEORGIA	SRA2151435		public	E2BCE4AB89E89A8F3B9A25E714C76A5E	AACA87C3CA871C457EB1A74B36D29543
SRR34026693	2025-10-31 04:03:36	2025-06-18 09:27:46	6065667	1819700100	6065667	300	768		https://sra-downloadb.be-md.ncbi.nlm.nih.gov/sos9/sra-pub-zq-924/SRR034/34026/SRR34026693/SRR34026693.lite.1	SRX29221949	T24	WGS	RANDOM	GENOMIC	PAIRED	0	0	ILLUMINA	Illumina NovaSeq 6000	SRP592876	PRJNA1279063		1279063	SRS25416903	SAMN49375577	simple	318829	Pyricularia oryzae	T24							no					UNIVERSITY OF GEORGIA	SRA2151435		public	43CE60BCAB64140D0B8BBEA77139FF42	7BCA68F8FBA8599C708E382750CC2D1E
SRR34026691	2025-10-31 04:03:36	2025-06-18 09:28:04	6845070	2053521000	6845070	300	843		https://sra-downloadb.be-md.ncbi.nlm.nih.gov/sos9/sra-pub-zq-924/SRR034/34026/SRR34026691/SRR34026691.lite.1	SRX29221951	T25	WGS	RANDOM	GENOMIC	PAIRED	0	0	ILLUMINA	Illumina NovaSeq 6000	SRP592876	PRJNA1279063		1279063	SRS25416906	SAMN49375578	simple	318829	Pyricularia oryzae	T25							no					UNIVERSITY OF GEORGIA	SRA2151435		public	999DBFC120B3E70ACEDC35AAFE81BFD1	B58D5E5478ADCF437004C8BCE2C3114B
SRR34026690	2025-10-31 04:03:36	2025-06-18 09:28:07	4751062	1420223580	4751062	298	578		https://sra-downloadb.be-md.ncbi.nlm.nih.gov/sos9/sra-pub-zq-924/SRR034/34026/SRR34026690/SRR34026690.lite.1	SRX29221952	T26	WGS	RANDOM	GENOMIC	PAIRED	0	0	ILLUMINA	Illumina NovaSeq 6000	SRP592876	PRJNA1279063		1279063	SRS25416905	SAMN49375579	simple	318829	Pyricularia oryzae	T26							no					UNIVERSITY OF GEORGIA	SRA2151435		public	95B0F70F37B720B728486BE291FAA99A	746D557503D95E32CA85C50F617900BD
SRR34026689	2025-10-31 04:03:36	2025-06-18 09:28:34	8422414	2524704543	8422414	299	1023		https://sra-downloadb.be-md.ncbi.nlm.nih.gov/sos9/sra-pub-zq-924/SRR034/34026/SRR34026689/SRR34026689.lite.1	SRX29221953	T27	WGS	RANDOM	GENOMIC	PAIRED	0	0	ILLUMINA	Illumina NovaSeq 6000	SRP592876	PRJNA1279063		1279063	SRS25416907	SAMN49375580	simple	318829	Pyricularia oryzae	T27							no					UNIVERSITY OF GEORGIA	SRA2151435		public	68AE0CD4211D287F952EF58577C80294	E7C3EF799B352126E718B52F8101882E
SRR34026688	2025-10-31 04:03:36	2025-06-18 09:27:06	327076	98139527	327076	300	41		https://sra-downloadb.be-md.ncbi.nlm.nih.gov/sos9/sra-pub-zq-924/SRR034/34026/SRR34026688/SRR34026688.lite.1	SRX29221954	T28	WGS	RANDOM	GENOMIC	PAIRED	0	0	ILLUMINA	Illumina NovaSeq 6000	SRP592876	PRJNA1279063		1279063	SRS25416908	SAMN49375581	simple	318829	Pyricularia oryzae	T28							no					UNIVERSITY OF GEORGIA	SRA2151435		public	7F1EF9A6254C791301FCFB04451D67F1	DA80BC8F8FB8584821B7CE9D2C413B7C
SRR34026687	2025-10-31 04:03:36	2025-06-18 09:30:30	14438111	4360309522	14438111	302	2089		https://sra-downloadb.be-md.ncbi.nlm.nih.gov/sos9/sra-pub-zq-924/SRR034/34026/SRR34026687/SRR34026687.lite.1	SRX29221955	T29	WGS	RANDOM	GENOMIC	PAIRED	0	0	ILLUMINA	Illumina NovaSeq 6000	SRP592876	PRJNA1279063		1279063	SRS25416909	SAMN49375582	simple	318829	Pyricularia oryzae	T29							no					UNIVERSITY OF GEORGIA	SRA2151435		public	1931D3D4BAEFC928EA739EB547FC65AB	D58DA3E7EA5A3B87463F26C731F93BBF
SRR34026684	2025-10-31 04:03:37	2025-06-18 09:29:42	11790926	3560859652	11790926	302	1552		https://sra-downloadb.be-md.ncbi.nlm.nih.gov/sos9/sra-pub-zq-924/SRR034/34026/SRR34026684/SRR34026684.lite.1	SRX29221958	T3	WGS	RANDOM	GENOMIC	PAIRED	0	0	ILLUMINA	Illumina NovaSeq 6000	SRP592876	PRJNA1279063		1279063	SRS25416913	SAMN49375585	simple	318829	Pyricularia oryzae	T3							no					UNIVERSITY OF GEORGIA	SRA2151435		public	1C4C75C83F0F9F3B51ADAB65641D9171	F0003DF2EC6B4A35061FFED8CEF7677C
SRR34026686	2025-10-31 04:03:36	2025-06-18 09:31:28	17191214	5191746628	17191214	302	2240		https://sra-downloadb.be-md.ncbi.nlm.nih.gov/sos9/sra-pub-zq-924/SRR034/34026/SRR34026686/SRR34026686.lite.1	SRX29221956	T30	WGS	RANDOM	GENOMIC	PAIRED	0	0	ILLUMINA	Illumina NovaSeq 6000	SRP592876	PRJNA1279063		1279063	SRS25416910	SAMN49375583	simple	318829	Pyricularia oryzae	T30							no					UNIVERSITY OF GEORGIA	SRA2151435		public	777F43D12EAEB21DF043704D81E3D240	95748C75B904FE457E335623A3D69C85
SRR34026685	2025-10-31 04:03:36	2025-06-18 09:29:07	8159743	2464242386	8159743	302	1184		https://sra-downloadb.be-md.ncbi.nlm.nih.gov/sos9/sra-pub-zq-924/SRR034/34026/SRR34026685/SRR34026685.lite.1	SRX29221957	T31	WGS	RANDOM	GENOMIC	PAIRED	0	0	ILLUMINA	Illumina NovaSeq 6000	SRP592876	PRJNA1279063		1279063	SRS25416911	SAMN49375584	simple	318829	Pyricularia oryzae	T31							no					UNIVERSITY OF GEORGIA	SRA2151435		public	7B54C34968CDAE20EBF974E67776C809	BF1444CFF651BCC4588861DB198681D8
SRR34026683	2025-10-31 04:03:37	2025-06-18 09:29:40	9676055	2922168610	9676055	302	1396		https://sra-downloadb.be-md.ncbi.nlm.nih.gov/sos9/sra-pub-zq-924/SRR034/34026/SRR34026683/SRR34026683.lite.1	SRX29221959	T32	WGS	RANDOM	GENOMIC	PAIRED	0	0	ILLUMINA	Illumina NovaSeq 6000	SRP592876	PRJNA1279063		1279063	SRS25416912	SAMN49375586	simple	318829	Pyricularia oryzae	T32							no					UNIVERSITY OF GEORGIA	SRA2151435		public	62203428350ADA2FE2CE536DE74C5BFE	1F279C7FCB9A261AF5E96D52A6DE3A33
SRR33381584	2025-05-04 07:37:17	2025-04-30 00:16:09	11166932	3350079600	11166932	300	1646		https://sra-downloadb.be-md.ncbi.nlm.nih.gov/sos8/sra-pub-zq-818/SRR033/33381/SRR33381584/SRR33381584.lite.1	SRX28624604	Guy11-illumina	WGS	RANDOM PCR	GENOMIC	PAIRED	0	0	ILLUMINA	Illumina NovaSeq 6000	SRP527452	PRJNA1146767		1146767	SRS24895844	SAMN48175640	simple	318829	Pyricularia oryzae	Guy11-illumina							no					FUJIAN AGRICULTURE AND FORESTRY UNIVERSITY	SRA2120469		public	B8763C37528785260F2B1A524986E807	7C1C0DFC3DB2E49FF29BE23DE1E5076A
SRR33381583	2025-05-04 07:37:17	2025-04-30 00:15:30	17809184	5342755200	17809184	300	1387		https://sra-downloadb.be-md.ncbi.nlm.nih.gov/sos8/sra-pub-zq-818/SRR033/33381/SRR33381583/SRR33381583.lite.1	SRX28624605	HCT1-illumina	WGS	RANDOM PCR	GENOMIC	PAIRED	0	0	ILLUMINA	Illumina NovaSeq 6000	SRP527452	PRJNA1146767		1146767	SRS24895845	SAMN48175641	simple	318829	Pyricularia oryzae	HCT1-illumina							no					FUJIAN AGRICULTURE AND FORESTRY UNIVERSITY	SRA2120469		public	DD3735FA90035C3E931AD438B86B2740	7303C3158ED46DC12009C1EB46789583
SRR33381582	2025-05-04 07:37:17	2025-04-30 00:15:32	18284837	5485451100	18284837	300	1626		https://sra-downloadb.be-md.ncbi.nlm.nih.gov/sos8/sra-pub-zq-818/SRR033/33381/SRR33381582/SRR33381582.lite.1	SRX28624606	HCT10-illumina	WGS	RANDOM PCR	GENOMIC	PAIRED	0	0	ILLUMINA	Illumina NovaSeq 6000	SRP527452	PRJNA1146767		1146767	SRS24895846	SAMN48175650	simple	318829	Pyricularia oryzae	HCT10-illumina							no					FUJIAN AGRICULTURE AND FORESTRY UNIVERSITY	SRA2120469		public	897BDAD7F067139F21E514B50BAEBC88	AA7BE61164151CE5E544074C3E4B0DF5
SRR33381581	2025-05-04 07:37:17	2025-04-30 00:15:40	17942099	5382629700	17942099	300	1594		https://sra-downloadb.be-md.ncbi.nlm.nih.gov/sos8/sra-pub-zq-818/SRR033/33381/SRR33381581/SRR33381581.lite.1	SRX28624607	HCT11-illumina	WGS	RANDOM PCR	GENOMIC	PAIRED	0	0	ILLUMINA	Illumina NovaSeq 6000	SRP527452	PRJNA1146767		1146767	SRS24895847	SAMN48175651	simple	318829	Pyricularia oryzae	HCT11-illumina							no					FUJIAN AGRICULTURE AND FORESTRY UNIVERSITY	SRA2120469		public	4B63DB130B65A16C12CABBE8CA8E3101	7F48423349AA2E1F413B53B94CB4FE28
ERR14112733	2025-01-09 22:49:39	2025-02-13 03:08:03	15080432	4524129600	15080432	300	2461		https://sra-downloadb.be-md.ncbi.nlm.nih.gov/sos7/sra-pub-zq-41/ERR014/14112/ERR14112733/ERR14112733.lite.1	ERX13515239		WGS	RANDOM	GENOMIC	PAIRED	0	0	ILLUMINA	Illumina HiSeq 2500	ERP109496	PRJEB27419		518846	ERS2573604	SAMEA4753505	simple	318829	Pyricularia oryzae	SAMEA4753505							no					UNIVERSITY OF EXETER	ERA31104765		public	F67D4789C2AE34F038E522C09AFF9B13	331E6D310E619EF9E7A7E4B386298962
ERR14112734	2025-01-09 22:49:39	2025-02-13 03:22:07	16030039	4809011700	16030039	300	2665		https://sra-downloadb.be-md.ncbi.nlm.nih.gov/sos7/sra-pub-zq-41/ERR014/14112/ERR14112734/ERR14112734.lite.1	ERX13515240		WGS	RANDOM	GENOMIC	PAIRED	0	0	ILLUMINA	Illumina HiSeq 2500	ERP109496	PRJEB27419		518846	ERS2573605	SAMEA4753506	simple	318829	Pyricularia oryzae	SAMEA4753506							no					UNIVERSITY OF EXETER	ERA31104768		public	7B2C3923BFEC29B720EF7C5BEBA7C7C0	25DD5E74E0141BB268A1772D73AE2741
ERR14112735	2025-01-09 22:49:39	2025-02-13 03:21:13	15820820	4746246000	15820820	300	2669		https://sra-downloadb.be-md.ncbi.nlm.nih.gov/sos7/sra-pub-zq-41/ERR014/14112/ERR14112735/ERR14112735.lite.1	ERX13515241		WGS	RANDOM	GENOMIC	PAIRED	0	0	ILLUMINA	Illumina HiSeq 2500	ERP109496	PRJEB27419		518846	ERS2573606	SAMEA4753507	simple	318829	Pyricularia oryzae	SAMEA4753507							no					UNIVERSITY OF EXETER	ERA31104779		public	9851005739DAC14A36C60112898906F1	129D8206B19D8768ED3927E2AE91F281
ERR14126193	2025-01-14 22:19:54	2025-02-13 02:56:07	13217705	3965311500	13217705	300	2248		https://sra-downloadb.be-md.ncbi.nlm.nih.gov/sos7/sra-pub-zq-41/ERR014/14126/ERR14126193/ERR14126193.lite.1	ERX13528850		WGS	RANDOM	GENOMIC	PAIRED	0	0	ILLUMINA	Illumina HiSeq 2500	ERP109496	PRJEB27419		518846	ERS2573607	SAMEA4753508	simple	318829	Pyricularia oryzae	SAMEA4753508							no					UNIVERSITY OF EXETER	ERA31107852		public	910D4C23332664E7ED36F245E0D83041	18448D5EA290BDFB3EEC5BA2FE446B76
ERR14112763	2025-01-09 22:49:39	2025-02-22 20:32:43	9020415	2706124500	9020415	300	1529		https://sra-downloadb.be-md.ncbi.nlm.nih.gov/sos7/sra-pub-zq-41/ERR014/14112/ERR14112763/ERR14112763.lite.1	ERX13515269		WGS	RANDOM	GENOMIC	PAIRED	0	0	ILLUMINA	Illumina HiSeq 2500	ERP109496	PRJEB27419		518846	ERS2573608	SAMEA4753509	simple	318829	Pyricularia oryzae	SAMEA4753509							no					UNIVERSITY OF EXETER	ERA31104791		public	E835A15A04F4032E2B0DA4F45BC947A6	0009A9D803CE99F622F0B24D0C7C010A
ERR14112766	2025-01-09 22:49:39	2025-02-13 03:01:13	15804706	4741411800	15804706	300	2637		https://sra-downloadb.be-md.ncbi.nlm.nih.gov/sos7/sra-pub-zq-41/ERR014/14112/ERR14112766/ERR14112766.lite.1	ERX13515272		WGS	RANDOM	GENOMIC	PAIRED	0	0	ILLUMINA	Illumina HiSeq 2500	ERP109496	PRJEB27419		518846	ERS2573609	SAMEA4753510	simple	318829	Pyricularia oryzae	SAMEA4753510							no					UNIVERSITY OF EXETER	ERA31104795		public	629A5AB9B54B2FA0D1C99E7783608E3F	0644C7A0DF3A3943F4454A851AC5F7DF
ERR14172061	2025-01-21 22:44:21	2025-02-11 12:54:45	13754324	2738630320	13754324	199	1782		https://sra-downloadb.be-md.ncbi.nlm.nih.gov/sos7/sra-pub-zq-41/ERR014/14172/ERR14172061/ERR14172061.lite.1	ERX13574570		WGS	RANDOM	GENOMIC	PAIRED	0	0	ILLUMINA	Illumina HiSeq 2500	ERP109496	PRJEB27419		518846	ERS2573611	SAMEA4753512	simple	318829	Pyricularia oryzae	SAMEA4753512							no					UNIVERSITY OF EXETER	ERA31116336		public	E24262248681A95C88FB72E40F9A076B	B58E227754317B58DCD23C0579B447FE
ERR14172071	2025-01-21 23:15:10	2025-02-11 15:50:35	10349896	2059216577	10349896	198	1384		https://sra-downloadb.be-md.ncbi.nlm.nih.gov/sos7/sra-pub-zq-41/ERR014/14172/ERR14172071/ERR14172071.lite.1	ERX13574580		WGS	RANDOM	GENOMIC	PAIRED	0	0	ILLUMINA	Illumina HiSeq 2500	ERP109496	PRJEB27419		518846	ERS2573612	SAMEA4753513	simple	318829	Pyricularia oryzae	SAMEA4753513							no					UNIVERSITY OF EXETER	ERA31116346		public	741E328F1067223DA6BC441F895B0DE3	055068CCBAB22A84F910F80BFA6053B7
ERR14172085	2025-01-21 22:44:21	2025-02-17 17:41:58	13471470	2680354138	13471470	198	1767		https://sra-downloadb.be-md.ncbi.nlm.nih.gov/sos7/sra-pub-zq-41/ERR014/14172/ERR14172085/ERR14172085.lite.1	ERX13574594		WGS	RANDOM	GENOMIC	PAIRED	0	0	ILLUMINA	Illumina HiSeq 2500	ERP109496	PRJEB27419		518846	ERS2573613	SAMEA4753514	simple	318829	Pyricularia oryzae	SAMEA4753514							no					UNIVERSITY OF EXETER	ERA31116360		public	A0B2B23C84CED9AF1064F3A55584E1F0	2E65E48DBCC3B3C03924A4CC5ABB89E5
ERR14172142	2025-01-21 23:15:12	2025-02-11 15:51:00	10921935	2169149197	10921935	198	1459		https://sra-downloadb.be-md.ncbi.nlm.nih.gov/sos7/sra-pub-zq-41/ERR014/14172/ERR14172142/ERR14172142.lite.1	ERX13574651		WGS	RANDOM	GENOMIC	PAIRED	0	0	ILLUMINA	Illumina HiSeq 2500	ERP109496	PRJEB27419		518846	ERS2573616	SAMEA4753517	simple	318829	Pyricularia oryzae	SAMEA4753517							no					UNIVERSITY OF EXETER	ERA31116417		public	B1D2A1C15F4C0CCA7CDCFDC9D98181B7	A31141E2BD0B28F9AC1FC7601FB6B21E
ERR14172470	2025-01-21 22:44:24	2025-02-11 12:57:03	13570269	2702102947	13570269	199	1801		https://sra-downloadb.be-md.ncbi.nlm.nih.gov/sos7/sra-pub-zq-41/ERR014/14172/ERR14172470/ERR14172470.lite.1	ERX13574979		WGS	RANDOM	GENOMIC	PAIRED	0	0	ILLUMINA	Illumina HiSeq 2500	ERP109496	PRJEB27419		518846	ERS2573617	SAMEA4753518	simple	318829	Pyricularia oryzae	SAMEA4753518							no					UNIVERSITY OF EXETER	ERA31116471		public	D59BA5972A36789F989FEFD10F0BC828	8BF8ED724BA2438C21200A1C582E7831
ERR14172471	2025-01-21 22:44:24	2025-02-11 12:59:17	7383242	1468239545	7383242	198	971		https://sra-downloadb.be-md.ncbi.nlm.nih.gov/sos7/sra-pub-zq-41/ERR014/14172/ERR14172471/ERR14172471.lite.1	ERX13574980		WGS	RANDOM	GENOMIC	PAIRED	0	0	ILLUMINA	Illumina HiSeq 2500	ERP109496	PRJEB27419		518846	ERS2573618	SAMEA4753519	simple	318829	Pyricularia oryzae	SAMEA4753519							no					UNIVERSITY OF EXETER	ERA31116472		public	C37119380064F802A741F39E23A5A7CE	6345FDFE840086E64C9B2EF6A0A493E8
ERR14172472	2025-01-21 22:44:24	2025-02-11 12:52:46	9348951	1861613759	9348951	199	1230		https://sra-downloadb.be-md.ncbi.nlm.nih.gov/sos7/sra-pub-zq-41/ERR014/14172/ERR14172472/ERR14172472.lite.1	ERX13574981		WGS	RANDOM	GENOMIC	PAIRED	0	0	ILLUMINA	Illumina HiSeq 2500	ERP109496	PRJEB27419		518846	ERS2573619	SAMEA4753520	simple	318829	Pyricularia oryzae	SAMEA4753520							no					UNIVERSITY OF EXETER	ERA31116473		public	2512B998D4619D683D56A4C28DCA7947	E3B4E8B0FD1361BE0EB214A12B03950B
ERR14172950	2025-01-21 23:15:17	2025-02-11 15:53:42	12203153	2423907343	12203153	198	1611		https://sra-downloadb.be-md.ncbi.nlm.nih.gov/sos7/sra-pub-zq-41/ERR014/14172/ERR14172950/ERR14172950.lite.1	ERX13575459		WGS	RANDOM	GENOMIC	PAIRED	0	0	ILLUMINA	Illumina HiSeq 2500	ERP109496	PRJEB27419		518846	ERS2573620	SAMEA4753521	simple	318829	Pyricularia oryzae	SAMEA4753521							no					UNIVERSITY OF EXETER	ERA31116637		public	9062C34D44CA883A1F3A52814C504CB2	202EA47114B10D14EB81635BD1545F9E
ERR14370168	2025-02-13 21:17:15	2025-02-26 00:57:33	11738449	2336192895	11738449	199	1546		https://sra-downloadb.be-md.ncbi.nlm.nih.gov/sos7/sra-pub-zq-41/ERR014/14370/ERR14370168/ERR14370168.lite.1	ERX13771566		WGS	RANDOM	GENOMIC	PAIRED	0	0	ILLUMINA	Illumina HiSeq 2500	ERP109496	PRJEB27419		518846	ERS2573621	SAMEA4753522	simple	318829	Pyricularia oryzae	SAMEA4753522							no					UNIVERSITY OF EXETER	ERA31145181		public	08CC2B6ED0C19A76386E33EBE9D82295	30804635BA32B7FCB1C9141F99351177
ERR14370172	2025-02-13 21:09:11	2025-02-25 09:35:02	9411636	1871940820	9411636	198	1214		https://sra-downloadb.be-md.ncbi.nlm.nih.gov/sos7/sra-pub-zq-41/ERR014/14370/ERR14370172/ERR14370172.lite.1	ERX13771570		WGS	RANDOM	GENOMIC	PAIRED	0	0	ILLUMINA	Illumina HiSeq 2500	ERP109496	PRJEB27419		518846	ERS2573622	SAMEA4753523	simple	318829	Pyricularia oryzae	SAMEA4753523							no					UNIVERSITY OF EXETER	ERA31145185		public	48193BE968A242F057B3E044A33A80EA	2073151B8F06DCABB89AE30E12033A40
ERR14370177	2025-02-13 21:17:15	2025-02-26 00:57:33	10800280	2149960274	10800280	199	1436		https://sra-downloadb.be-md.ncbi.nlm.nih.gov/sos7/sra-pub-zq-41/ERR014/14370/ERR14370177/ERR14370177.lite.1	ERX13771575		WGS	RANDOM	GENOMIC	PAIRED	0	0	ILLUMINA	Illumina HiSeq 2500	ERP109496	PRJEB27419		518846	ERS2573623	SAMEA4753524	simple	318829	Pyricularia oryzae	SAMEA4753524							no					UNIVERSITY OF EXETER	ERA31145190		public	4B7E5A9DFE4C481B4FE68FB0428B1167	F25829DDE290B57C3DF5026105806915
ERR14370181	2025-02-13 21:17:16	2025-02-25 12:26:26	11033010	2196905915	11033010	199	1431		https://sra-downloadb.be-md.ncbi.nlm.nih.gov/sos7/sra-pub-zq-41/ERR014/14370/ERR14370181/ERR14370181.lite.1	ERX13771579		WGS	RANDOM	GENOMIC	PAIRED	0	0	ILLUMINA	Illumina HiSeq 2500	ERP109496	PRJEB27419		518846	ERS2573624	SAMEA4753525	simple	318829	Pyricularia oryzae	SAMEA4753525							no					UNIVERSITY OF EXETER	ERA31145194		public	3EAB56E0751BF14160212D473193B766	84DB41BF9EFC06EDD556597164AB5B14
ERR14370187	2025-02-13 21:09:11	2025-02-25 09:35:06	15494422	3032438508	15494422	195	2058		https://sra-downloadb.be-md.ncbi.nlm.nih.gov/sos7/sra-pub-zq-41/ERR014/14370/ERR14370187/ERR14370187.lite.1	ERX13771585		WGS	RANDOM	GENOMIC	PAIRED	0	0	ILLUMINA	Illumina HiSeq 2500	ERP109496	PRJEB27419		518846	ERS2573625	SAMEA4753526	simple	318829	Pyricularia oryzae	SAMEA4753526							no					UNIVERSITY OF EXETER	ERA31145200		public	9508F3850F62C2EA63CEFD586FFCA80D	DB6485B35C298BA6743A72DDBF11DDCE
ERR14370195	2025-02-13 21:17:16	2025-02-25 12:29:01	18990174	3778310802	18990174	198	2547		https://sra-downloadb.be-md.ncbi.nlm.nih.gov/sos7/sra-pub-zq-41/ERR014/14370/ERR14370195/ERR14370195.lite.1	ERX13771593		WGS	RANDOM	GENOMIC	PAIRED	0	0	ILLUMINA	Illumina HiSeq 2500	ERP109496	PRJEB27419		518846	ERS2573626	SAMEA4753527	simple	318829	Pyricularia oryzae	SAMEA4753527							no					UNIVERSITY OF EXETER	ERA31145208		public	757AAB7C7E2419A3FBFCE87E8D7E6488	4078B98288EBDD90E1F7AA84BF3FAAB3
ERR14126201	2025-01-14 22:37:49	2025-02-17 03:19:15	37787306	9446826500	37787306	250	4793		https://sra-downloadb.be-md.ncbi.nlm.nih.gov/sos7/sra-pub-zq-41/ERR014/14126/ERR14126201/ERR14126201.lite.1	ERX13528858		WGS	RANDOM	GENOMIC	PAIRED	0	0	ILLUMINA	Illumina HiSeq 2500	ERP109496	PRJEB27419		518846	ERS2573627	SAMEA4753528	simple	318829	Pyricularia oryzae	SAMEA4753528							no					UNIVERSITY OF EXETER	ERA31107864		public	8A2DEB7642589DF4460B96B650F2C92E	C9FB14353CD64DD418CD122E789CC1D5
ERR14146278	2025-01-16 22:37:14	2025-02-17 03:13:05	24251108	6062777000	24251108	250	3042		https://sra-downloadb.be-md.ncbi.nlm.nih.gov/sos7/sra-pub-zq-41/ERR014/14146/ERR14146278/ERR14146278.lite.1	ERX13548930		WGS	RANDOM	GENOMIC	PAIRED	0	0	ILLUMINA	Illumina HiSeq 2500	ERP109496	PRJEB27419		518846	ERS2573631	SAMEA4753532	simple	318829	Pyricularia oryzae	SAMEA4753532							no					UNIVERSITY OF EXETER	ERA31109936		public	3CF445772DA53EF3F845077594C40732	FD0D7BA223261EDC180F008045287F36
SRR23567522	2023-06-01 16:59:53	2023-02-21 14:17:57	8104080	2431224000	8104080	300	784		https://sra-downloadb.be-md.ncbi.nlm.nih.gov/sos8/sra-pub-zq-820/SRR023/23567/SRR23567522/SRR23567522.lite.1	SRX19454335	U270	WGS	RANDOM	GENOMIC	PAIRED	0	0	ILLUMINA	Illumina NovaSeq 6000	SRP418845	PRJNA926786		926786	SRS16847005	SAMN32979412	simple	318829	Pyricularia oryzae	U270							no					UNIVERSITY OF KENTUCKY	SRA1593547		public	EEBEE953FC553E99A1712E4ADCF4299B	AC32429B4B017D95E010EDD663701EC0
SRR32558708	2025-12-31 03:12:56	2025-03-03 15:40:32	7116906	2135071800	7116906	300	580		https://sra-downloadb.be-md.ncbi.nlm.nih.gov/sos7/sra-pub-zq-41/SRR032/32558/SRR32558708/SRR32558708.lite.1	SRX27868661	UFVPY183	WGS	RANDOM	GENOMIC	PAIRED	0	0	ILLUMINA	Illumina NovaSeq X	SRP418845	PRJNA926786		926786	SRS24241513	SAMN47202336	simple	318829	Pyricularia oryzae	UFVPY183							no					UNIVERSITY OF KENTUCKY	SRA2087505		public	EEB3A21E7D5FB4CACCAE817754735653	CBCECE801B9F3E0E7FF7C6DE3C14ACA7
SRR32334370	2025-05-01 02:03:40	2025-02-13 15:33:19	7245926	2173777800	7245926	300	583		https://sra-downloadb.be-md.ncbi.nlm.nih.gov/sos8/sra-pub-zq-820/SRR032/32334/SRR32334370/SRR32334370.lite.1	SRX27669303	UFVPY74	WGS	RANDOM	GENOMIC	PAIRED	0	0	ILLUMINA	Illumina NovaSeq 6000	SRP418845	PRJNA926786		926786	SRS24074201	SAMN46817899	simple	318829	Pyricularia oryzae	UFVPY74							no					UNIVERSITY OF KENTUCKY	SRA2077632		public	319C7FDEC1FDA75C52803B53A857291D	5AEB1997C0C48DB5666CF2B2262BCF9B
SRR32520114	2025-07-31 02:41:14	2025-02-27 23:56:47	7465636	2239690800	7465636	300	600		https://sra-downloadb.be-md.ncbi.nlm.nih.gov/sos1/sra-pub-zq-38/SRR032/32520/SRR32520114/SRR32520114.lite.1	SRX27832080	UFVPY94	WGS	RANDOM	GENOMIC	PAIRED	0	0	ILLUMINA	Illumina NovaSeq 6000	SRP418845	PRJNA926786		926786	SRS24207439	SAMN47133007	simple	318829	Pyricularia oryzae	UFVPY94							no					UNIVERSITY OF KENTUCKY	SRA2085875		public	73E2FF8CC91398B1F8FA9AAE2B96884E	1F8DB6CF1BCA84FDD01BCDDFB72FA9AE
SRR32567630	2025-07-31 01:35:13	2025-03-04 14:38:58	7234892	2170467600	7234892	300	580		https://sra-downloadb.be-md.ncbi.nlm.nih.gov/sos1/sra-pub-zq-38/SRR032/32567/SRR32567630/SRR32567630.lite.1	SRX27876981	Bm88312	WGS	RANDOM	GENOMIC	PAIRED	0	0	ILLUMINA	Illumina NovaSeq X	SRP418845	PRJNA926786		926786	SRS24249536	SAMN46924042	simple	318829	Pyricularia oryzae	Bm88312							no					UNIVERSITY OF KENTUCKY	SRA2088026		public	1A2B7DD612D5521E676F7D48785D7A67	3705A5D9352C0F1731221D08E9CF72AB
SRR32537214	2025-12-31 01:52:50	2025-02-28 18:13:32	5981967	1794590100	5981967	300	457		https://sra-downloadb.be-md.ncbi.nlm.nih.gov/sos7/sra-pub-run-38/SRR032/32537/SRR32537214/SRR32537214.1	SRX27848408	Bm88315	WGS	RANDOM	GENOMIC	PAIRED	0	0	ILLUMINA	Illumina NovaSeq 6000	SRP418845	PRJNA926786		926786	SRS24222124	SAMN46818231	simple	318829	Pyricularia oryzae	Bm88315							no					UNIVERSITY OF KENTUCKY	SRA2086485		public	493566501D925BAC80E61E144F34BAD4	3D41C389A8CB72A82705371BDB4DDEF7
SRR32334450	2025-12-31 01:52:50	2025-02-13 15:36:37	8279907	2483972100	8279907	300	653		https://sra-downloadb.be-md.ncbi.nlm.nih.gov/sos7/sra-pub-run-38/SRR032/32334/SRR32334450/SRR32334450.1	SRX27669383	Bm88503	WGS	RANDOM	GENOMIC	PAIRED	0	0	ILLUMINA	Illumina NovaSeq 6000	SRP418845	PRJNA926786		926786	SRS24074276	SAMN46817651	simple	318829	Pyricularia oryzae	Bm88503							no					UNIVERSITY OF KENTUCKY	SRA2077629		public	0F127D53ACC6C7CB2F826A140AA979FF	927FB38C44E713FD059D8B044BFC010A
SRR32338628	2025-07-31 03:40:39	2025-02-13 17:41:33	7692782	2307834600	7692782	300	618		https://sra-downloadb.be-md.ncbi.nlm.nih.gov/sos1/sra-pub-zq-38/SRR032/32338/SRR32338628/SRR32338628.lite.1	SRX27673537	Pd8825	WGS	RANDOM	GENOMIC	PAIRED	0	0	ILLUMINA	Illumina NovaSeq 6000	SRP418845	PRJNA926786		926786	SRS24078108	SAMN46817650	simple	318829	Pyricularia oryzae	Pd8825							no					UNIVERSITY OF KENTUCKY	SRA2077896		public	9FBCF129548DC092349ABADE9885116F	EFDC15F96193F613E831A7E359EABC67
SRR32384506	2025-12-31 01:52:50	2025-02-18 14:37:39	8350973	2505291900	8350973	300	654		https://sra-downloadb.be-md.ncbi.nlm.nih.gov/sos7/sra-pub-zq-41/SRR032/32384/SRR32384506/SRR32384506.lite.1	SRX27716985	Pd8838	WGS	RANDOM	GENOMIC	PAIRED	0	0	ILLUMINA	Illumina NovaSeq 6000	SRP418845	PRJNA926786		926786	SRS24110611	SAMN46817652	simple	318829	Pyricularia oryzae	Pd8838							no					UNIVERSITY OF KENTUCKY	SRA2079529		public	C5BBD6CF8A51EDE41006B6F99928963C	7BA1D60CAD118D0D64EC3C57A6A2181F
SRR32515636	2025-12-31 01:52:50	2025-02-27 14:52:33	7789952	2336985600	7789952	300	618		https://sra-downloadb.be-md.ncbi.nlm.nih.gov/sos7/sra-pub-zq-41/SRR032/32515/SRR32515636/SRR32515636.lite.1	SRX27827892	Pg1108	WGS	RANDOM	GENOMIC	PAIRED	0	0	ILLUMINA	Illumina NovaSeq 6000	SRP418845	PRJNA926786		926786	SRS24203449	SAMN46818191	simple	318829	Pyricularia oryzae	Pg1108							no					UNIVERSITY OF KENTUCKY	SRA2085511		public	6C562822791A1C9BFE3C698EB60F89A9	8E417807CA948FEA9D38D692C9AA1AC2
SRR32384811	2025-12-31 01:52:50	2025-02-18 14:56:59	8293893	2488167900	8293893	300	666		https://sra-downloadb.be-md.ncbi.nlm.nih.gov/sos7/sra-pub-zq-41/SRR032/32384/SRR32384811/SRR32384811.lite.1	SRX27717282	Pr88167	WGS	RANDOM	GENOMIC	PAIRED	0	0	ILLUMINA	Illumina NovaSeq 6000	SRP418845	PRJNA926786		926786	SRS24110764	SAMN46818070	simple	318829	Pyricularia oryzae	Pr88167							no					UNIVERSITY OF KENTUCKY	SRA2079544		public	5151487E9CAD483C66195CD1FB78CFC4	DD202755641297410F02EDD71D40F125
SRR32384812	2025-07-31 03:40:39	2025-02-18 15:04:45	9078004	2723401200	9078004	300	726		https://sra-downloadb.be-md.ncbi.nlm.nih.gov/sos1/sra-pub-zq-38/SRR032/32384/SRR32384812/SRR32384812.lite.1	SRX27717283	Pr88168	WGS	RANDOM	GENOMIC	PAIRED	0	0	ILLUMINA	Illumina NovaSeq 6000	SRP418845	PRJNA926786		926786	SRS24110765	SAMN46817733	simple	318829	Pyricularia oryzae	Pr88168							no					UNIVERSITY OF KENTUCKY	SRA2079545		public	5A286E8F9C0E6C995D2B7D1C45621DFC	9F470711FB550BE0BC8A6A1284431C24
SRR32815023	2025-04-14 13:18:42	2025-03-22 06:36:14	33073453	9922035900	33073453	300	3237		https://sra-downloadb.be-md.ncbi.nlm.nih.gov/sos7/sra-pub-zq-41/SRR032/32815/SRR32815023/SRR32815023.lite.1	SRX28098498	NGS 70-15	WGS	PCR	GENOMIC	PAIRED	0	0	ILLUMINA	Illumina NovaSeq 6000	SRP572294	PRJNA1210831		1210831	SRS24454653	SAMN46257954	simple	318829	Pyricularia oryzae	Magnaporthe oryzae 70-15							no					CHINESE ACADEMY OF SCIENCES	SRA2098277		public	6D569DCB6E6DB3EFA2980E634C84AF73	CBCE46D7182B322854E998E9125CA5A2
SRR23385021	2023-06-01 16:59:53	2023-02-09 15:24:17	9385966	2815789800	9385966	300	983		https://sra-downloadb.be-md.ncbi.nlm.nih.gov/sos8/sra-pub-zq-820/SRR023/23385/SRR23385021/SRR23385021.lite.1	SRX19323316	JA118	WGS	RANDOM	GENOMIC	PAIRED	0	0	ILLUMINA	Illumina NovaSeq 6000	SRP418845	PRJNA926786		926786	SRS16721298	SAMN33023181	simple	318829	Pyricularia oryzae	JA118							no					UNIVERSITY OF KENTUCKY	SRA1587771		public	DFCFEC6E2F2E51C9B3A30C34B03014AD	33C10F173FFECF35A8E7F2595E6EDF6B
SRR23387524	2023-06-01 16:59:53	2023-02-09 19:32:05	8106308	2431892400	8106308	300	855		https://sra-downloadb.be-md.ncbi.nlm.nih.gov/sos8/sra-pub-zq-820/SRR023/23387/SRR23387524/SRR23387524.lite.1	SRX19325326	JA121	WGS	RANDOM	GENOMIC	PAIRED	0	0	ILLUMINA	Illumina NovaSeq 6000	SRP418845	PRJNA926786		926786	SRS16723270	SAMN32979421	simple	318829	Pyricularia oryzae	JA121							no					UNIVERSITY OF KENTUCKY	SRA1587897		public	06E4FDD5AD2E75199448233066B69002	F7A93737231B5CF05F91B6E5EF4115E2
SRR23388169	2023-06-01 16:59:52	2023-02-09 22:47:08	8321846	2496553800	8321846	300	828		https://sra-downloadb.be-md.ncbi.nlm.nih.gov/sos8/sra-pub-zq-820/SRR023/23388/SRR23388169/SRR23388169.lite.1	SRX19325971	T21	WGS	RANDOM	GENOMIC	PAIRED	0	0	ILLUMINA	Illumina NovaSeq 6000	SRP418845	PRJNA926786		926786	SRS16723876	SAMN32979455	simple	318829	Pyricularia oryzae	T21							no					UNIVERSITY OF KENTUCKY	SRA1587965		public	AE59AB260B77BFECD57B1F7110B7DCC2	B6CBFE4B890FEB2B216FB993D79DBD6D
SRR23388381	2023-06-01 16:59:52	2023-02-09 23:54:37	5979809	1793942700	5979809	300	634		https://sra-downloadb.be-md.ncbi.nlm.nih.gov/sos8/sra-pub-zq-820/SRR023/23388/SRR23388381/SRR23388381.lite.1	SRX19326183	JA171	WGS	RANDOM	GENOMIC	PAIRED	0	0	ILLUMINA	Illumina NovaSeq 6000	SRP418845	PRJNA926786		926786	SRS16724079	SAMN33023214	simple	318829	Pyricularia oryzae	JA171							no					UNIVERSITY OF KENTUCKY	SRA1587971		public	16107331024A1D7562719488D7A1B713	E41843DFF33B4F8D1511763A0E1A353B
SRR23388404	2023-06-01 16:59:53	2023-02-10 01:08:17	10709148	3212744400	10709148	300	1044		https://sra-downloadb.be-md.ncbi.nlm.nih.gov/sos8/sra-pub-zq-820/SRR023/23388/SRR23388404/SRR23388404.lite.1	SRX19326206	U276	WGS	RANDOM	GENOMIC	PAIRED	0	0	ILLUMINA	Illumina NovaSeq 6000	SRP418845	PRJNA926786		926786	SRS16724102	SAMN33024728	simple	318829	Pyricularia oryzae	U276							no					UNIVERSITY OF KENTUCKY	SRA1587977		public	8B2CCAD7974D3CD5832022C142866AC5	552855CE47514770DAC05A0012E62AB7
SRR23404000	2023-06-01 16:59:53	2023-02-10 15:08:10	8001710	2400513000	8001710	300	818		https://sra-downloadb.be-md.ncbi.nlm.nih.gov/sos8/sra-pub-zq-820/SRR023/23404/SRR23404000/SRR23404000.lite.1	SRX19333418	JA174	WGS	RANDOM	GENOMIC	PAIRED	0	0	ILLUMINA	Illumina NovaSeq 6000	SRP418845	PRJNA926786		926786	SRS16730304	SAMN33020648	simple	318829	Pyricularia oryzae	JA174							no					UNIVERSITY OF KENTUCKY	SRA1588329		public	10BD3E8000010B25A79D8FEB47B27460	5297D6EAB7894F2E052D3C9DA8C5B65F
SRR23476220	2023-06-01 16:59:53	2023-02-15 14:13:03	8716325	2614897500	8716325	300	877		https://sra-downloadb.be-md.ncbi.nlm.nih.gov/sos8/sra-pub-zq-820/SRR023/23476/SRR23476220/SRR23476220.lite.1	SRX19379221	RN1	WGS	RANDOM	GENOMIC	PAIRED	0	0	ILLUMINA	Illumina NovaSeq 6000	SRP418845	PRJNA926786		926786	SRS16775395	SAMN33023130	simple	318829	Pyricularia oryzae	RN1							no					UNIVERSITY OF KENTUCKY	SRA1590806		public	E348CC5D6E00B3D8FA2A13F95FF8BCB4	46CEF241BCB0FCD2ED98311DCBBDF4DC
SRR23491016	2023-06-01 16:59:52	2023-02-15 23:17:16	13950819	4185245700	13950819	300	1379		https://sra-downloadb.be-md.ncbi.nlm.nih.gov/sos8/sra-pub-zq-820/SRR023/23491/SRR23491016/SRR23491016.lite.1	SRX19384604	JA108	WGS	RANDOM	GENOMIC	PAIRED	0	0	ILLUMINA	Illumina NovaSeq 6000	SRP418845	PRJNA926786		926786	SRS16780472	SAMN33037742	simple	318829	Pyricularia oryzae	JA108							no					UNIVERSITY OF KENTUCKY	SRA1591114		public	0381DA4C041604EE566C810E25D96AC4	7BE72B643FECB84C27795EA3F0301A8B
SRR23498602	2023-06-01 16:59:53	2023-02-16 15:10:44	9772312	2931693600	9772312	300	1024		https://sra-downloadb.be-md.ncbi.nlm.nih.gov/sos8/sra-pub-zq-820/SRR023/23498/SRR23498602/SRR23498602.lite.1	SRX19392018	JA110	WGS	RANDOM	GENOMIC	PAIRED	0	0	ILLUMINA	Illumina NovaSeq 6000	SRP418845	PRJNA926786		926786	SRS16787271	SAMN33023234	simple	318829	Pyricularia oryzae	JA110							no					UNIVERSITY OF KENTUCKY	SRA1591596		public	7ECC32F7B26080A4FFA0DD545FE515D7	57D32956098CBBDB641289A0C6F3DE02
SRR27918216	2024-12-31 02:24:00	2024-02-08 14:54:46	8372423	2511726900	8372423	300	811		https://sra-downloadb.be-md.ncbi.nlm.nih.gov/sos7/sra-pub-zq-41/SRR027/27918/SRR27918216/SRR27918216.lite.1	SRX23576864	UFVPY204	WGS	RANDOM	GENOMIC	PAIRED	0	0	ILLUMINA	Illumina NovaSeq 6000	SRP418845	PRJNA926786		926786	SRS20422112	SAMN39732778	simple	318829	Pyricularia oryzae	UFVPY204							no					UNIVERSITY OF KENTUCKY	SRA1799905		public	829FAED4CB47FE306B55EDD8F4F2EDBF	7F227D3655F0E82DB1F35EA7868D61D5
SRR27918925	2024-12-31 02:24:00	2024-02-08 15:23:50	10956605	3286981500	10956605	300	1101		https://sra-downloadb.be-md.ncbi.nlm.nih.gov/sos7/sra-pub-zq-41/SRR027/27918/SRR27918925/SRR27918925.lite.1	SRX23577563	UFVPY198	WGS	RANDOM	GENOMIC	PAIRED	0	0	ILLUMINA	Illumina NovaSeq 6000	SRP418845	PRJNA926786		926786	SRS20422771	SAMN39732781	simple	318829	Pyricularia oryzae	UFVPY198							no					UNIVERSITY OF KENTUCKY	SRA1799933		public	65D06AD45F2EDDA5A47626EA00B1F850	A710AA5362E19C8CC7FAE52549B0A03F
SRR28533131	2024-12-31 02:24:00	2024-04-02 18:16:01	12360373	3708111900	12360373	300	1213		https://sra-downloadb.be-md.ncbi.nlm.nih.gov/sos7/sra-pub-zq-41/SRR028/28533/SRR28533131/SRR28533131.lite.1	SRX24133616	U248	WGS	RANDOM	GENOMIC	PAIRED	0	0	ILLUMINA	Illumina NovaSeq 6000	SRP418845	PRJNA926786		926786	SRS20918389	SAMN40727758	simple	318829	Pyricularia oryzae	U248							no					UNIVERSITY OF KENTUCKY	SRA1838212		public	67A4C1031A7AA75AF9E0736A4F286D3F	D4B17C1AF581081C493E9EA74C43992D
SRR28533132	2024-12-31 02:24:00	2024-04-02 18:16:43	13528115	4058434500	13528115	300	1337		https://sra-downloadb.be-md.ncbi.nlm.nih.gov/sos7/sra-pub-zq-41/SRR028/28533/SRR28533132/SRR28533132.lite.1	SRX24133617	U249	WGS	RANDOM	GENOMIC	PAIRED	0	0	ILLUMINA	Illumina NovaSeq 6000	SRP418845	PRJNA926786		926786	SRS20918390	SAMN39732779	simple	318829	Pyricularia oryzae	U249							no					UNIVERSITY OF KENTUCKY	SRA1838211		public	3663255A7FA9A91A90E033451BFB6250	1D576A94CF61BC39D9B40EA86F52021F
SRR29065219	2024-12-31 03:23:48	2024-05-17 11:11:25	13246384	3973915200	13246384	300	1300		https://sra-downloadb.be-md.ncbi.nlm.nih.gov/sos7/sra-pub-zq-41/SRR029/29065/SRR29065219/SRR29065219.lite.1	SRX24589756	UFVPY657	WGS	RANDOM	GENOMIC	PAIRED	0	0	ILLUMINA	Illumina NovaSeq 6000	SRP418845	PRJNA926786		926786	SRS21328560	SAMN41434657	simple	318829	Pyricularia oryzae	UFVPY657							no					UNIVERSITY OF KENTUCKY	SRA1868898		public	0F0B4011667287FADD28D80F5976FB62	3698E37E2A4C3ECED3AD33FBFE4A7DE3
ERR12645133	2024-10-01 00:26:32	2024-10-08 12:36:08	8575565	2572669500	8575565	300	837		https://sra-downloadb.be-md.ncbi.nlm.nih.gov/sos13/sra-pub-zq-1307/ERR012/12645/ERR12645133/ERR12645133.lite.1	ERX12019324	lib-CH0997	WGS	unspecified	GENOMIC	PAIRED	0	0	ILLUMINA	Illumina NovaSeq 6000	ERP152470	PRJEB67445		1167095	ERS18096554	SAMEA115173303	simple	318829	Pyricularia oryzae	SAMEA115173303							no					PLANT HEALTH INSTITUTE OF MONTPELLIER	ERA28471129		public	24F451F9A99B9FBD3CAFE28FEDD09D1C	E937B960FA9EE58A0552F20FCC7E84AE
ERR12645135	2024-09-30 21:39:10	2024-10-07 13:38:27	8960072	2688021600	8960072	300	891		https://sra-downloadb.be-md.ncbi.nlm.nih.gov/sos13/sra-pub-zq-1307/ERR012/12645/ERR12645135/ERR12645135.lite.1	ERX12019326	lib-CH0999	WGS	unspecified	GENOMIC	PAIRED	0	0	ILLUMINA	Illumina NovaSeq 6000	ERP152470	PRJEB67445		1167095	ERS18096556	SAMEA115173305	simple	318829	Pyricularia oryzae	SAMEA115173305							no					PLANT HEALTH INSTITUTE OF MONTPELLIER	ERA28471129		public	12B7EF6B4DDA493D1F400E635AC3F8F1	DC2B6731C15AE34062C5EA029C325806
ERR12645136	2024-09-30 21:30:10	2024-10-07 04:06:47	9433474	2830042200	9433474	300	897		https://sra-downloadb.be-md.ncbi.nlm.nih.gov/sos13/sra-pub-zq-1307/ERR012/12645/ERR12645136/ERR12645136.lite.1	ERX12019327	lib-CH1000	WGS	unspecified	GENOMIC	PAIRED	0	0	ILLUMINA	Illumina NovaSeq 6000	ERP152470	PRJEB67445		1167095	ERS18096557	SAMEA115173306	simple	318829	Pyricularia oryzae	SAMEA115173306							no					PLANT HEALTH INSTITUTE OF MONTPELLIER	ERA28471129		public	386C34822DB53B749BACA31F7751FC5B	5D6149195774B115FEC48EC8C52E6681
ERR12645139	2024-09-30 21:50:31	2024-10-07 15:43:36	8852717	2655815100	8852717	300	866		https://sra-downloadb.be-md.ncbi.nlm.nih.gov/sos13/sra-pub-zq-1307/ERR012/12645/ERR12645139/ERR12645139.lite.1	ERX12019330	lib-CH1003	WGS	unspecified	GENOMIC	PAIRED	0	0	ILLUMINA	Illumina NovaSeq 6000	ERP152470	PRJEB67445		1167095	ERS18096560	SAMEA115173309	simple	318829	Pyricularia oryzae	SAMEA115173309							no					PLANT HEALTH INSTITUTE OF MONTPELLIER	ERA28471129		public	41A163E8367AAB1B8D3C61E0DF80294F	E847683F518495D4F9FE382AAB2A339E
ERR12645140	2024-10-01 00:19:30	2024-10-08 12:40:07	17070611	5121183300	17070611	300	1643		https://sra-downloadb.be-md.ncbi.nlm.nih.gov/sos13/sra-pub-zq-1307/ERR012/12645/ERR12645140/ERR12645140.lite.1	ERX12019331	lib-CH1004	WGS	unspecified	GENOMIC	PAIRED	0	0	ILLUMINA	Illumina NovaSeq 6000	ERP152470	PRJEB67445		1167095	ERS18096561	SAMEA115173310	simple	318829	Pyricularia oryzae	SAMEA115173310							no					PLANT HEALTH INSTITUTE OF MONTPELLIER	ERA28471129		public	166C76B5D9472C9B046C6F5E184AAE0D	E28EA24395DEFA5DE5162B9415E2832B
ERR12645144	2024-10-01 00:44:25	2024-10-08 12:36:43	8591297	2577389100	8591297	300	821		https://sra-downloadb.be-md.ncbi.nlm.nih.gov/sos13/sra-pub-zq-1307/ERR012/12645/ERR12645144/ERR12645144.lite.1	ERX12019335	lib-CH1010	WGS	unspecified	GENOMIC	PAIRED	0	0	ILLUMINA	Illumina NovaSeq 6000	ERP152470	PRJEB67445		1167095	ERS18096565	SAMEA115173314	simple	318829	Pyricularia oryzae	SAMEA115173314							no					PLANT HEALTH INSTITUTE OF MONTPELLIER	ERA28471129		public	4FE05B9985D433A4AD1683E09D43AFAA	6011D59975761DA04935295307CA6A75
ERR12645147	2024-09-30 21:50:31	2024-10-08 02:19:33	14526131	4357839300	14526131	300	1380		https://sra-downloadb.be-md.ncbi.nlm.nih.gov/sos13/sra-pub-zq-1307/ERR012/12645/ERR12645147/ERR12645147.lite.1	ERX12019338	lib-CH1018	WGS	unspecified	GENOMIC	PAIRED	0	0	ILLUMINA	Illumina NovaSeq 6000	ERP152470	PRJEB67445		1167095	ERS18096568	SAMEA115173317	simple	318829	Pyricularia oryzae	SAMEA115173317							no					PLANT HEALTH INSTITUTE OF MONTPELLIER	ERA28471129		public	F1F3B266050087341A287CCFD4771F4E	7FB0EAA4CF98562CB045587FDD05FAA8
ERR12645150	2024-09-30 21:39:10	2024-10-07 11:50:16	9322463	2796738900	9322463	300	885		https://sra-downloadb.be-md.ncbi.nlm.nih.gov/sos13/sra-pub-zq-1307/ERR012/12645/ERR12645150/ERR12645150.lite.1	ERX12019341	lib-CH1065	WGS	unspecified	GENOMIC	PAIRED	0	0	ILLUMINA	Illumina NovaSeq 6000	ERP152470	PRJEB67445		1167095	ERS18096571	SAMEA115173320	simple	318829	Pyricularia oryzae	SAMEA115173320							no					PLANT HEALTH INSTITUTE OF MONTPELLIER	ERA28471129		public	A45647166954CE51597310CC516F63E9	F13B179016B569B141453692C5F54D6A
ERR12645153	2024-09-30 21:30:10	2024-10-09 18:08:23	10841255	3252376500	10841255	300	1019		https://sra-downloadb.be-md.ncbi.nlm.nih.gov/sos13/sra-pub-zq-1305/ERR012/12645/ERR12645153/ERR12645153.lite.1	ERX12019344	lib-CH1069	WGS	unspecified	GENOMIC	PAIRED	0	0	ILLUMINA	Illumina NovaSeq 6000	ERP152470	PRJEB67445		1167095	ERS18096573	SAMEA115173322	simple	318829	Pyricularia oryzae	SAMEA115173322							no					PLANT HEALTH INSTITUTE OF MONTPELLIER	ERA28471129		public	6DD648AB867A9C4159C5E1D89C18DA11	C3FCBA2E035C376938ED87E58217A354
ERR12645157	2024-09-30 21:50:31	2024-10-07 19:36:07	9670777	2901233100	9670777	300	923		https://sra-downloadb.be-md.ncbi.nlm.nih.gov/sos13/sra-pub-zq-1307/ERR012/12645/ERR12645157/ERR12645157.lite.1	ERX12019348	lib-CH1072	WGS	unspecified	GENOMIC	PAIRED	0	0	ILLUMINA	Illumina NovaSeq 6000	ERP152470	PRJEB67445		1167095	ERS18096576	SAMEA115173325	simple	318829	Pyricularia oryzae	SAMEA115173325							no					PLANT HEALTH INSTITUTE OF MONTPELLIER	ERA28471129		public	1D1B79978EBB629FF57ACFE33DC4B2F2	ED2A9CB8C6096B3A425AD38895600C4A
ERR12645159	2024-09-30 21:39:11	2024-10-07 11:49:23	2576418	772925400	2576418	300	342		https://sra-downloadb.be-md.ncbi.nlm.nih.gov/sos13/sra-pub-zq-1307/ERR012/12645/ERR12645159/ERR12645159.lite.1	ERX12019350	lib-CH1073-b	WGS	unspecified	GENOMIC	PAIRED	0	0	ILLUMINA	Illumina HiSeq 3000	ERP152470	PRJEB67445		1167095	ERS18096577	SAMEA115173326	simple	318829	Pyricularia oryzae	SAMEA115173326							no					PLANT HEALTH INSTITUTE OF MONTPELLIER	ERA28471129		public	90000FB4C2953BFEDB7EABB1B69940F0	972EB700432E06C81B935E14E14586EA
ERR12645160	2024-09-30 21:30:10	2024-10-07 13:33:28	8553549	2566064700	8553549	300	808		https://sra-downloadb.be-md.ncbi.nlm.nih.gov/sos13/sra-pub-zq-1307/ERR012/12645/ERR12645160/ERR12645160.lite.1	ERX12019351	lib-CH1074	WGS	unspecified	GENOMIC	PAIRED	0	0	ILLUMINA	Illumina NovaSeq 6000	ERP152470	PRJEB67445		1167095	ERS18096578	SAMEA115173327	simple	318829	Pyricularia oryzae	SAMEA115173327							no					PLANT HEALTH INSTITUTE OF MONTPELLIER	ERA28471129		public	8AFA0407AE97DD21FD051702383F8939	111AAF4C52F48C93498C96F1B711B8E6
ERR12645163	2024-10-01 00:00:08	2024-10-08 12:36:45	8767306	2630191800	8767306	300	854		https://sra-downloadb.be-md.ncbi.nlm.nih.gov/sos13/sra-pub-zq-1307/ERR012/12645/ERR12645163/ERR12645163.lite.1	ERX12019354	lib-CH1076	WGS	unspecified	GENOMIC	PAIRED	0	0	ILLUMINA	Illumina NovaSeq 6000	ERP152470	PRJEB67445		1167095	ERS18096580	SAMEA115173329	simple	318829	Pyricularia oryzae	SAMEA115173329							no					PLANT HEALTH INSTITUTE OF MONTPELLIER	ERA28471129		public	A80DED62541155D21713A922BEA79195	B563AC09EF9A28E1E43C09B5ED8F6A5D
ERR12645165	2024-10-01 00:19:30	2024-10-08 12:35:38	3511430	1053429000	3511430	300	449		https://sra-downloadb.be-md.ncbi.nlm.nih.gov/sos13/sra-pub-zq-1307/ERR012/12645/ERR12645165/ERR12645165.lite.1	ERX12019356	lib-CH1080-a	WGS	unspecified	GENOMIC	PAIRED	0	0	ILLUMINA	Illumina HiSeq 3000	ERP152470	PRJEB67445		1167095	ERS18096582	SAMEA115173331	simple	318829	Pyricularia oryzae	SAMEA115173331							no					PLANT HEALTH INSTITUTE OF MONTPELLIER	ERA28471129		public	D94E7D51DFE4EEA66CE224B0AB4329B1	8631F5CB2BB15AC7B31F761A054E8215
ERR12645166	2024-09-30 21:30:10	2024-10-09 18:06:53	2707464	812239200	2707464	300	360		https://sra-downloadb.be-md.ncbi.nlm.nih.gov/sos13/sra-pub-zq-1305/ERR012/12645/ERR12645166/ERR12645166.lite.1	ERX12019357	lib-CH1080-b	WGS	unspecified	GENOMIC	PAIRED	0	0	ILLUMINA	Illumina HiSeq 3000	ERP152470	PRJEB67445		1167095	ERS18096582	SAMEA115173331	simple	318829	Pyricularia oryzae	SAMEA115173331							no					PLANT HEALTH INSTITUTE OF MONTPELLIER	ERA28471129		public	8C3B293968388BE3AB1B9453D999EA80	5FBF8C97AEF31CB07D0B731815E1AAA7
ERR12645167	2024-09-30 21:10:56	2024-10-06 22:07:56	11224014	3367204200	11224014	300	1059		https://sra-downloadb.be-md.ncbi.nlm.nih.gov/sos13/sra-pub-zq-1307/ERR012/12645/ERR12645167/ERR12645167.lite.1	ERX12019358	lib-CH1081	WGS	unspecified	GENOMIC	PAIRED	0	0	ILLUMINA	Illumina NovaSeq 6000	ERP152470	PRJEB67445		1167095	ERS18096583	SAMEA115173332	simple	318829	Pyricularia oryzae	SAMEA115173332							no					PLANT HEALTH INSTITUTE OF MONTPELLIER	ERA28471129		public	0A11E2270031AB84E785E4552F99EE41	5E9587F17240E770DD080A417306A5D2
ERR12645169	2024-09-30 21:30:10	2024-10-07 13:39:22	11474592	3442377600	11474592	300	1095		https://sra-downloadb.be-md.ncbi.nlm.nih.gov/sos13/sra-pub-zq-1307/ERR012/12645/ERR12645169/ERR12645169.lite.1	ERX12019360	lib-CH1084	WGS	unspecified	GENOMIC	PAIRED	0	0	ILLUMINA	Illumina NovaSeq 6000	ERP152470	PRJEB67445		1167095	ERS18096585	SAMEA115173334	simple	318829	Pyricularia oryzae	SAMEA115173334							no					PLANT HEALTH INSTITUTE OF MONTPELLIER	ERA28471129		public	C70CBCDE2724CE34C1A405D1007A214C	72FDCCF4F8D5A9D575D7F141298F8402
ERR12645170	2024-10-01 00:19:30	2024-10-08 12:35:38	2676775	803032500	2676775	300	343		https://sra-downloadb.be-md.ncbi.nlm.nih.gov/sos13/sra-pub-zq-1307/ERR012/12645/ERR12645170/ERR12645170.lite.1	ERX12019361	lib-CH1087-a	WGS	unspecified	GENOMIC	PAIRED	0	0	ILLUMINA	Illumina HiSeq 3000	ERP152470	PRJEB67445		1167095	ERS18096586	SAMEA115173335	simple	318829	Pyricularia oryzae	SAMEA115173335							no					PLANT HEALTH INSTITUTE OF MONTPELLIER	ERA28471129		public	428C0F7E37F91EA1CD29E1C2B1FD5F80	C102B0B342A3E37B192D717BE056CEA6
ERR12645173	2024-09-30 21:39:11	2024-10-09 09:15:00	9855749	2956724700	9855749	300	933		https://sra-downloadb.be-md.ncbi.nlm.nih.gov/sos13/sra-pub-zq-1307/ERR012/12645/ERR12645173/ERR12645173.lite.1	ERX12019364	lib-CH1091	WGS	unspecified	GENOMIC	PAIRED	0	0	ILLUMINA	Illumina NovaSeq 6000	ERP152470	PRJEB67445		1167095	ERS18096588	SAMEA115173337	simple	318829	Pyricularia oryzae	SAMEA115173337							no					PLANT HEALTH INSTITUTE OF MONTPELLIER	ERA28471129		public	F107D0C649C13B248BA354B93A5589C2	66FF6B63626A001E3570FF85AE32089C
ERR12645179	2024-09-30 21:30:10	2024-10-06 23:09:52	5594200	1678260000	5594200	300	745		https://sra-downloadb.be-md.ncbi.nlm.nih.gov/sos13/sra-pub-zq-1307/ERR012/12645/ERR12645179/ERR12645179.lite.1	ERX12019370	lib-CH1095-b	WGS	unspecified	GENOMIC	PAIRED	0	0	ILLUMINA	Illumina HiSeq 3000	ERP152470	PRJEB67445		1167095	ERS18096591	SAMEA115173340	simple	318829	Pyricularia oryzae	SAMEA115173340							no					PLANT HEALTH INSTITUTE OF MONTPELLIER	ERA28471129		public	277F77B6F1D78885C37443FAE07804D4	81E273232E7406794FF4A22DD37C30E8
ERR12645181	2024-10-01 00:19:30	2024-10-08 12:36:35	3404277	1021283100	3404277	300	442		https://sra-downloadb.be-md.ncbi.nlm.nih.gov/sos13/sra-pub-zq-1307/ERR012/12645/ERR12645181/ERR12645181.lite.1	ERX12019372	lib-CH1097-a	WGS	unspecified	GENOMIC	PAIRED	0	0	ILLUMINA	Illumina HiSeq 3000	ERP152470	PRJEB67445		1167095	ERS18096593	SAMEA115173342	simple	318829	Pyricularia oryzae	SAMEA115173342							no					PLANT HEALTH INSTITUTE OF MONTPELLIER	ERA28471129		public	B1ECFABF5C282842D997FBDA2F9699C2	A3EB8E313ECF3C4FF088E54663A8C0D4
ERR12645185	2024-09-30 21:30:10	2024-10-07 04:01:00	2986664	895999200	2986664	300	398		https://sra-downloadb.be-md.ncbi.nlm.nih.gov/sos13/sra-pub-zq-1307/ERR012/12645/ERR12645185/ERR12645185.lite.1	ERX12019376	lib-CH1100-b	WGS	unspecified	GENOMIC	PAIRED	0	0	ILLUMINA	Illumina HiSeq 3000	ERP152470	PRJEB67445		1167095	ERS18096595	SAMEA115173344	simple	318829	Pyricularia oryzae	SAMEA115173344							no					PLANT HEALTH INSTITUTE OF MONTPELLIER	ERA28471129		public	6385117628A18DF3E5645FAE02724A70	C7B47036B1FFD662341E3FFB7EFEB070
ERR12645184	2024-09-30 21:30:10	2024-10-06 23:07:04	4058277	1217483100	4058277	300	521		https://sra-downloadb.be-md.ncbi.nlm.nih.gov/sos13/sra-pub-zq-1307/ERR012/12645/ERR12645184/ERR12645184.lite.1	ERX12019375	lib-CH1100-a	WGS	unspecified	GENOMIC	PAIRED	0	0	ILLUMINA	Illumina HiSeq 3000	ERP152470	PRJEB67445		1167095	ERS18096595	SAMEA115173344	simple	318829	Pyricularia oryzae	SAMEA115173344							no					PLANT HEALTH INSTITUTE OF MONTPELLIER	ERA28471129		public	2432C20A2AEACB9DE820FBA113F6E10B	BF98357BD35B11B5CC9B9AD840DBE4D0
ERR12645188	2024-09-30 21:39:11	2024-10-07 06:16:15	4014110	1204233000	4014110	300	513		https://sra-downloadb.be-md.ncbi.nlm.nih.gov/sos13/sra-pub-zq-1307/ERR012/12645/ERR12645188/ERR12645188.lite.1	ERX12019379	lib-CH1104-a	WGS	unspecified	GENOMIC	PAIRED	0	0	ILLUMINA	Illumina HiSeq 3000	ERP152470	PRJEB67445		1167095	ERS18096597	SAMEA115173346	simple	318829	Pyricularia oryzae	SAMEA115173346							no					PLANT HEALTH INSTITUTE OF MONTPELLIER	ERA28471129		public	ECCB46F80DBFA9488596F1F24B54BCD6	3BEE077AC94329D947A41A35B3057008
ERR12645189	2024-09-30 21:50:31	2024-10-08 02:14:11	3030310	909093000	3030310	300	403		https://sra-downloadb.be-md.ncbi.nlm.nih.gov/sos13/sra-pub-zq-1307/ERR012/12645/ERR12645189/ERR12645189.lite.1	ERX12019380	lib-CH1104-b	WGS	unspecified	GENOMIC	PAIRED	0	0	ILLUMINA	Illumina HiSeq 3000	ERP152470	PRJEB67445		1167095	ERS18096597	SAMEA115173346	simple	318829	Pyricularia oryzae	SAMEA115173346							no					PLANT HEALTH INSTITUTE OF MONTPELLIER	ERA28471129		public	DF7AED78C4CEC74DF6270E514F1258FA	FFEE3722C25F7372C6BCD303D6779F41
ERR12645190	2024-09-30 21:50:31	2024-10-08 02:10:24	10739019	3221705700	10739019	300	1033		https://sra-downloadb.be-md.ncbi.nlm.nih.gov/sos13/sra-pub-zq-1307/ERR012/12645/ERR12645190/ERR12645190.lite.1	ERX12019381	lib-CH1105	WGS	unspecified	GENOMIC	PAIRED	0	0	ILLUMINA	Illumina NovaSeq 6000	ERP152470	PRJEB67445		1167095	ERS18096598	SAMEA115173347	simple	318829	Pyricularia oryzae	SAMEA115173347							no					PLANT HEALTH INSTITUTE OF MONTPELLIER	ERA28471129		public	7E6C9B71D1CC593574089768C7767077	1F64112F1189F78D795F4FE00B7F8B10
ERR12645192	2024-09-30 21:50:31	2024-10-07 19:23:42	4487414	1346224200	4487414	300	598		https://sra-downloadb.be-md.ncbi.nlm.nih.gov/sos13/sra-pub-zq-1307/ERR012/12645/ERR12645192/ERR12645192.lite.1	ERX12019383	lib-CH1106-b	WGS	unspecified	GENOMIC	PAIRED	0	0	ILLUMINA	Illumina HiSeq 3000	ERP152470	PRJEB67445		1167095	ERS18096599	SAMEA115173348	simple	318829	Pyricularia oryzae	SAMEA115173348							no					PLANT HEALTH INSTITUTE OF MONTPELLIER	ERA28471129		public	04D097A00904DE53CB58CDF76C1ADEBE	A8074B159DC9BACD297A5F7D465C9576
ERR12645194	2024-09-30 21:50:31	2024-10-08 02:10:18	5219616	1565884800	5219616	300	695		https://sra-downloadb.be-md.ncbi.nlm.nih.gov/sos13/sra-pub-zq-1307/ERR012/12645/ERR12645194/ERR12645194.lite.1	ERX12019385	lib-CH1110-b	WGS	unspecified	GENOMIC	PAIRED	0	0	ILLUMINA	Illumina HiSeq 3000	ERP152470	PRJEB67445		1167095	ERS18096600	SAMEA115173349	simple	318829	Pyricularia oryzae	SAMEA115173349							no					PLANT HEALTH INSTITUTE OF MONTPELLIER	ERA28471129		public	C8CBE8BDA70EBCCCDC17E03BBA2F345B	4AD5C4F42DD806D7C723E5C09423934D
ERR12645193	2024-09-30 21:59:13	2024-10-07 22:19:28	3334246	1000273800	3334246	300	430		https://sra-downloadb.be-md.ncbi.nlm.nih.gov/sos13/sra-pub-zq-1307/ERR012/12645/ERR12645193/ERR12645193.lite.1	ERX12019384	lib-CH1110-a	WGS	unspecified	GENOMIC	PAIRED	0	0	ILLUMINA	Illumina HiSeq 3000	ERP152470	PRJEB67445		1167095	ERS18096600	SAMEA115173349	simple	318829	Pyricularia oryzae	SAMEA115173349							no					PLANT HEALTH INSTITUTE OF MONTPELLIER	ERA28471129		public	CE7F579C73E96614AF44DFB7B0EC52FC	E516362530B269BFACDE8EEB17AA1067
ERR12645195	2024-10-01 00:26:32	2024-10-08 12:39:02	14109678	4232903400	14109678	300	1335		https://sra-downloadb.be-md.ncbi.nlm.nih.gov/sos13/sra-pub-zq-1307/ERR012/12645/ERR12645195/ERR12645195.lite.1	ERX12019386	lib-CH1111	WGS	unspecified	GENOMIC	PAIRED	0	0	ILLUMINA	Illumina NovaSeq 6000	ERP152470	PRJEB67445		1167095	ERS18096601	SAMEA115173350	simple	318829	Pyricularia oryzae	SAMEA115173350							no					PLANT HEALTH INSTITUTE OF MONTPELLIER	ERA28471129		public	31CD80B1C2BA01992B23EC1CE3F647F0	F0B6C6D327F85E25B046D6F8D95BAAD0
ERR12645199	2024-09-30 21:30:11	2024-10-07 04:02:39	11815443	3544632900	11815443	300	1109		https://sra-downloadb.be-md.ncbi.nlm.nih.gov/sos13/sra-pub-zq-1307/ERR012/12645/ERR12645199/ERR12645199.lite.1	ERX12019390	lib-CH1119	WGS	unspecified	GENOMIC	PAIRED	0	0	ILLUMINA	Illumina NovaSeq 6000	ERP152470	PRJEB67445		1167095	ERS18096605	SAMEA115173354	simple	318829	Pyricularia oryzae	SAMEA115173354							no					PLANT HEALTH INSTITUTE OF MONTPELLIER	ERA28471129		public	23B1577195FCDB63D70E22408332B02F	EAE226BBD5753FE2FE0926837291AAF0
ERR12645201	2024-10-01 00:00:08	2024-10-08 12:36:30	9451115	2835334500	9451115	300	886		https://sra-downloadb.be-md.ncbi.nlm.nih.gov/sos13/sra-pub-zq-1307/ERR012/12645/ERR12645201/ERR12645201.lite.1	ERX12019392	lib-CH1121	WGS	unspecified	GENOMIC	PAIRED	0	0	ILLUMINA	Illumina NovaSeq 6000	ERP152470	PRJEB67445		1167095	ERS18096607	SAMEA115173356	simple	318829	Pyricularia oryzae	SAMEA115173356							no					PLANT HEALTH INSTITUTE OF MONTPELLIER	ERA28471129		public	748E2077E475D2CAD408CD51A94FFC77	FB5339279E3A705BAD87F7858484E279
ERR12645202	2024-09-30 21:39:11	2024-10-07 13:38:01	9396775	2819032500	9396775	300	894		https://sra-downloadb.be-md.ncbi.nlm.nih.gov/sos13/sra-pub-zq-1307/ERR012/12645/ERR12645202/ERR12645202.lite.1	ERX12019393	lib-CH1122	WGS	unspecified	GENOMIC	PAIRED	0	0	ILLUMINA	Illumina NovaSeq 6000	ERP152470	PRJEB67445		1167095	ERS18096608	SAMEA115173357	simple	318829	Pyricularia oryzae	SAMEA115173357							no					PLANT HEALTH INSTITUTE OF MONTPELLIER	ERA28471129		public	B1CA9562BD3BC02EF93B6C7451E4A700	372D074E322D93F10B6007E975760531
ERR12645203	2024-10-01 00:26:32	2024-10-08 12:35:47	3624760	1087428000	3624760	300	468		https://sra-downloadb.be-md.ncbi.nlm.nih.gov/sos13/sra-pub-zq-1307/ERR012/12645/ERR12645203/ERR12645203.lite.1	ERX12019394	lib-CH1123-a	WGS	unspecified	GENOMIC	PAIRED	0	0	ILLUMINA	Illumina HiSeq 3000	ERP152470	PRJEB67445		1167095	ERS18096609	SAMEA115173358	simple	318829	Pyricularia oryzae	SAMEA115173358							no					PLANT HEALTH INSTITUTE OF MONTPELLIER	ERA28471129		public	8554DF2395599B34D85C3F0C3973213E	950AC302EE2E71D68DEB7D23330D74EB
ERR12645205	2024-10-01 00:19:30	2024-10-08 12:35:48	3752435	1125730500	3752435	300	487		https://sra-downloadb.be-md.ncbi.nlm.nih.gov/sos13/sra-pub-zq-1307/ERR012/12645/ERR12645205/ERR12645205.lite.1	ERX12019396	lib-CH1124-a	WGS	unspecified	GENOMIC	PAIRED	0	0	ILLUMINA	Illumina HiSeq 3000	ERP152470	PRJEB67445		1167095	ERS18096610	SAMEA115173359	simple	318829	Pyricularia oryzae	SAMEA115173359							no					PLANT HEALTH INSTITUTE OF MONTPELLIER	ERA28471129		public	F6975081BF346F076BA9A3E78C9F0BA9	5DE8D67A94FB8F6665AD826935F0DD79
ERR12645209	2024-09-30 21:30:11	2024-10-07 13:34:21	3405067	1021520100	3405067	300	440		https://sra-downloadb.be-md.ncbi.nlm.nih.gov/sos13/sra-pub-zq-1307/ERR012/12645/ERR12645209/ERR12645209.lite.1	ERX12019400	lib-CH1126-a	WGS	unspecified	GENOMIC	PAIRED	0	0	ILLUMINA	Illumina HiSeq 3000	ERP152470	PRJEB67445		1167095	ERS18096612	SAMEA115173361	simple	318829	Pyricularia oryzae	SAMEA115173361							no					PLANT HEALTH INSTITUTE OF MONTPELLIER	ERA28471129		public	0BA1DF32EC3AC6762C8F273C66B9E0AB	CD3438924C6BA042885CF9D1B288A523
ERR12645212	2024-09-30 21:50:32	2024-10-07 19:25:32	14252298	4275689400	14252298	300	1371		https://sra-downloadb.be-md.ncbi.nlm.nih.gov/sos13/sra-pub-zq-1307/ERR012/12645/ERR12645212/ERR12645212.lite.1	ERX12019403	lib-CH1130	WGS	unspecified	GENOMIC	PAIRED	0	0	ILLUMINA	Illumina NovaSeq 6000	ERP152470	PRJEB67445		1167095	ERS18096614	SAMEA115173363	simple	318829	Pyricularia oryzae	SAMEA115173363							no					PLANT HEALTH INSTITUTE OF MONTPELLIER	ERA28471129		public	CDD504FE1717C44090392EA52DB04FBE	1683D508B5472BA7BB1C85182712B1E3
ERR12645213	2024-09-30 21:39:11	2024-10-07 11:52:01	8116171	2434851300	8116171	300	769		https://sra-downloadb.be-md.ncbi.nlm.nih.gov/sos13/sra-pub-zq-1307/ERR012/12645/ERR12645213/ERR12645213.lite.1	ERX12019404	lib-CH1133	WGS	unspecified	GENOMIC	PAIRED	0	0	ILLUMINA	Illumina NovaSeq 6000	ERP152470	PRJEB67445		1167095	ERS18096615	SAMEA115173364	simple	318829	Pyricularia oryzae	SAMEA115173364							no					PLANT HEALTH INSTITUTE OF MONTPELLIER	ERA28471129		public	AEE5813E48C2B9CE974962093BEBAAE3	A48AC3E0AC6589059004A0D71D755139
ERR12645216	2024-09-30 21:39:11	2024-10-07 06:16:15	3578572	1073571600	3578572	300	458		https://sra-downloadb.be-md.ncbi.nlm.nih.gov/sos13/sra-pub-zq-1307/ERR012/12645/ERR12645216/ERR12645216.lite.1	ERX12019407	lib-CH1138-a	WGS	unspecified	GENOMIC	PAIRED	0	0	ILLUMINA	Illumina HiSeq 3000	ERP152470	PRJEB67445		1167095	ERS18096617	SAMEA115173366	simple	318829	Pyricularia oryzae	SAMEA115173366							no					PLANT HEALTH INSTITUTE OF MONTPELLIER	ERA28471129		public	56CA260036884DD14FD13937F6F8480F	AE412AD167E88B1650382CEF1AD0680A
ERR12645218	2024-09-30 21:50:32	2024-10-08 02:11:52	3582856	1074856800	3582856	300	454		https://sra-downloadb.be-md.ncbi.nlm.nih.gov/sos13/sra-pub-zq-1307/ERR012/12645/ERR12645218/ERR12645218.lite.1	ERX12019409	lib-CH1140-a	WGS	unspecified	GENOMIC	PAIRED	0	0	ILLUMINA	Illumina HiSeq 3000	ERP152470	PRJEB67445		1167095	ERS18096618	SAMEA115173367	simple	318829	Pyricularia oryzae	SAMEA115173367							no					PLANT HEALTH INSTITUTE OF MONTPELLIER	ERA28471129		public	CB24D429D5F766175E0A78A21D456C06	BB7CBB19ACBFCCA1CFA632208A6F4032
ERR12645220	2024-09-30 21:50:32	2024-10-07 19:44:08	12586338	3775901400	12586338	300	1241		https://sra-downloadb.be-md.ncbi.nlm.nih.gov/sos13/sra-pub-zq-1307/ERR012/12645/ERR12645220/ERR12645220.lite.1	ERX12019411	lib-CH1142	WGS	unspecified	GENOMIC	PAIRED	0	0	ILLUMINA	Illumina NovaSeq 6000	ERP152470	PRJEB67445		1167095	ERS18096619	SAMEA115173368	simple	318829	Pyricularia oryzae	SAMEA115173368							no					PLANT HEALTH INSTITUTE OF MONTPELLIER	ERA28471129		public	DB860B520716A72739B2EC7CF10CA8EB	CB7E5129FA9B51367819451951B022BE
ERR12645222	2024-09-30 21:59:13	2024-10-08 03:16:20	2686085	805825500	2686085	300	357		https://sra-downloadb.be-md.ncbi.nlm.nih.gov/sos13/sra-pub-zq-1307/ERR012/12645/ERR12645222/ERR12645222.lite.1	ERX12019413	lib-CH1143-b	WGS	unspecified	GENOMIC	PAIRED	0	0	ILLUMINA	Illumina HiSeq 3000	ERP152470	PRJEB67445		1167095	ERS18096620	SAMEA115173369	simple	318829	Pyricularia oryzae	SAMEA115173369							no					PLANT HEALTH INSTITUTE OF MONTPELLIER	ERA28471129		public	843B4961650BD8F467A1BE3BC0FF4117	2AAB3641F65D1726772E3CEDA5ECA963
ERR12645221	2024-10-01 00:26:32	2024-10-08 12:36:06	3547414	1064224200	3547414	300	455		https://sra-downloadb.be-md.ncbi.nlm.nih.gov/sos13/sra-pub-zq-1307/ERR012/12645/ERR12645221/ERR12645221.lite.1	ERX12019412	lib-CH1143-a	WGS	unspecified	GENOMIC	PAIRED	0	0	ILLUMINA	Illumina HiSeq 3000	ERP152470	PRJEB67445		1167095	ERS18096620	SAMEA115173369	simple	318829	Pyricularia oryzae	SAMEA115173369							no					PLANT HEALTH INSTITUTE OF MONTPELLIER	ERA28471129		public	5AF1D94FB9C95333B60A6D83384623E4	BCB3EC78D557133BDFA21429924803BC
ERR12645224	2024-09-30 21:39:11	2024-10-07 13:34:31	2479793	743937900	2479793	300	333		https://sra-downloadb.be-md.ncbi.nlm.nih.gov/sos13/sra-pub-zq-1307/ERR012/12645/ERR12645224/ERR12645224.lite.1	ERX12019415	lib-CH1144-b	WGS	unspecified	GENOMIC	PAIRED	0	0	ILLUMINA	Illumina HiSeq 3000	ERP152470	PRJEB67445		1167095	ERS18096621	SAMEA115173370	simple	318829	Pyricularia oryzae	SAMEA115173370							no					PLANT HEALTH INSTITUTE OF MONTPELLIER	ERA28471129		public	93BB111D92100153F1ABAE790B19413E	8494B45ACFA0597B143C85FF84247686
ERR12645225	2024-09-30 21:19:19	2024-10-09 18:05:45	14836397	4450919100	14836397	300	1443		https://sra-downloadb.be-md.ncbi.nlm.nih.gov/sos13/sra-pub-zq-1305/ERR012/12645/ERR12645225/ERR12645225.lite.1	ERX12019416	lib-CH1146	WGS	unspecified	GENOMIC	PAIRED	0	0	ILLUMINA	Illumina NovaSeq 6000	ERP152470	PRJEB67445		1167095	ERS18096622	SAMEA115173371	simple	318829	Pyricularia oryzae	SAMEA115173371							no					PLANT HEALTH INSTITUTE OF MONTPELLIER	ERA28471129		public	CCF105C167A32E92B59369961B25369D	0D885133259E65644ECE5ED4F2E3AB3C
ERR12645227	2024-10-01 00:19:30	2024-10-08 12:35:40	2371896	711568800	2371896	300	304		https://sra-downloadb.be-md.ncbi.nlm.nih.gov/sos13/sra-pub-zq-1307/ERR012/12645/ERR12645227/ERR12645227.lite.1	ERX12019418	lib-CH1151-a	WGS	unspecified	GENOMIC	PAIRED	0	0	ILLUMINA	Illumina HiSeq 3000	ERP152470	PRJEB67445		1167095	ERS18096624	SAMEA115173373	simple	318829	Pyricularia oryzae	SAMEA115173373							no					PLANT HEALTH INSTITUTE OF MONTPELLIER	ERA28471129		public	85F9D075654A103F3DB1EC7CFFB6E21D	4B46F3E14B56D7A9C4EB012986764097
ERR12645229	2024-09-30 21:39:11	2024-10-08 02:10:26	15630360	4689108000	15630360	300	1506		https://sra-downloadb.be-md.ncbi.nlm.nih.gov/sos13/sra-pub-zq-1307/ERR012/12645/ERR12645229/ERR12645229.lite.1	ERX12019420	lib-CH1152	WGS	unspecified	GENOMIC	PAIRED	0	0	ILLUMINA	Illumina NovaSeq 6000	ERP152470	PRJEB67445		1167095	ERS18096625	SAMEA115173374	simple	318829	Pyricularia oryzae	SAMEA115173374							no					PLANT HEALTH INSTITUTE OF MONTPELLIER	ERA28471129		public	A405757F346FD73550DF9D2228742662	26CBF52BBE745FD9E46FC4FDA4242380
ERR12645231	2024-09-30 21:50:32	2024-10-08 02:08:33	2710834	813250200	2710834	300	357		https://sra-downloadb.be-md.ncbi.nlm.nih.gov/sos13/sra-pub-zq-1307/ERR012/12645/ERR12645231/ERR12645231.lite.1	ERX12019422	lib-CH1153-b	WGS	unspecified	GENOMIC	PAIRED	0	0	ILLUMINA	Illumina HiSeq 3000	ERP152470	PRJEB67445		1167095	ERS18096626	SAMEA115173375	simple	318829	Pyricularia oryzae	SAMEA115173375							no					PLANT HEALTH INSTITUTE OF MONTPELLIER	ERA28471129		public	161234E14C7A20E1F5E6B9145AE279F4	07DD90734DE73B18194A8E8FDC8B2EAB
ERR12645230	2024-09-30 21:39:11	2024-10-08 02:05:18	3642595	1092778500	3642595	300	463		https://sra-downloadb.be-md.ncbi.nlm.nih.gov/sos13/sra-pub-zq-1307/ERR012/12645/ERR12645230/ERR12645230.lite.1	ERX12019421	lib-CH1153-a	WGS	unspecified	GENOMIC	PAIRED	0	0	ILLUMINA	Illumina HiSeq 3000	ERP152470	PRJEB67445		1167095	ERS18096626	SAMEA115173375	simple	318829	Pyricularia oryzae	SAMEA115173375							no					PLANT HEALTH INSTITUTE OF MONTPELLIER	ERA28471129		public	1E102425C499D7D844B336B9998214D7	76D437663ACEB8DCE2209DF15FC7E3DB
ERR12645232	2024-10-01 00:54:00	2024-10-08 12:36:03	3456292	1036887600	3456292	300	450		https://sra-downloadb.be-md.ncbi.nlm.nih.gov/sos13/sra-pub-zq-1307/ERR012/12645/ERR12645232/ERR12645232.lite.1	ERX12019423	lib-CH1158-a	WGS	unspecified	GENOMIC	PAIRED	0	0	ILLUMINA	Illumina HiSeq 3000	ERP152470	PRJEB67445		1167095	ERS18096627	SAMEA115173376	simple	318829	Pyricularia oryzae	SAMEA115173376							no					PLANT HEALTH INSTITUTE OF MONTPELLIER	ERA28471129		public	F57110F13B2DA829BCF279EE0ABB333F	B10229270AA61FB1D6D88C1E4AF80E8A
ERR12645235	2024-09-30 21:59:13	2024-10-08 01:05:29	2511988	753596400	2511988	300	356		https://sra-downloadb.be-md.ncbi.nlm.nih.gov/sos13/sra-pub-zq-1307/ERR012/12645/ERR12645235/ERR12645235.lite.1	ERX12019426	lib-CH1166-b	WGS	unspecified	GENOMIC	PAIRED	0	0	ILLUMINA	Illumina HiSeq 3000	ERP152470	PRJEB67445		1167095	ERS18096628	SAMEA115173377	simple	318829	Pyricularia oryzae	SAMEA115173377							no					PLANT HEALTH INSTITUTE OF MONTPELLIER	ERA28471129		public	4D7CAA70F58E77692F0567B61F868056	07A8CDE0F71CD8A1A7375B42F88E4DC6
ERR12645234	2024-09-30 21:30:11	2024-10-09 18:04:48	3294365	988309500	3294365	300	447		https://sra-downloadb.be-md.ncbi.nlm.nih.gov/sos13/sra-pub-zq-1305/ERR012/12645/ERR12645234/ERR12645234.lite.1	ERX12019425	lib-CH1166-a	WGS	unspecified	GENOMIC	PAIRED	0	0	ILLUMINA	Illumina HiSeq 3000	ERP152470	PRJEB67445		1167095	ERS18096628	SAMEA115173377	simple	318829	Pyricularia oryzae	SAMEA115173377							no					PLANT HEALTH INSTITUTE OF MONTPELLIER	ERA28471129		public	A75D3705E2C83600CECDD4B1BC64ED72	4836F83FDC87E1A55B10600967F571C5
SRR27892087	2024-12-31 02:24:01	2024-02-06 15:51:44	14248477	4274543100	14248477	300	1391		https://sra-downloadb.be-md.ncbi.nlm.nih.gov/sos7/sra-pub-zq-41/SRR027/27892/SRR27892087/SRR27892087.lite.1	SRX23552592	U247	WGS	RANDOM	GENOMIC	PAIRED	0	0	ILLUMINA	Illumina NovaSeq 6000	SRP418845	PRJNA926786		926786	SRS20399686	SAMN39733236	simple	318829	Pyricularia oryzae	U247							no					UNIVERSITY OF KENTUCKY	SRA1798766		public	3F0881C370F9E3FDDFF8FA670F53F7DC	97F03D02F54EE0F438D2A49834B992EF
SRR27893664	2025-03-31 00:20:39	2024-02-06 17:04:39	8967577	2690273100	8967577	300	882		https://sra-downloadb.be-md.ncbi.nlm.nih.gov/sos7/sra-pub-zq-41/SRR027/27893/SRR27893664/SRR27893664.lite.1	SRX23554131	UFVPY113	WGS	RANDOM	GENOMIC	PAIRED	0	0	ILLUMINA	Illumina NovaSeq 6000	SRP418845	PRJNA926786		926786	SRS20401178	SAMN39732780	simple	318829	Pyricularia oryzae	UFVPY113							no					UNIVERSITY OF KENTUCKY	SRA1798741		public	CD97B8E9CE99573D83F882D47460308D	3E7E6EE69D22AAF1D77E2284F1FC52CB
SRR27893665	2025-08-13 10:28:07	2024-02-06 17:05:04	11609269	3482780700	11609269	300	1213		https://sra-downloadb.be-md.ncbi.nlm.nih.gov/sos1/sra-pub-zq-38/SRR027/27893/SRR27893665/SRR27893665.lite.1	SRX23554132	UFVPY166	WGS	RANDOM	GENOMIC	PAIRED	0	0	ILLUMINA	Illumina NovaSeq 6000	SRP418845	PRJNA926786		926786	SRS20401179	SAMN39732776	simple	318829	Pyricularia oryzae	UFVPY166							no					UNIVERSITY OF KENTUCKY	SRA1798735		public	E8C086873516A821237A58EF0E9B8353	168F9C510C17F09CBB81AC51CD894B47
SRR27893520	2024-12-31 02:24:01	2024-02-06 17:55:46	14590674	4377202200	14590674	300	1436		https://sra-downloadb.be-md.ncbi.nlm.nih.gov/sos7/sra-pub-zq-41/SRR027/27893/SRR27893520/SRR27893520.lite.1	SRX23553999	UFVPY184	WGS	RANDOM	GENOMIC	PAIRED	0	0	ILLUMINA	Illumina NovaSeq 6000	SRP418845	PRJNA926786		926786	SRS20401080	SAMN39732785	simple	318829	Pyricularia oryzae	UFVPY184							no					UNIVERSITY OF KENTUCKY	SRA1798823		public	911AF4811BFB405D839037CA041B7370	600553EEA813E881B51AF1E44BA5E8EB
SRR27891905	2024-12-31 02:24:01	2024-02-06 15:25:25	11200474	3360142200	11200474	300	1076		https://sra-downloadb.be-md.ncbi.nlm.nih.gov/sos7/sra-pub-zq-41/SRR027/27891/SRR27891905/SRR27891905.lite.1	SRX23552410	UFVPY202	WGS	RANDOM	GENOMIC	PAIRED	0	0	ILLUMINA	Illumina NovaSeq 6000	SRP418845	PRJNA926786		926786	SRS20399511	SAMN39732782	simple	318829	Pyricularia oryzae	UFVPY202							no					UNIVERSITY OF KENTUCKY	SRA1798753		public	5273267BCA59B19AC825DA98C2B56DFD	C1216A890A9C8F68D141DCFCC6F7B8D4
SRR27891917	2024-12-31 02:24:01	2024-02-06 15:51:12	8507395	2552218500	8507395	300	816		https://sra-downloadb.be-md.ncbi.nlm.nih.gov/sos7/sra-pub-zq-41/SRR027/27891/SRR27891917/SRR27891917.lite.1	SRX23552422	UFVPY218	WGS	RANDOM	GENOMIC	PAIRED	0	0	ILLUMINA	Illumina NovaSeq 6000	SRP418845	PRJNA926786		926786	SRS20399516	SAMN39732774	simple	318829	Pyricularia oryzae	UFVPY218							no					UNIVERSITY OF KENTUCKY	SRA1798756		public	696F3CA8EFCF6C6AD83CEDC4988FF2CE	A47684C6D2A6E67AC95D9CC1E0CB5DC1
SRR27893663	2025-03-31 00:20:39	2024-02-06 17:01:30	10523409	3157022700	10523409	300	1059		https://sra-downloadb.be-md.ncbi.nlm.nih.gov/sos7/sra-pub-zq-41/SRR027/27893/SRR27893663/SRR27893663.lite.1	SRX23554130	UFVPY231	WGS	RANDOM	GENOMIC	PAIRED	0	0	ILLUMINA	Illumina NovaSeq 6000	SRP418845	PRJNA926786		926786	SRS20401177	SAMN39732784	simple	318829	Pyricularia oryzae	UFVPY231							no					UNIVERSITY OF KENTUCKY	SRA1798752		public	9D2D4EBE76ECBDD6445443CC7B5A9DE1	A8D2EE38B82E03DB63DDF2F65B4E919A
SRR27892088	2025-03-31 00:20:39	2024-02-06 15:50:55	11119149	3335744700	11119149	300	1094		https://sra-downloadb.be-md.ncbi.nlm.nih.gov/sos7/sra-pub-zq-41/SRR027/27892/SRR27892088/SRR27892088.lite.1	SRX23552593	UFVPY63	WGS	RANDOM	GENOMIC	PAIRED	0	0	ILLUMINA	Illumina NovaSeq 6000	SRP418845	PRJNA926786		926786	SRS20399687	SAMN39732775	simple	318829	Pyricularia oryzae	UFVPY63							no					UNIVERSITY OF KENTUCKY	SRA1798767		public	13C1A4D5A9E1BD6D4443C19B21A3DD57	E3C6C92E8535CD3AD662E96C10A9762E
ERR12645134	2024-09-30 21:39:10	2024-10-07 06:21:34	12446133	3733839900	12446133	300	1211		https://sra-downloadb.be-md.ncbi.nlm.nih.gov/sos13/sra-pub-zq-1307/ERR012/12645/ERR12645134/ERR12645134.lite.1	ERX12019325	lib-CH0998	WGS	unspecified	GENOMIC	PAIRED	0	0	ILLUMINA	Illumina NovaSeq 6000	ERP152470	PRJEB67445		1167095	ERS18096555	SAMEA115173304	simple	318829	Pyricularia oryzae	SAMEA115173304							no					PLANT HEALTH INSTITUTE OF MONTPELLIER	ERA28471129		public	12DFDE1141E5CFDE0740BC027E108351	AB182E4BC9199421BDBDCF4A6EBB91F5
ERR12645137	2024-09-30 21:39:10	2024-10-07 11:52:44	10855856	3256756800	10855856	300	1035		https://sra-downloadb.be-md.ncbi.nlm.nih.gov/sos13/sra-pub-zq-1307/ERR012/12645/ERR12645137/ERR12645137.lite.1	ERX12019328	lib-CH1001	WGS	unspecified	GENOMIC	PAIRED	0	0	ILLUMINA	Illumina NovaSeq 6000	ERP152470	PRJEB67445		1167095	ERS18096558	SAMEA115173307	simple	318829	Pyricularia oryzae	SAMEA115173307							no					PLANT HEALTH INSTITUTE OF MONTPELLIER	ERA28471129		public	B90457231D3EE97C197FEF2DD30B5658	8AC821139EA3062CD47B33473EA32FEE
ERR12645138	2024-09-30 21:50:31	2024-10-08 02:19:33	15937493	4781247900	15937493	300	1539		https://sra-downloadb.be-md.ncbi.nlm.nih.gov/sos13/sra-pub-zq-1307/ERR012/12645/ERR12645138/ERR12645138.lite.1	ERX12019329	lib-CH1002	WGS	unspecified	GENOMIC	PAIRED	0	0	ILLUMINA	Illumina NovaSeq 6000	ERP152470	PRJEB67445		1167095	ERS18096559	SAMEA115173308	simple	318829	Pyricularia oryzae	SAMEA115173308							no					PLANT HEALTH INSTITUTE OF MONTPELLIER	ERA28471129		public	A986FC3C33C7ECAACA9E8584CB00CF4C	8BFC8A4DF2ABB0A964FAFBEB57868AA9
ERR12645141	2024-09-30 21:50:31	2024-10-09 09:17:13	14076869	4223060700	14076869	300	1361		https://sra-downloadb.be-md.ncbi.nlm.nih.gov/sos13/sra-pub-zq-1307/ERR012/12645/ERR12645141/ERR12645141.lite.1	ERX12019332	lib-CH1005	WGS	unspecified	GENOMIC	PAIRED	0	0	ILLUMINA	Illumina NovaSeq 6000	ERP152470	PRJEB67445		1167095	ERS18096562	SAMEA115173311	simple	318829	Pyricularia oryzae	SAMEA115173311							no					PLANT HEALTH INSTITUTE OF MONTPELLIER	ERA28471129		public	2FCAFF63A02BFE2A379ABBEE6B094912	CD00352C07A7B121AF1FA4761FB683A6
ERR12645142	2024-09-30 21:10:56	2024-10-09 06:57:41	13806299	4141889700	13806299	300	1337		https://sra-downloadb.be-md.ncbi.nlm.nih.gov/sos13/sra-pub-zq-1307/ERR012/12645/ERR12645142/ERR12645142.lite.1	ERX12019333	lib-CH1008	WGS	unspecified	GENOMIC	PAIRED	0	0	ILLUMINA	Illumina NovaSeq 6000	ERP152470	PRJEB67445		1167095	ERS18096563	SAMEA115173312	simple	318829	Pyricularia oryzae	SAMEA115173312							no					PLANT HEALTH INSTITUTE OF MONTPELLIER	ERA28471129		public	3BD952DBABE5ECA2BC65771D0C5517B0	6EF87C607DD5CCAEB4BE1951BCE41101
ERR12645143	2024-09-30 21:39:10	2024-10-08 02:10:11	12955124	3886537200	12955124	300	1248		https://sra-downloadb.be-md.ncbi.nlm.nih.gov/sos13/sra-pub-zq-1307/ERR012/12645/ERR12645143/ERR12645143.lite.1	ERX12019334	lib-CH1009	WGS	unspecified	GENOMIC	PAIRED	0	0	ILLUMINA	Illumina NovaSeq 6000	ERP152470	PRJEB67445		1167095	ERS18096564	SAMEA115173313	simple	318829	Pyricularia oryzae	SAMEA115173313							no					PLANT HEALTH INSTITUTE OF MONTPELLIER	ERA28471129		public	90D2A73534534C901EA3FE159AF5372F	D6A5E4CF49ED1B4BAB2C4A39B7160033
ERR12645145	2024-09-30 21:50:31	2024-10-07 19:25:48	16193812	4858143600	16193812	300	1555		https://sra-downloadb.be-md.ncbi.nlm.nih.gov/sos13/sra-pub-zq-1307/ERR012/12645/ERR12645145/ERR12645145.lite.1	ERX12019336	lib-CH1014	WGS	unspecified	GENOMIC	PAIRED	0	0	ILLUMINA	Illumina NovaSeq 6000	ERP152470	PRJEB67445		1167095	ERS18096566	SAMEA115173315	simple	318829	Pyricularia oryzae	SAMEA115173315							no					PLANT HEALTH INSTITUTE OF MONTPELLIER	ERA28471129		public	CDAE1001EB7C036A02087EFB9826BE1F	8F92259B32DFC61E76F5A56D321E8916
ERR12645146	2024-09-30 21:30:10	2024-10-07 13:36:06	11842455	3552736500	11842455	300	1124		https://sra-downloadb.be-md.ncbi.nlm.nih.gov/sos13/sra-pub-zq-1307/ERR012/12645/ERR12645146/ERR12645146.lite.1	ERX12019337	lib-CH1017	WGS	unspecified	GENOMIC	PAIRED	0	0	ILLUMINA	Illumina NovaSeq 6000	ERP152470	PRJEB67445		1167095	ERS18096567	SAMEA115173316	simple	318829	Pyricularia oryzae	SAMEA115173316							no					PLANT HEALTH INSTITUTE OF MONTPELLIER	ERA28471129		public	AB07A7FA56A877BC0C5DC3072268BA4B	1C6403C2697F8082D3ADEA5123D5B03D
ERR12645148	2024-09-30 21:39:10	2024-10-07 11:52:05	9084743	2725422900	9084743	300	910		https://sra-downloadb.be-md.ncbi.nlm.nih.gov/sos13/sra-pub-zq-1307/ERR012/12645/ERR12645148/ERR12645148.lite.1	ERX12019339	lib-CH1019	WGS	unspecified	GENOMIC	PAIRED	0	0	ILLUMINA	Illumina NovaSeq 6000	ERP152470	PRJEB67445		1167095	ERS18096569	SAMEA115173318	simple	318829	Pyricularia oryzae	SAMEA115173318							no					PLANT HEALTH INSTITUTE OF MONTPELLIER	ERA28471129		public	0C0DCE13C22F9D998ACD40DE3AE61ED5	C3238E7D9CC28C0E210B2028038C03C1
ERR12645149	2024-09-30 21:59:13	2024-10-08 01:16:12	10478967	3143690100	10478967	300	998		https://sra-downloadb.be-md.ncbi.nlm.nih.gov/sos13/sra-pub-zq-1307/ERR012/12645/ERR12645149/ERR12645149.lite.1	ERX12019340	lib-CH1064	WGS	unspecified	GENOMIC	PAIRED	0	0	ILLUMINA	Illumina NovaSeq 6000	ERP152470	PRJEB67445		1167095	ERS18096570	SAMEA115173319	simple	318829	Pyricularia oryzae	SAMEA115173319							no					PLANT HEALTH INSTITUTE OF MONTPELLIER	ERA28471129		public	37B786FCE3BAC97EF27E2D4DB521DAE2	1676B706BDAA4F648424E1B1980B4C57
ERR12645151	2024-09-30 21:39:10	2024-10-07 11:48:08	4188828	1256648400	4188828	300	532		https://sra-downloadb.be-md.ncbi.nlm.nih.gov/sos13/sra-pub-zq-1307/ERR012/12645/ERR12645151/ERR12645151.lite.1	ERX12019342	lib-CH1066-a	WGS	unspecified	GENOMIC	PAIRED	0	0	ILLUMINA	Illumina HiSeq 3000	ERP152470	PRJEB67445		1167095	ERS18096572	SAMEA115173321	simple	318829	Pyricularia oryzae	SAMEA115173321							no					PLANT HEALTH INSTITUTE OF MONTPELLIER	ERA28471129		public	4C93D0449EF9D5348E4F033BFA7E2E20	01E548CDDAE53BA1EE549D2B1B874572
ERR12645152	2024-09-30 21:59:13	2024-10-08 14:40:40	3149968	944990400	3149968	300	415		https://sra-downloadb.be-md.ncbi.nlm.nih.gov/sos13/sra-pub-zq-1307/ERR012/12645/ERR12645152/ERR12645152.lite.1	ERX12019343	lib-CH1066-b	WGS	unspecified	GENOMIC	PAIRED	0	0	ILLUMINA	Illumina HiSeq 3000	ERP152470	PRJEB67445		1167095	ERS18096572	SAMEA115173321	simple	318829	Pyricularia oryzae	SAMEA115173321							no					PLANT HEALTH INSTITUTE OF MONTPELLIER	ERA28471129		public	2F21EDE52B8F402660E09A9F2BB265F8	F3912F80EC5BFDC2150653CC2AA03428
ERR12645154	2024-09-30 21:50:31	2024-10-07 15:43:22	2844735	853420500	2844735	300	361		https://sra-downloadb.be-md.ncbi.nlm.nih.gov/sos13/sra-pub-zq-1307/ERR012/12645/ERR12645154/ERR12645154.lite.1	ERX12019345	lib-CH1070-a	WGS	unspecified	GENOMIC	PAIRED	0	0	ILLUMINA	Illumina HiSeq 3000	ERP152470	PRJEB67445		1167095	ERS18096574	SAMEA115173323	simple	318829	Pyricularia oryzae	SAMEA115173323							no					PLANT HEALTH INSTITUTE OF MONTPELLIER	ERA28471129		public	8A5783C002C678FB5C4DC4B7B3758078	C0652B692D40C608640CD93BDB71C349
ERR12645155	2024-09-30 21:39:10	2024-10-07 13:37:35	7233813	2170143900	7233813	300	952		https://sra-downloadb.be-md.ncbi.nlm.nih.gov/sos13/sra-pub-zq-1307/ERR012/12645/ERR12645155/ERR12645155.lite.1	ERX12019346	lib-CH1070-b	WGS	unspecified	GENOMIC	PAIRED	0	0	ILLUMINA	Illumina HiSeq 3000	ERP152470	PRJEB67445		1167095	ERS18096574	SAMEA115173323	simple	318829	Pyricularia oryzae	SAMEA115173323							no					PLANT HEALTH INSTITUTE OF MONTPELLIER	ERA28471129		public	ECC51EA2EEC0B86B6F1F500480B63BFB	FE6BAA2B9B7055A1FBA9D0DDB99E8F77
ERR12645156	2024-09-30 21:19:19	2024-10-06 23:10:29	16144824	4843447200	16144824	300	1576		https://sra-downloadb.be-md.ncbi.nlm.nih.gov/sos13/sra-pub-zq-1307/ERR012/12645/ERR12645156/ERR12645156.lite.1	ERX12019347	lib-CH1071	WGS	unspecified	GENOMIC	PAIRED	0	0	ILLUMINA	Illumina NovaSeq 6000	ERP152470	PRJEB67445		1167095	ERS18096575	SAMEA115173324	simple	318829	Pyricularia oryzae	SAMEA115173324							no					PLANT HEALTH INSTITUTE OF MONTPELLIER	ERA28471129		public	DB09726E963CE81897D27A2F5F78167F	F30A73844B8D1CDA48B5331E2E88355D
ERR12645210	2024-09-30 21:10:56	2024-10-06 22:07:10	2570524	771157200	2570524	300	345		https://sra-downloadb.be-md.ncbi.nlm.nih.gov/sos13/sra-pub-zq-1307/ERR012/12645/ERR12645210/ERR12645210.lite.1	ERX12019401	lib-CH1126-b	WGS	unspecified	GENOMIC	PAIRED	0	0	ILLUMINA	Illumina HiSeq 3000	ERP152470	PRJEB67445		1167095	ERS18096612	SAMEA115173361	simple	318829	Pyricularia oryzae	SAMEA115173361							no					PLANT HEALTH INSTITUTE OF MONTPELLIER	ERA28471129		public	38D95D666D2E79C0B097520AB6E9A1FE	A0C2585DF7C656F669037F5761DD246F
ERR12645172	2024-09-30 21:10:56	2024-10-09 06:56:19	8352089	2505626700	8352089	300	798		https://sra-downloadb.be-md.ncbi.nlm.nih.gov/sos13/sra-pub-zq-1307/ERR012/12645/ERR12645172/ERR12645172.lite.1	ERX12019363	lib-CH1088	WGS	unspecified	GENOMIC	PAIRED	0	0	ILLUMINA	Illumina NovaSeq 6000	ERP152470	PRJEB67445		1167095	ERS18096587	SAMEA115173336	simple	318829	Pyricularia oryzae	SAMEA115173336							no					PLANT HEALTH INSTITUTE OF MONTPELLIER	ERA28471129		public	22E635BB8B4283124A8839A7AEFC6FE2	F7039E039D86D34956CBDB844B95946E
ERR12645168	2024-09-30 21:39:11	2024-10-08 02:10:38	9937289	2981186700	9937289	300	958		https://sra-downloadb.be-md.ncbi.nlm.nih.gov/sos13/sra-pub-zq-1307/ERR012/12645/ERR12645168/ERR12645168.lite.1	ERX12019359	lib-CH1083	WGS	unspecified	GENOMIC	PAIRED	0	0	ILLUMINA	Illumina NovaSeq 6000	ERP152470	PRJEB67445		1167095	ERS18096584	SAMEA115173333	simple	318829	Pyricularia oryzae	SAMEA115173333							no					PLANT HEALTH INSTITUTE OF MONTPELLIER	ERA28471129		public	588FE3D8152F179AFF27B90321A7CBD3	B1D4FE09BF0C58C187051862D322BFA5
ERR12645206	2024-09-30 21:39:11	2024-10-07 11:47:52	2791943	837582900	2791943	300	376		https://sra-downloadb.be-md.ncbi.nlm.nih.gov/sos13/sra-pub-zq-1307/ERR012/12645/ERR12645206/ERR12645206.lite.1	ERX12019397	lib-CH1124-b	WGS	unspecified	GENOMIC	PAIRED	0	0	ILLUMINA	Illumina HiSeq 3000	ERP152470	PRJEB67445		1167095	ERS18096610	SAMEA115173359	simple	318829	Pyricularia oryzae	SAMEA115173359							no					PLANT HEALTH INSTITUTE OF MONTPELLIER	ERA28471129		public	CA4D6AB2AE486C5C032118822F519DB2	311133EE0E4A563DDB6EC8C5B9FD876B
SRR30725253	2025-06-01 01:08:19	2024-09-19 14:26:49	5844425	2807266202	5844425	480	1478		https://sra-downloadb.be-md.ncbi.nlm.nih.gov/sos8/sra-pub-zq-818/SRR030/30725/SRR30725253/SRR30725253.lite.1	SRX26128374	TF05-1MC5lib1	WGS	PCR	GENOMIC	PAIRED	0	0	ILLUMINA	Illumina MiSeq	SRP533629	PRJNA750760		750760	SRS22690538	SAMN43829692	simple	318829	Pyricularia oryzae	TF05-1MC5-1							no					KANSAS STATE UNIVERSITY	SRA1975594		public	81AEA16E7348588739E5BA330F644654	43894CE28D1A8EAB8012452F1BBA8CEF
ERR12645174	2024-09-30 21:39:11	2024-10-07 06:15:37	3482504	1044751200	3482504	300	449		https://sra-downloadb.be-md.ncbi.nlm.nih.gov/sos13/sra-pub-zq-1307/ERR012/12645/ERR12645174/ERR12645174.lite.1	ERX12019365	lib-CH1092-a	WGS	unspecified	GENOMIC	PAIRED	0	0	ILLUMINA	Illumina HiSeq 3000	ERP152470	PRJEB67445		1167095	ERS18096589	SAMEA115173338	simple	318829	Pyricularia oryzae	SAMEA115173338							no					PLANT HEALTH INSTITUTE OF MONTPELLIER	ERA28471129		public	F644E411478EEBD81B36F78698E23465	EB43972FB51206A9FFA06BD9309945CB
ERR12645175	2024-09-30 21:50:31	2024-10-07 22:18:54	2645578	793673400	2645578	300	354		https://sra-downloadb.be-md.ncbi.nlm.nih.gov/sos13/sra-pub-zq-1307/ERR012/12645/ERR12645175/ERR12645175.lite.1	ERX12019366	lib-CH1092-b	WGS	unspecified	GENOMIC	PAIRED	0	0	ILLUMINA	Illumina HiSeq 3000	ERP152470	PRJEB67445		1167095	ERS18096589	SAMEA115173338	simple	318829	Pyricularia oryzae	SAMEA115173338							no					PLANT HEALTH INSTITUTE OF MONTPELLIER	ERA28471129		public	177F7994E6D6AC3E5D7612B750CB6EF0	9D4000219EFC8C5C1B1D842399DE1521
ERR12645162	2024-09-30 21:59:13	2024-10-09 18:24:25	2776713	833013900	2776713	300	365		https://sra-downloadb.be-md.ncbi.nlm.nih.gov/sos13/sra-pub-zq-1305/ERR012/12645/ERR12645162/ERR12645162.lite.1	ERX12019353	lib-CH1075-b	WGS	unspecified	GENOMIC	PAIRED	0	0	ILLUMINA	Illumina HiSeq 3000	ERP152470	PRJEB67445		1167095	ERS18096579	SAMEA115173328	simple	318829	Pyricularia oryzae	SAMEA115173328							no					PLANT HEALTH INSTITUTE OF MONTPELLIER	ERA28471129		public	87BC6855CB250B20E6C4FA92EBFB8FA0	77DCF90AA1743F80B8D4F5E5CFB8A960
ERR12645161	2024-09-30 21:39:11	2024-10-07 06:19:35	3701213	1110363900	3701213	300	469		https://sra-downloadb.be-md.ncbi.nlm.nih.gov/sos13/sra-pub-zq-1307/ERR012/12645/ERR12645161/ERR12645161.lite.1	ERX12019352	lib-CH1075-a	WGS	unspecified	GENOMIC	PAIRED	0	0	ILLUMINA	Illumina HiSeq 3000	ERP152470	PRJEB67445		1167095	ERS18096579	SAMEA115173328	simple	318829	Pyricularia oryzae	SAMEA115173328							no					PLANT HEALTH INSTITUTE OF MONTPELLIER	ERA28471129		public	914F804AE66124DBB3E16A670763254C	1CED3D8D4B142E10CD1E13F9E1910F47
ERR12645226	2024-09-30 21:30:11	2024-10-07 04:03:27	13557844	4067353200	13557844	300	1323		https://sra-downloadb.be-md.ncbi.nlm.nih.gov/sos13/sra-pub-zq-1307/ERR012/12645/ERR12645226/ERR12645226.lite.1	ERX12019417	lib-CH1150	WGS	unspecified	GENOMIC	PAIRED	0	0	ILLUMINA	Illumina NovaSeq 6000	ERP152470	PRJEB67445		1167095	ERS18096623	SAMEA115173372	simple	318829	Pyricularia oryzae	SAMEA115173372							no					PLANT HEALTH INSTITUTE OF MONTPELLIER	ERA28471129		public	D120AA4D648753D6F6B693165ADAD11D	20EE456757B47A34F379D0058EB95B20
ERR12645236	2024-09-30 21:19:19	2024-10-09 06:56:19	10403363	3121008900	10403363	300	986		https://sra-downloadb.be-md.ncbi.nlm.nih.gov/sos13/sra-pub-zq-1307/ERR012/12645/ERR12645236/ERR12645236.lite.1	ERX12019427	lib-CH1168	WGS	unspecified	GENOMIC	PAIRED	0	0	ILLUMINA	Illumina NovaSeq 6000	ERP152470	PRJEB67445		1167095	ERS18096629	SAMEA115173378	simple	318829	Pyricularia oryzae	SAMEA115173378							no					PLANT HEALTH INSTITUTE OF MONTPELLIER	ERA28471129		public	5A9E3A57A470F519F9B99F29ECBC9B1C	29889D1F39CAEFFA422B7A89EF358603
ERR12645183	2024-09-30 21:39:11	2024-10-07 11:49:32	8873378	2662013400	8873378	300	847		https://sra-downloadb.be-md.ncbi.nlm.nih.gov/sos13/sra-pub-zq-1307/ERR012/12645/ERR12645183/ERR12645183.lite.1	ERX12019374	lib-CH1098	WGS	unspecified	GENOMIC	PAIRED	0	0	ILLUMINA	Illumina NovaSeq 6000	ERP152470	PRJEB67445		1167095	ERS18096594	SAMEA115173343	simple	318829	Pyricularia oryzae	SAMEA115173343							no					PLANT HEALTH INSTITUTE OF MONTPELLIER	ERA28471129		public	16A19570A3BB2AAAAD86EFF85777124B	BD8157E47448D3A2196D01F983402F8A
ERR12645200	2024-09-30 21:59:13	2024-10-08 03:21:03	42933649	12880094700	42933649	300	4160		https://sra-downloadb.be-md.ncbi.nlm.nih.gov/sos13/sra-pub-zq-1307/ERR012/12645/ERR12645200/ERR12645200.lite.1	ERX12019391	lib-CH1120	WGS	unspecified	GENOMIC	PAIRED	0	0	ILLUMINA	Illumina NovaSeq 6000	ERP152470	PRJEB67445		1167095	ERS18096606	SAMEA115173355	simple	318829	Pyricularia oryzae	SAMEA115173355							no					PLANT HEALTH INSTITUTE OF MONTPELLIER	ERA28471129		public	77D01E50DBB02D040E1804E45651DC0A	F04D6005607535CA0224679439A01505
ERR12645217	2024-09-30 21:30:11	2024-10-07 04:04:07	2786644	835993200	2786644	300	370		https://sra-downloadb.be-md.ncbi.nlm.nih.gov/sos13/sra-pub-zq-1307/ERR012/12645/ERR12645217/ERR12645217.lite.1	ERX12019408	lib-CH1138-b	WGS	unspecified	GENOMIC	PAIRED	0	0	ILLUMINA	Illumina HiSeq 3000	ERP152470	PRJEB67445		1167095	ERS18096617	SAMEA115173366	simple	318829	Pyricularia oryzae	SAMEA115173366							no					PLANT HEALTH INSTITUTE OF MONTPELLIER	ERA28471129		public	12DEF5AB6A30F210C0E367CBD322AF26	C8BDCE729E46B0BE5D639ADABB1213B4
ERR12645197	2024-09-30 21:50:32	2024-10-08 02:10:23	8586679	2576003700	8586679	300	809		https://sra-downloadb.be-md.ncbi.nlm.nih.gov/sos13/sra-pub-zq-1307/ERR012/12645/ERR12645197/ERR12645197.lite.1	ERX12019388	lib-CH1116	WGS	unspecified	GENOMIC	PAIRED	0	0	ILLUMINA	Illumina NovaSeq 6000	ERP152470	PRJEB67445		1167095	ERS18096603	SAMEA115173352	simple	318829	Pyricularia oryzae	SAMEA115173352							no					PLANT HEALTH INSTITUTE OF MONTPELLIER	ERA28471129		public	F783BAB30EF981915B4302D6EE8BE412	6A92749DF38648F7D589E9DF4907B685
ERR12645164	2024-09-30 21:39:11	2024-10-07 11:49:01	12683523	3805056900	12683523	300	1214		https://sra-downloadb.be-md.ncbi.nlm.nih.gov/sos13/sra-pub-zq-1307/ERR012/12645/ERR12645164/ERR12645164.lite.1	ERX12019355	lib-CH1079	WGS	unspecified	GENOMIC	PAIRED	0	0	ILLUMINA	Illumina NovaSeq 6000	ERP152470	PRJEB67445		1167095	ERS18096581	SAMEA115173330	simple	318829	Pyricularia oryzae	SAMEA115173330							no					PLANT HEALTH INSTITUTE OF MONTPELLIER	ERA28471129		public	13B8E41A5FFF4D800EDBB1A297E1D695	1DF00B2BD0F418CCE2C893AABC01D8A5
ERR12645196	2024-09-30 21:30:11	2024-10-09 18:07:59	13924670	4177401000	13924670	300	1326		https://sra-downloadb.be-md.ncbi.nlm.nih.gov/sos13/sra-pub-zq-1305/ERR012/12645/ERR12645196/ERR12645196.lite.1	ERX12019387	lib-CH1112	WGS	unspecified	GENOMIC	PAIRED	0	0	ILLUMINA	Illumina NovaSeq 6000	ERP152470	PRJEB67445		1167095	ERS18096602	SAMEA115173351	simple	318829	Pyricularia oryzae	SAMEA115173351							no					PLANT HEALTH INSTITUTE OF MONTPELLIER	ERA28471129		public	24C5D6C4CFCC13F53DE4DE1B4B848A62	8C49AC6B531FD6D8F2FAEEE3490EEA2D
ERR12645176	2024-09-30 21:59:13	2024-10-08 01:22:00	3539187	1061756100	3539187	300	454		https://sra-downloadb.be-md.ncbi.nlm.nih.gov/sos13/sra-pub-zq-1307/ERR012/12645/ERR12645176/ERR12645176.lite.1	ERX12019367	lib-CH1093-a	WGS	unspecified	GENOMIC	PAIRED	0	0	ILLUMINA	Illumina HiSeq 3000	ERP152470	PRJEB67445		1167095	ERS18096590	SAMEA115173339	simple	318829	Pyricularia oryzae	SAMEA115173339							no					PLANT HEALTH INSTITUTE OF MONTPELLIER	ERA28471129		public	4CB97F06707316A7CD89BAF70C8EE86C	A49A3B6CAB57A6CC38446F4D92BF7CF5
ERR12645177	2024-09-30 21:50:31	2024-10-07 19:25:53	2596185	778855500	2596185	300	346		https://sra-downloadb.be-md.ncbi.nlm.nih.gov/sos13/sra-pub-zq-1307/ERR012/12645/ERR12645177/ERR12645177.lite.1	ERX12019368	lib-CH1093-b	WGS	unspecified	GENOMIC	PAIRED	0	0	ILLUMINA	Illumina HiSeq 3000	ERP152470	PRJEB67445		1167095	ERS18096590	SAMEA115173339	simple	318829	Pyricularia oryzae	SAMEA115173339							no					PLANT HEALTH INSTITUTE OF MONTPELLIER	ERA28471129		public	46C074EF3197BCD0112FC1AF39C8ECBF	DD8E359767B59DD3894E0DAD009AE65A
ERR12645204	2024-09-30 21:39:11	2024-10-07 11:49:40	2781994	834598200	2781994	300	373		https://sra-downloadb.be-md.ncbi.nlm.nih.gov/sos13/sra-pub-zq-1307/ERR012/12645/ERR12645204/ERR12645204.lite.1	ERX12019395	lib-CH1123-b	WGS	unspecified	GENOMIC	PAIRED	0	0	ILLUMINA	Illumina HiSeq 3000	ERP152470	PRJEB67445		1167095	ERS18096609	SAMEA115173358	simple	318829	Pyricularia oryzae	SAMEA115173358							no					PLANT HEALTH INSTITUTE OF MONTPELLIER	ERA28471129		public	52C10B5144EF0008170368887DC09B97	16B0023B1FD53522DA4E0815C0A51C3B
ERR12645233	2024-09-30 21:50:32	2024-10-08 02:13:53	2559734	767920200	2559734	300	345		https://sra-downloadb.be-md.ncbi.nlm.nih.gov/sos13/sra-pub-zq-1307/ERR012/12645/ERR12645233/ERR12645233.lite.1	ERX12019424	lib-CH1158-b	WGS	unspecified	GENOMIC	PAIRED	0	0	ILLUMINA	Illumina HiSeq 3000	ERP152470	PRJEB67445		1167095	ERS18096627	SAMEA115173376	simple	318829	Pyricularia oryzae	SAMEA115173376							no					PLANT HEALTH INSTITUTE OF MONTPELLIER	ERA28471129		public	578358B183321E82AB60B1A8B5064605	AA38DC653698DAB7C77E1FD841367310
ERR12645198	2024-09-30 21:30:11	2024-10-07 04:07:58	10553754	3166126200	10553754	300	1401		https://sra-downloadb.be-md.ncbi.nlm.nih.gov/sos13/sra-pub-zq-1307/ERR012/12645/ERR12645198/ERR12645198.lite.1	ERX12019389	lib-CH1118	WGS	unspecified	GENOMIC	PAIRED	0	0	ILLUMINA	Illumina NovaSeq 6000	ERP152470	PRJEB67445		1167095	ERS18096604	SAMEA115173353	simple	318829	Pyricularia oryzae	SAMEA115173353							no					PLANT HEALTH INSTITUTE OF MONTPELLIER	ERA28471129		public	DEC412BD227D67A223AC506C53C64C84	67CA1A58713A4E95F9953F5765E7946C
ERR12645186	2024-09-30 21:19:19	2024-10-06 22:08:03	3503208	1050962400	3503208	300	497		https://sra-downloadb.be-md.ncbi.nlm.nih.gov/sos13/sra-pub-zq-1307/ERR012/12645/ERR12645186/ERR12645186.lite.1	ERX12019377	lib-CH1101-a	WGS	unspecified	GENOMIC	PAIRED	0	0	ILLUMINA	Illumina HiSeq 3000	ERP152470	PRJEB67445		1167095	ERS18096596	SAMEA115173345	simple	318829	Pyricularia oryzae	SAMEA115173345							no					PLANT HEALTH INSTITUTE OF MONTPELLIER	ERA28471129		public	72E154429FD63A1F52F9103A75771CA3	641E94BF5E1325C26CC3200D453CAE95
ERR12645187	2024-09-30 21:30:11	2024-10-09 18:04:44	2626573	787971900	2626573	300	390		https://sra-downloadb.be-md.ncbi.nlm.nih.gov/sos13/sra-pub-zq-1305/ERR012/12645/ERR12645187/ERR12645187.lite.1	ERX12019378	lib-CH1101-b	WGS	unspecified	GENOMIC	PAIRED	0	0	ILLUMINA	Illumina HiSeq 3000	ERP152470	PRJEB67445		1167095	ERS18096596	SAMEA115173345	simple	318829	Pyricularia oryzae	SAMEA115173345							no					PLANT HEALTH INSTITUTE OF MONTPELLIER	ERA28471129		public	E20F0051CC5BEBA676F0FFE4BADB7AD4	9C0301B2F1415D478ED8C31DE6EF321D
ERR12645207	2024-09-30 21:50:32	2024-10-07 15:42:46	3223739	967121700	3223739	300	410		https://sra-downloadb.be-md.ncbi.nlm.nih.gov/sos13/sra-pub-zq-1307/ERR012/12645/ERR12645207/ERR12645207.lite.1	ERX12019398	lib-CH1125-a	WGS	unspecified	GENOMIC	PAIRED	0	0	ILLUMINA	Illumina HiSeq 3000	ERP152470	PRJEB67445		1167095	ERS18096611	SAMEA115173360	simple	318829	Pyricularia oryzae	SAMEA115173360							no					PLANT HEALTH INSTITUTE OF MONTPELLIER	ERA28471129		public	6EA2099ADFF6C7D78A3B142C389F14B1	055E8614D9D7502ED6300B8AD43C2980
ERR12645208	2024-09-30 21:30:11	2024-10-07 04:03:46	2843578	853073400	2843578	300	376		https://sra-downloadb.be-md.ncbi.nlm.nih.gov/sos13/sra-pub-zq-1307/ERR012/12645/ERR12645208/ERR12645208.lite.1	ERX12019399	lib-CH1125-b	WGS	unspecified	GENOMIC	PAIRED	0	0	ILLUMINA	Illumina HiSeq 3000	ERP152470	PRJEB67445		1167095	ERS18096611	SAMEA115173360	simple	318829	Pyricularia oryzae	SAMEA115173360							no					PLANT HEALTH INSTITUTE OF MONTPELLIER	ERA28471129		public	25E71A8DE09F06F8D55CB01B36DCCB41	0F868305CD6679AD395478E66689D3B3
ERR12645219	2024-09-30 21:50:32	2024-10-07 19:22:26	2700600	810180000	2700600	300	356		https://sra-downloadb.be-md.ncbi.nlm.nih.gov/sos13/sra-pub-zq-1307/ERR012/12645/ERR12645219/ERR12645219.lite.1	ERX12019410	lib-CH1140-b	WGS	unspecified	GENOMIC	PAIRED	0	0	ILLUMINA	Illumina HiSeq 3000	ERP152470	PRJEB67445		1167095	ERS18096618	SAMEA115173367	simple	318829	Pyricularia oryzae	SAMEA115173367							no					PLANT HEALTH INSTITUTE OF MONTPELLIER	ERA28471129		public	9FCDA281E3143C80D658F7C097DCAAE6	81CDC1E08EDCF1AAA637824CF65A4ED5
ERR12645158	2024-09-30 21:19:19	2024-10-06 22:06:54	3437644	1031293200	3437644	300	441		https://sra-downloadb.be-md.ncbi.nlm.nih.gov/sos13/sra-pub-zq-1307/ERR012/12645/ERR12645158/ERR12645158.lite.1	ERX12019349	lib-CH1073-a	WGS	unspecified	GENOMIC	PAIRED	0	0	ILLUMINA	Illumina HiSeq 3000	ERP152470	PRJEB67445		1167095	ERS18096577	SAMEA115173326	simple	318829	Pyricularia oryzae	SAMEA115173326							no					PLANT HEALTH INSTITUTE OF MONTPELLIER	ERA28471129		public	026D51F2555216AD5BB822902C6FF792	CA3E9675F1246B28E9E1D12935DF3254
ERR12645171	2024-09-30 21:39:11	2024-10-07 06:21:21	5793942	1738182600	5793942	300	767		https://sra-downloadb.be-md.ncbi.nlm.nih.gov/sos13/sra-pub-zq-1307/ERR012/12645/ERR12645171/ERR12645171.lite.1	ERX12019362	lib-CH1087-b	WGS	unspecified	GENOMIC	PAIRED	0	0	ILLUMINA	Illumina HiSeq 3000	ERP152470	PRJEB67445		1167095	ERS18096586	SAMEA115173335	simple	318829	Pyricularia oryzae	SAMEA115173335							no					PLANT HEALTH INSTITUTE OF MONTPELLIER	ERA28471129		public	AC7B14FEB3DC017E41A17146629A5023	FFDB54A598FC5E420FA31CDFB77FE222
ERR12645178	2024-09-30 21:50:31	2024-10-07 22:18:44	2414956	724486800	2414956	300	311		https://sra-downloadb.be-md.ncbi.nlm.nih.gov/sos13/sra-pub-zq-1307/ERR012/12645/ERR12645178/ERR12645178.lite.1	ERX12019369	lib-CH1095-a	WGS	unspecified	GENOMIC	PAIRED	0	0	ILLUMINA	Illumina HiSeq 3000	ERP152470	PRJEB67445		1167095	ERS18096591	SAMEA115173340	simple	318829	Pyricularia oryzae	SAMEA115173340							no					PLANT HEALTH INSTITUTE OF MONTPELLIER	ERA28471129		public	BC060188D28031A1655875850306D400	01AE14CAE6CD4E602F9FB72D50CC5B8D
ERR12645223	2024-10-01 00:00:08	2024-10-08 12:35:28	3306963	992088900	3306963	300	429		https://sra-downloadb.be-md.ncbi.nlm.nih.gov/sos13/sra-pub-zq-1307/ERR012/12645/ERR12645223/ERR12645223.lite.1	ERX12019414	lib-CH1144-a	WGS	unspecified	GENOMIC	PAIRED	0	0	ILLUMINA	Illumina HiSeq 3000	ERP152470	PRJEB67445		1167095	ERS18096621	SAMEA115173370	simple	318829	Pyricularia oryzae	SAMEA115173370							no					PLANT HEALTH INSTITUTE OF MONTPELLIER	ERA28471129		public	13649C19527A4993D6053368EBB968D4	903ED2A1D62DD49912BA9DA8BABB3A6B
ERR12645180	2024-09-30 21:30:10	2024-10-09 18:05:46	8838350	2651505000	8838350	300	849		https://sra-downloadb.be-md.ncbi.nlm.nih.gov/sos13/sra-pub-zq-1305/ERR012/12645/ERR12645180/ERR12645180.lite.1	ERX12019371	lib-CH1096	WGS	unspecified	GENOMIC	PAIRED	0	0	ILLUMINA	Illumina NovaSeq 6000	ERP152470	PRJEB67445		1167095	ERS18096592	SAMEA115173341	simple	318829	Pyricularia oryzae	SAMEA115173341							no					PLANT HEALTH INSTITUTE OF MONTPELLIER	ERA28471129		public	9C616F05EB8F5279996FC2F420545662	5F8DEE69B43BF5981C6BE78387F7061A
ERR12645182	2024-09-30 21:50:31	2024-10-07 15:42:51	2525064	757519200	2525064	300	339		https://sra-downloadb.be-md.ncbi.nlm.nih.gov/sos13/sra-pub-zq-1307/ERR012/12645/ERR12645182/ERR12645182.lite.1	ERX12019373	lib-CH1097-b	WGS	unspecified	GENOMIC	PAIRED	0	0	ILLUMINA	Illumina HiSeq 3000	ERP152470	PRJEB67445		1167095	ERS18096593	SAMEA115173342	simple	318829	Pyricularia oryzae	SAMEA115173342							no					PLANT HEALTH INSTITUTE OF MONTPELLIER	ERA28471129		public	854DFF15FBDBF743BC8CDD1E1E693499	7A3ED84FF1B28970DD3FB9B6E9F77C9F
ERR12645214	2024-09-30 21:30:11	2024-10-09 18:06:29	3859362	1157808600	3859362	300	486		https://sra-downloadb.be-md.ncbi.nlm.nih.gov/sos13/sra-pub-zq-1305/ERR012/12645/ERR12645214/ERR12645214.lite.1	ERX12019405	lib-CH1135-a	WGS	unspecified	GENOMIC	PAIRED	0	0	ILLUMINA	Illumina HiSeq 3000	ERP152470	PRJEB67445		1167095	ERS18096616	SAMEA115173365	simple	318829	Pyricularia oryzae	SAMEA115173365							no					PLANT HEALTH INSTITUTE OF MONTPELLIER	ERA28471129		public	48115A572242E2E5098E6E8808DFFAEE	0CF4C7004C5BF9A9CFD62A6B2B28035B
ERR12645215	2024-10-01 00:00:08	2024-10-08 12:35:39	2857080	857124000	2857080	300	373		https://sra-downloadb.be-md.ncbi.nlm.nih.gov/sos13/sra-pub-zq-1307/ERR012/12645/ERR12645215/ERR12645215.lite.1	ERX12019406	lib-CH1135-b	WGS	unspecified	GENOMIC	PAIRED	0	0	ILLUMINA	Illumina HiSeq 3000	ERP152470	PRJEB67445		1167095	ERS18096616	SAMEA115173365	simple	318829	Pyricularia oryzae	SAMEA115173365							no					PLANT HEALTH INSTITUTE OF MONTPELLIER	ERA28471129		public	B15D908154B08E88342CDCB84F5BA624	66367A9CF20B82A9AABF1CB95D39C3C8
ERR12645228	2024-09-30 21:39:11	2024-10-07 11:48:35	3080653	924195900	3080653	300	409		https://sra-downloadb.be-md.ncbi.nlm.nih.gov/sos13/sra-pub-zq-1307/ERR012/12645/ERR12645228/ERR12645228.lite.1	ERX12019419	lib-CH1151-b	WGS	unspecified	GENOMIC	PAIRED	0	0	ILLUMINA	Illumina HiSeq 3000	ERP152470	PRJEB67445		1167095	ERS18096624	SAMEA115173373	simple	318829	Pyricularia oryzae	SAMEA115173373							no					PLANT HEALTH INSTITUTE OF MONTPELLIER	ERA28471129		public	0D31412C33855E7E57BEEC181AF33A14	3E85B4B7FD3F041E4DE7A14DB7C82F03
ERR12645211	2024-09-30 21:39:11	2024-10-07 13:39:28	14149606	4244881800	14149606	300	1357		https://sra-downloadb.be-md.ncbi.nlm.nih.gov/sos13/sra-pub-zq-1307/ERR012/12645/ERR12645211/ERR12645211.lite.1	ERX12019402	lib-CH1127	WGS	unspecified	GENOMIC	PAIRED	0	0	ILLUMINA	Illumina NovaSeq 6000	ERP152470	PRJEB67445		1167095	ERS18096613	SAMEA115173362	simple	318829	Pyricularia oryzae	SAMEA115173362							no					PLANT HEALTH INSTITUTE OF MONTPELLIER	ERA28471129		public	8A125FB12F33A4872B2F0B89C7C9418B	0921FDED92A644332AF2E3EC47275534
ERR12645191	2024-09-30 21:30:11	2024-10-07 04:03:32	3010146	903043800	3010146	300	387		https://sra-downloadb.be-md.ncbi.nlm.nih.gov/sos13/sra-pub-zq-1307/ERR012/12645/ERR12645191/ERR12645191.lite.1	ERX12019382	lib-CH1106-a	WGS	unspecified	GENOMIC	PAIRED	0	0	ILLUMINA	Illumina HiSeq 3000	ERP152470	PRJEB67445		1167095	ERS18096599	SAMEA115173348	simple	318829	Pyricularia oryzae	SAMEA115173348							no					PLANT HEALTH INSTITUTE OF MONTPELLIER	ERA28471129		public	D6402332D81A68CD894926F660BC66A6	3EABB6CAC56A2C172AF0CA3A4A5C2D1E
SRR30725259	2025-06-01 01:08:19	2024-09-19 14:25:45	6761224	3252766890	6761224	481	1724		https://sra-downloadb.be-md.ncbi.nlm.nih.gov/sos8/sra-pub-zq-818/SRR030/30725/SRR30725259/SRR30725259.lite.1	SRX26128368	TF05-1MC7lib1	WGS	PCR	GENOMIC	PAIRED	0	0	ILLUMINA	Illumina MiSeq	SRP533629	PRJNA750760		750760	SRS22690533	SAMN36850036	simple	318829	Pyricularia oryzae	TF05-1MC7-1							no					KANSAS STATE UNIVERSITY	SRA1975594		public	BA1166CCE5203EFF07D4A77F2769EE2D	ABD83787F03A2795976FDC33F9328DD6
ERR6065779	2024-07-29 15:28:01	2024-08-19 22:56:56	27576058	6894014500	27576058	250	3168		https://sra-downloadb.be-md.ncbi.nlm.nih.gov/sos11/sra-pub-zq-1140/ERR006/6065/ERR6065779/ERR6065779.lite.1	ERX5704647	bsa_cer7	WGS	PCR	GENOMIC	PAIRED	400	0	ILLUMINA	Illumina HiSeq 2500	ERP129858	PRJEB45710		941580	ERS6600665	SAMEA8917791	simple	242507	Pyricularia oryzae 70-15	SAMEA8917791							no					THE JOHN INNES CENTRE	ERA4874966		public	C2174EC3378B0EFC8C4701978DCB02C2	B7ABC390BBC65DA9956E7D76AC001E0D
ERR6065780	2024-07-29 23:10:43	2024-08-20 11:55:19	16069072	3213814400	16069072	200	2147		https://sra-downloadb.be-md.ncbi.nlm.nih.gov/sos11/sra-pub-zq-1140/ERR006/6065/ERR6065780/ERR6065780.lite.1	ERX5704648	tds7	WGS	PCR	GENOMIC	PAIRED	400	0	ILLUMINA	Illumina HiSeq 2500	ERP129858	PRJEB45710		941580	ERS6077457	SAMEA8391963	simple	242507	Pyricularia oryzae 70-15	SAMEA8391963							no					THE JOHN INNES CENTRE	ERA4874966		public	9CE73F09C40D38D589755CEC65C16A7B	018AB2343D568161A76CD2C6A162EDA8
ERR6065781	2024-07-29 15:28:01	2024-08-20 10:03:49	29124191	7281047750	29124191	250	3446		https://sra-downloadb.be-md.ncbi.nlm.nih.gov/sos11/sra-pub-zq-1140/ERR006/6065/ERR6065781/ERR6065781.lite.1	ERX5704649	cerc	WGS	RANDOM	GENOMIC	PAIRED	500	0	ILLUMINA	Illumina Genome Analyzer II	ERP129858	PRJEB45710		941580	ERS6077492	SAMEA8391998	simple	242507	Pyricularia oryzae 70-15	SAMEA8391998							no					THE JOHN INNES CENTRE	ERA4874966		public	F4BBEFF75FEF773DF56DC9D5B6EEBA74	DD458A7DA80C5B265FE55D98830274D8
SRR23501853	2023-06-01 16:59:53	2023-02-16 23:41:10	14415137	4324541100	14415137	300	1443		https://sra-downloadb.be-md.ncbi.nlm.nih.gov/sos8/sra-pub-zq-820/SRR023/23501/SRR23501853/SRR23501853.lite.1	SRX19395148	T7	WGS	RANDOM	GENOMIC	PAIRED	0	0	ILLUMINA	Illumina NovaSeq 6000	SRP418845	PRJNA926786		926786	SRS16790224	SAMN33018055	simple	318829	Pyricularia oryzae	T6							no					UNIVERSITY OF KENTUCKY	SRA1591815		public	5F1E64C3AC3846DBE1F76AB43DE87E5B	AEECD337AA3504932F9BE96597FBC991
SRR27891886	2024-12-31 02:24:00	2024-02-06 15:29:27	6856773	2057031900	6856773	300	677		https://sra-downloadb.be-md.ncbi.nlm.nih.gov/sos7/sra-pub-zq-41/SRR027/27891/SRR27891886/SRR27891886.lite.1	SRX23552391	T43	WGS	RANDOM	GENOMIC	PAIRED	0	0	ILLUMINA	Illumina NovaSeq 6000	SRP418845	PRJNA926786		926786	SRS20399492	SAMN39732786	simple	318829	Pyricularia oryzae	T43							no					UNIVERSITY OF KENTUCKY	SRA1798750		public	C3CBC4397C6C5FC77AF8C6F3AB084072	189244341181A52E0EEF35A9345F29F2
ERR9861052	2024-07-26 21:31:38	2024-08-07 12:45:56	3124526	458126770	3124526	146	187		https://sra-downloadb.be-md.ncbi.nlm.nih.gov/sos11/sra-pub-zq-1140/ERR009/9861/ERR9861052/ERR9861052.lite.1	ERX9406124	Illumina TruSeq DNA LT Sample Prep Kit	WGS	RANDOM	GENOMIC	PAIRED	0	0	ILLUMINA	NextSeq 500	ERP138431	PRJEB53625		858752	ERS12243777	SAMEA110144965	simple	318829	Pyricularia oryzae	O23							no					IWATE BIOTECHNOLOGY RESEARCH CENTER	ERA15667279		public	CA7AA4B1F8FCCE6D2679388CD1B4A6D7	671ECC5F7062545EB4B04BE53FB6DD20
ERR9860943	2024-07-26 23:11:07	2024-08-08 09:57:42	4007766	597168953	4007766	149	240		https://sra-downloadb.be-md.ncbi.nlm.nih.gov/sos11/sra-pub-zq-1140/ERR009/9860/ERR9860943/ERR9860943.lite.1	ERX9406015	Illumina TruSeq DNA LT Sample Prep Kit	WGS	RANDOM	GENOMIC	PAIRED	0	0	ILLUMINA	NextSeq 500	ERP138431	PRJEB53625		858752	ERS12243893	SAMEA110145081	simple	318829	Pyricularia oryzae	SAMEA110145081							no					IWATE BIOTECHNOLOGY RESEARCH CENTER	ERA15665670		public	2D739CAF0CFDD31A6D25616598000ADD	56688E303EF875E77AD7B9FC59B1A8E7
ERR9860910	2024-07-26 20:24:49	2024-08-07 12:36:42	4042155	602540106	4042155	149	249		https://sra-downloadb.be-md.ncbi.nlm.nih.gov/sos11/sra-pub-zq-1140/ERR009/9860/ERR9860910/ERR9860910.lite.1	ERX9405982	Illumina TruSeq DNA LT Sample Prep Kit	WGS	RANDOM	GENOMIC	PAIRED	0	0	ILLUMINA	NextSeq 500	ERP138431	PRJEB53625		858752	ERS12243863	SAMEA110145051	simple	318829	Pyricularia oryzae	SAMEA110145051							no					IWATE BIOTECHNOLOGY RESEARCH CENTER	ERA15665670		public	9DF654F9C07183CB18FB63EDCEA5C8B6	5401CFB73FC8B1400FCFFA9A806359B1
ERR9860946	2024-07-27 01:37:02	2024-08-07 17:57:59	2535487	377893779	2535487	149	157		https://sra-downloadb.be-md.ncbi.nlm.nih.gov/sos11/sra-pub-zq-1140/ERR009/9860/ERR9860946/ERR9860946.lite.1	ERX9406018	Illumina TruSeq DNA LT Sample Prep Kit	WGS	RANDOM	GENOMIC	PAIRED	0	0	ILLUMINA	NextSeq 500	ERP138431	PRJEB53625		858752	ERS12243896	SAMEA110145084	simple	318829	Pyricularia oryzae	SAMEA110145084							no					IWATE BIOTECHNOLOGY RESEARCH CENTER	ERA15665670		public	799A23EF33E676760D1DB0E55F61C76A	A4F2BF223AA4BB685D47254E9F3CE285
ERR9860865	2024-07-27 01:59:44	2024-08-07 18:01:11	2956064	440214697	2956064	148	183		https://sra-downloadb.be-md.ncbi.nlm.nih.gov/sos11/sra-pub-zq-1140/ERR009/9860/ERR9860865/ERR9860865.lite.1	ERX9405937	Illumina TruSeq DNA LT Sample Prep Kit	WGS	RANDOM	GENOMIC	PAIRED	0	0	ILLUMINA	NextSeq 500	ERP138431	PRJEB53625		858752	ERS12243788	SAMEA110144976	simple	318829	Pyricularia oryzae	SAMEA110144976							no					IWATE BIOTECHNOLOGY RESEARCH CENTER	ERA15665670		public	DA18D5CB37A35EE588F13CE5A799CD7D	1110E5436C74D89F2A51BA81DA17B256
ERR9861070	2024-07-27 01:37:02	2024-08-07 17:57:37	311758	39727928	311758	127	16		https://sra-downloadb.be-md.ncbi.nlm.nih.gov/sos11/sra-pub-zq-1140/ERR009/9861/ERR9861070/ERR9861070.lite.1	ERX9406142	Illumina TruSeq DNA LT Sample Prep Kit	WGS	RANDOM	GENOMIC	PAIRED	0	0	ILLUMINA	NextSeq 500	ERP138431	PRJEB53625		858752	ERS12243799	SAMEA110144987	simple	318829	Pyricularia oryzae	SAMEA110144987							no					IWATE BIOTECHNOLOGY RESEARCH CENTER	ERA15667279		public	E0BE0562E0C38ACE7AA2CA475B636230	9B5956893198EB193AB5E38E964DD9D3
ERR9861088	2024-07-27 02:15:45	2024-08-07 18:11:07	4352206	645113862	4352206	148	267		https://sra-downloadb.be-md.ncbi.nlm.nih.gov/sos11/sra-pub-zq-1140/ERR009/9861/ERR9861088/ERR9861088.lite.1	ERX9406160	Illumina TruSeq DNA LT Sample Prep Kit	WGS	RANDOM	GENOMIC	PAIRED	0	0	ILLUMINA	NextSeq 500	ERP138431	PRJEB53625		858752	ERS12243816	SAMEA110145004	simple	318829	Pyricularia oryzae	SAMEA110145004							no					IWATE BIOTECHNOLOGY RESEARCH CENTER	ERA15667279		public	04C6BA0D988111E06EC3A1F8417E567A	DC1A846F226E2E1A725D3518600BBCDE
ERR9861169	2024-07-26 20:24:50	2024-08-07 12:33:57	1225817	176749180	1225817	144	75		https://sra-downloadb.be-md.ncbi.nlm.nih.gov/sos11/sra-pub-zq-1140/ERR009/9861/ERR9861169/ERR9861169.lite.1	ERX9406241	Illumina TruSeq DNA LT Sample Prep Kit	WGS	RANDOM	GENOMIC	PAIRED	0	0	ILLUMINA	NextSeq 500	ERP138431	PRJEB53625		858752	ERS12243894	SAMEA110145082	simple	318829	Pyricularia oryzae	i66a							no					IWATE BIOTECHNOLOGY RESEARCH CENTER	ERA15667279		public	054DE949AA7A0B8C81051A0B58D6E946	7A33FC265CB818AFD1C327E2A99BC760
ERR9860958	2024-07-27 00:11:14	2024-08-07 16:39:01	3202725	477200832	3202725	148	192		https://sra-downloadb.be-md.ncbi.nlm.nih.gov/sos11/sra-pub-zq-1140/ERR009/9860/ERR9860958/ERR9860958.lite.1	ERX9406030	Illumina TruSeq DNA LT Sample Prep Kit	WGS	RANDOM	GENOMIC	PAIRED	0	0	ILLUMINA	NextSeq 500	ERP138431	PRJEB53625		858752	ERS12243907	SAMEA110145095	simple	318829	Pyricularia oryzae	i79a							no					IWATE BIOTECHNOLOGY RESEARCH CENTER	ERA15665670		public	FB66B80B2DE078A4AAA867EF51C04256	7DC8AC432AB7CA97C6F50F80C177C089
ERR9861086	2024-07-26 20:12:40	2024-08-07 12:16:29	4761531	704190425	4761531	147	289		https://sra-downloadb.be-md.ncbi.nlm.nih.gov/sos11/sra-pub-zq-1140/ERR009/9861/ERR9861086/ERR9861086.lite.1	ERX9406158	Illumina TruSeq DNA LT Sample Prep Kit	WGS	RANDOM	GENOMIC	PAIRED	0	0	ILLUMINA	NextSeq 500	ERP138431	PRJEB53625		858752	ERS12243814	SAMEA110145002	simple	318829	Pyricularia oryzae	SAMEA110145002							no					IWATE BIOTECHNOLOGY RESEARCH CENTER	ERA15667279		public	3A6E8600938E3D6661F23832D2FB9CFD	EBC54757C0DA9820C350DF937471C545
ERR9860950	2024-07-27 00:11:14	2024-08-07 16:38:12	3783224	563711154	3783224	149	232		https://sra-downloadb.be-md.ncbi.nlm.nih.gov/sos11/sra-pub-zq-1140/ERR009/9860/ERR9860950/ERR9860950.lite.1	ERX9406022	Illumina TruSeq DNA LT Sample Prep Kit	WGS	RANDOM	GENOMIC	PAIRED	0	0	ILLUMINA	NextSeq 500	ERP138431	PRJEB53625		858752	ERS12243899	SAMEA110145087	simple	318829	Pyricularia oryzae	SAMEA110145087							no					IWATE BIOTECHNOLOGY RESEARCH CENTER	ERA15665670		public	027BAA2B86D99E3065579436DCD462BE	C442DB8F8C41D0B41CB4F2BAEF109F54
ERR9860937	2024-07-26 20:24:49	2024-08-07 12:27:37	2870106	427699466	2870106	149	175		https://sra-downloadb.be-md.ncbi.nlm.nih.gov/sos11/sra-pub-zq-1140/ERR009/9860/ERR9860937/ERR9860937.lite.1	ERX9406009	Illumina TruSeq DNA LT Sample Prep Kit	WGS	RANDOM	GENOMIC	PAIRED	0	0	ILLUMINA	NextSeq 500	ERP138431	PRJEB53625		858752	ERS12243835	SAMEA110145023	simple	318829	Pyricularia oryzae	i5a							no					IWATE BIOTECHNOLOGY RESEARCH CENTER	ERA15665670		public	5F1E88044D36CA51FA5F9C04CCB5AB1B	8D4AEB2A65505C6C53C95139C0E51969
ERR9860871	2024-07-27 01:37:01	2024-08-07 17:56:15	644098	95880691	644098	148	39		https://sra-downloadb.be-md.ncbi.nlm.nih.gov/sos11/sra-pub-zq-1140/ERR009/9860/ERR9860871/ERR9860871.lite.1	ERX9405943	Illumina TruSeq DNA LT Sample Prep Kit	WGS	RANDOM	GENOMIC	PAIRED	0	0	ILLUMINA	NextSeq 500	ERP138431	PRJEB53625		858752	ERS12243794	SAMEA110144982	simple	318829	Pyricularia oryzae	d16a							no					IWATE BIOTECHNOLOGY RESEARCH CENTER	ERA15665670		public	12C62DC41A3BE1559B7708BD839254BC	38C53F320FB02716285B29D78123FBA6
ERR9861144	2024-07-27 02:15:46	2024-08-07 18:10:52	849162	123994053	849162	146	53		https://sra-downloadb.be-md.ncbi.nlm.nih.gov/sos11/sra-pub-zq-1140/ERR009/9861/ERR9861144/ERR9861144.lite.1	ERX9406216	Illumina TruSeq DNA LT Sample Prep Kit	WGS	RANDOM	GENOMIC	PAIRED	0	0	ILLUMINA	NextSeq 500	ERP138431	PRJEB53625		858752	ERS12243871	SAMEA110145059	simple	318829	Pyricularia oryzae	i43a							no					IWATE BIOTECHNOLOGY RESEARCH CENTER	ERA15667279		public	03F14323DBA18B5B5B351E55A8D57994	24AD6AAA1A844A386EA93DACED27127D
ERR9861176	2024-07-27 02:15:46	2024-08-08 10:18:28	928412	135774924	928412	146	59		https://sra-downloadb.be-md.ncbi.nlm.nih.gov/sos11/sra-pub-zq-1140/ERR009/9861/ERR9861176/ERR9861176.lite.1	ERX9406248	Illumina TruSeq DNA LT Sample Prep Kit	WGS	RANDOM	GENOMIC	PAIRED	0	0	ILLUMINA	NextSeq 500	ERP138431	PRJEB53625		858752	ERS12243900	SAMEA110145088	simple	318829	Pyricularia oryzae	SAMEA110145088							no					IWATE BIOTECHNOLOGY RESEARCH CENTER	ERA15667279		public	8096D8763D0F92FF9C5B4B362A58D839	3252C42BA5417747882D1B0D26762985
ERR9861142	2024-07-27 01:37:03	2024-08-07 17:55:19	1034073	150276176	1034073	145	63		https://sra-downloadb.be-md.ncbi.nlm.nih.gov/sos11/sra-pub-zq-1140/ERR009/9861/ERR9861142/ERR9861142.lite.1	ERX9406214	Illumina TruSeq DNA LT Sample Prep Kit	WGS	RANDOM	GENOMIC	PAIRED	0	0	ILLUMINA	NextSeq 500	ERP138431	PRJEB53625		858752	ERS12243869	SAMEA110145057	simple	318829	Pyricularia oryzae	SAMEA110145057							no					IWATE BIOTECHNOLOGY RESEARCH CENTER	ERA15667279		public	6D8FE1A5038E5888B327F55034B21917	5BBBD5898B26EAAD1863046E4FD7481E
SRR30248697	2024-08-15 10:21:31	2024-08-15 07:33:03	15130093	4441662942	15130093	293	1356		https://sra-downloadb.be-md.ncbi.nlm.nih.gov/sos11/sra-pub-zq-1140/SRR030/30248/SRR30248697/SRR30248697.lite.1	SRX25710101	30-50-F1	WGS	PCR	GENOMIC	PAIRED	0	0	ILLUMINA	Illumina HiSeq 4000	SRP526533	PRJNA1148345		1148345	SRS22351217	SAMN43197272	simple	318829	Pyricularia oryzae	30-50-F1							no					HUAZHONG AGRICULTURAL UNIVERSITY	SRA1948266		public	57C9F4638F34E50F094AB4FA694E1BF8	BFF00673746C6C496F3073C81FC1E5C2
SRR30248698	2024-08-15 10:21:31	2024-08-15 07:39:53	16646566	4509850905	16646566	270	2479		https://sra-downloadb.be-md.ncbi.nlm.nih.gov/sos11/sra-pub-zq-1140/SRR030/30248/SRR30248698/SRR30248698.lite.1	SRX25710100	5-9-F1	WGS	PCR	GENOMIC	PAIRED	0	0	ILLUMINA	Illumina HiSeq 4000	SRP526533	PRJNA1148345		1148345	SRS22351284	SAMN43197270	simple	318829	Pyricularia oryzae	5-9-F1							no					HUAZHONG AGRICULTURAL UNIVERSITY	SRA1948266		public	92B737441CC2E67BC9410E668E6A6AC0	1E616E90834079DEC860508763CB3B6A
SRR30308170	2025-05-04 07:37:18	2024-08-20 06:03:05	14199131	4259739300	14199131	300	1368		https://sra-downloadb.be-md.ncbi.nlm.nih.gov/sos8/sra-pub-zq-818/SRR030/30308/SRR30308170/SRR30308170.lite.1	SRX25768594	95085-illumina	WGS	RANDOM PCR	GENOMIC	PAIRED	0	0	ILLUMINA	Illumina NovaSeq 6000	SRP527452	PRJNA1146767		1146767	SRS22404818	SAMN43143352	simple	318829	Pyricularia oryzae	95085-illumina							no					FUJIAN AGRICULTURE AND FORESTRY UNIVERSITY	SRA1949022		public	75A2C11B83F32D08D5DF96CA9FC737A3	17D65CAA27837AD380A2DD2F916AC055
ERR9861191	2024-07-27 01:59:45	2024-08-07 18:05:07	1070856	491011141	1070856	458	248		https://sra-downloadb.be-md.ncbi.nlm.nih.gov/sos11/sra-pub-zq-1140/ERR009/9861/ERR9861191/ERR9861191.lite.1	ERX9406263	Illumina TruSeq DNA LT Sample Prep Kit	WGS	RANDOM	GENOMIC	PAIRED	0	0	ILLUMINA	Illumina MiSeq	ERP138431	PRJEB53625		858752	ERS12243777	SAMEA110144965	simple	318829	Pyricularia oryzae	O23							no					IWATE BIOTECHNOLOGY RESEARCH CENTER	ERA15668842		public	6C28A541866FE42C6F083BC617FF856A	2A676D6E553BE5F78A2ED8D909CD078A
ERR9860884	2024-07-27 00:45:46	2024-08-07 16:40:54	3832574	570806535	3832574	148	237		https://sra-downloadb.be-md.ncbi.nlm.nih.gov/sos11/sra-pub-zq-1140/ERR009/9860/ERR9860884/ERR9860884.lite.1	ERX9405956	Illumina TruSeq DNA LT Sample Prep Kit	WGS	RANDOM	GENOMIC	PAIRED	0	0	ILLUMINA	NextSeq 500	ERP138431	PRJEB53625		858752	ERS12243786	SAMEA110144974	simple	318829	Pyricularia oryzae	SAMEA110144974							no					IWATE BIOTECHNOLOGY RESEARCH CENTER	ERA15665670		public	232676EF3072803E1A33C0427D67BBC6	FF6572E554E6A04343AC7807476663C7
ERR9861059	2024-07-27 01:59:45	2024-08-07 18:04:31	268325	39464455	268325	147	17		https://sra-downloadb.be-md.ncbi.nlm.nih.gov/sos11/sra-pub-zq-1140/ERR009/9861/ERR9861059/ERR9861059.lite.1	ERX9406131	Illumina TruSeq DNA LT Sample Prep Kit	WGS	RANDOM	GENOMIC	PAIRED	0	0	ILLUMINA	NextSeq 500	ERP138431	PRJEB53625		858752	ERS12243789	SAMEA110144977	simple	318829	Pyricularia oryzae	SAMEA110144977							no					IWATE BIOTECHNOLOGY RESEARCH CENTER	ERA15667279		public	5A19A39E35A9D4DCA2DB1DE6BF5A6DBD	DCB8F5FC79579E768A75C7ED5611832D
ERR9860866	2024-07-26 23:18:51	2024-08-07 16:10:00	3604935	536773923	3604935	148	224		https://sra-downloadb.be-md.ncbi.nlm.nih.gov/sos11/sra-pub-zq-1140/ERR009/9860/ERR9860866/ERR9860866.lite.1	ERX9405938	Illumina TruSeq DNA LT Sample Prep Kit	WGS	RANDOM	GENOMIC	PAIRED	0	0	ILLUMINA	NextSeq 500	ERP138431	PRJEB53625		858752	ERS12243789	SAMEA110144977	simple	318829	Pyricularia oryzae	SAMEA110144977							no					IWATE BIOTECHNOLOGY RESEARCH CENTER	ERA15665670		public	7548511EE7849BA14F1304E81A03B84F	21E22C1B73B4FE01472040EEA3D9934B
ERR9860868	2024-07-26 23:59:47	2024-08-07 16:34:31	1936631	287723163	1936631	148	113		https://sra-downloadb.be-md.ncbi.nlm.nih.gov/sos11/sra-pub-zq-1140/ERR009/9860/ERR9860868/ERR9860868.lite.1	ERX9405940	Illumina TruSeq DNA LT Sample Prep Kit	WGS	RANDOM	GENOMIC	PAIRED	0	0	ILLUMINA	NextSeq 500	ERP138431	PRJEB53625		858752	ERS12243791	SAMEA110144979	simple	318829	Pyricularia oryzae	SAMEA110144979							no					IWATE BIOTECHNOLOGY RESEARCH CENTER	ERA15665670		public	0E87AD5E7843C3F6BB9090E5EA48CBCA	BADD33DB4FD1B81629158C0FFB83C3FF
ERR9861061	2024-07-27 02:15:45	2024-08-07 18:08:01	1508326	223015786	1508326	147	96		https://sra-downloadb.be-md.ncbi.nlm.nih.gov/sos11/sra-pub-zq-1140/ERR009/9861/ERR9861061/ERR9861061.lite.1	ERX9406133	Illumina TruSeq DNA LT Sample Prep Kit	WGS	RANDOM	GENOMIC	PAIRED	0	0	ILLUMINA	NextSeq 500	ERP138431	PRJEB53625		858752	ERS12243791	SAMEA110144979	simple	318829	Pyricularia oryzae	SAMEA110144979							no					IWATE BIOTECHNOLOGY RESEARCH CENTER	ERA15667279		public	067A49F8576235260634602DCDA87A41	002F1946C1C4B3F025E664E51ADD3218
ERR9860876	2024-07-27 02:15:45	2024-08-07 18:15:24	3601560	536957906	3601560	149	220		https://sra-downloadb.be-md.ncbi.nlm.nih.gov/sos11/sra-pub-zq-1140/ERR009/9860/ERR9860876/ERR9860876.lite.1	ERX9405948	Illumina TruSeq DNA LT Sample Prep Kit	WGS	RANDOM	GENOMIC	PAIRED	0	0	ILLUMINA	NextSeq 500	ERP138431	PRJEB53625		858752	ERS12243798	SAMEA110144986	simple	318829	Pyricularia oryzae	SAMEA110144986							no					IWATE BIOTECHNOLOGY RESEARCH CENTER	ERA15665670		public	95A85B797811C0966EB1EFB996CD93EF	FF31E8683031406214097B7DC034453C
ERR9861069	2024-07-26 23:52:12	2024-08-07 16:28:44	673724	96598695	673724	143	39		https://sra-downloadb.be-md.ncbi.nlm.nih.gov/sos11/sra-pub-zq-1140/ERR009/9861/ERR9861069/ERR9861069.lite.1	ERX9406141	Illumina TruSeq DNA LT Sample Prep Kit	WGS	RANDOM	GENOMIC	PAIRED	0	0	ILLUMINA	NextSeq 500	ERP138431	PRJEB53625		858752	ERS12243798	SAMEA110144986	simple	318829	Pyricularia oryzae	SAMEA110144986							no					IWATE BIOTECHNOLOGY RESEARCH CENTER	ERA15667279		public	171C332005524D51E5D3620745EDA561	98B0FA210FE75607934198163D1F4F75
ERR9861071	2024-07-27 02:15:45	2024-08-07 18:08:39	3932497	580214852	3932497	147	235		https://sra-downloadb.be-md.ncbi.nlm.nih.gov/sos11/sra-pub-zq-1140/ERR009/9861/ERR9861071/ERR9861071.lite.1	ERX9406143	Illumina TruSeq DNA LT Sample Prep Kit	WGS	RANDOM	GENOMIC	PAIRED	0	0	ILLUMINA	NextSeq 500	ERP138431	PRJEB53625		858752	ERS12243800	SAMEA110144988	simple	318829	Pyricularia oryzae	SAMEA110144988							no					IWATE BIOTECHNOLOGY RESEARCH CENTER	ERA15667279		public	42868EFB596868A1CE427DC5FF4FD076	1A1CD4199F4A6CCEF4C79424219B7EE6
ERR9861073	2024-07-26 20:24:50	2024-08-07 12:26:04	3285764	486649437	3285764	148	197		https://sra-downloadb.be-md.ncbi.nlm.nih.gov/sos11/sra-pub-zq-1140/ERR009/9861/ERR9861073/ERR9861073.lite.1	ERX9406145	Illumina TruSeq DNA LT Sample Prep Kit	WGS	RANDOM	GENOMIC	PAIRED	0	0	ILLUMINA	NextSeq 500	ERP138431	PRJEB53625		858752	ERS12243802	SAMEA110144990	simple	318829	Pyricularia oryzae	SAMEA110144990							no					IWATE BIOTECHNOLOGY RESEARCH CENTER	ERA15667279		public	E70EFB396E56F14B71FF32F0BCD3A112	FD44C61F52E7F79AC580FD8F712B6BB2
ERR9861078	2024-07-27 02:15:45	2024-08-07 18:11:47	5345182	791223450	5345182	148	323		https://sra-downloadb.be-md.ncbi.nlm.nih.gov/sos11/sra-pub-zq-1140/ERR009/9861/ERR9861078/ERR9861078.lite.1	ERX9406150	Illumina TruSeq DNA LT Sample Prep Kit	WGS	RANDOM	GENOMIC	PAIRED	0	0	ILLUMINA	NextSeq 500	ERP138431	PRJEB53625		858752	ERS12243807	SAMEA110144995	simple	318829	Pyricularia oryzae	SAMEA110144995							no					IWATE BIOTECHNOLOGY RESEARCH CENTER	ERA15667279		public	8C1B2CDA5255CC5DA7734A8796B3D61D	552CBB5061668D95DDB36650E5948D7C
ERR9861093	2024-07-27 02:15:45	2024-08-07 18:09:56	3571697	530672837	3571697	148	220		https://sra-downloadb.be-md.ncbi.nlm.nih.gov/sos11/sra-pub-zq-1140/ERR009/9861/ERR9861093/ERR9861093.lite.1	ERX9406165	Illumina TruSeq DNA LT Sample Prep Kit	WGS	RANDOM	GENOMIC	PAIRED	0	0	ILLUMINA	NextSeq 500	ERP138431	PRJEB53625		858752	ERS12243820	SAMEA110145008	simple	318829	Pyricularia oryzae	SAMEA110145008							no					IWATE BIOTECHNOLOGY RESEARCH CENTER	ERA15667279		public	8C20715FFD619EED2AD480C2B1F9B49C	C7FFC61F77FD6AF72A00D56DA4C1906E
ERR9861101	2024-07-26 20:12:41	2024-08-07 12:19:50	4163955	614424692	4163955	147	250		https://sra-downloadb.be-md.ncbi.nlm.nih.gov/sos11/sra-pub-zq-1140/ERR009/9861/ERR9861101/ERR9861101.lite.1	ERX9406173	Illumina TruSeq DNA LT Sample Prep Kit	WGS	RANDOM	GENOMIC	PAIRED	0	0	ILLUMINA	NextSeq 500	ERP138431	PRJEB53625		858752	ERS12243827	SAMEA110145015	simple	318829	Pyricularia oryzae	SAMEA110145015							no					IWATE BIOTECHNOLOGY RESEARCH CENTER	ERA15667279		public	9A2450936AADDC8CC66AC54F042CED71	F8AEC71A66DB2D08CBEAE62ABB02C434
ERR9861121	2024-07-26 20:24:50	2024-08-07 12:31:36	1264516	175410183	1264516	138	73		https://sra-downloadb.be-md.ncbi.nlm.nih.gov/sos11/sra-pub-zq-1140/ERR009/9861/ERR9861121/ERR9861121.lite.1	ERX9406193	Illumina TruSeq DNA LT Sample Prep Kit	WGS	RANDOM	GENOMIC	PAIRED	0	0	ILLUMINA	NextSeq 500	ERP138431	PRJEB53625		858752	ERS12243832	SAMEA110145020	simple	318829	Pyricularia oryzae	SAMEA110145020							no					IWATE BIOTECHNOLOGY RESEARCH CENTER	ERA15667279		public	28345C5D6D40656A9AA7E1C2623B4B3E	72CDE28C1E0FF9C80F034EC00B76A2E1
ERR9861140	2024-07-27 01:37:02	2024-08-07 17:58:29	666367	96237516	666367	144	41		https://sra-downloadb.be-md.ncbi.nlm.nih.gov/sos11/sra-pub-zq-1140/ERR009/9861/ERR9861140/ERR9861140.lite.1	ERX9406212	Illumina TruSeq DNA LT Sample Prep Kit	WGS	RANDOM	GENOMIC	PAIRED	0	0	ILLUMINA	NextSeq 500	ERP138431	PRJEB53625		858752	ERS12243833	SAMEA110145021	simple	318829	Pyricularia oryzae	SAMEA110145021							no					IWATE BIOTECHNOLOGY RESEARCH CENTER	ERA15667279		public	7FF457BAF03ABC0A6E419656B4945A05	1F0FA86E648A30650774BB2D29FA2A1E
ERR9860926	2024-07-26 22:37:52	2024-08-07 14:03:20	2910903	432970934	2910903	148	180		https://sra-downloadb.be-md.ncbi.nlm.nih.gov/sos11/sra-pub-zq-1140/ERR009/9860/ERR9860926/ERR9860926.lite.1	ERX9405998	Illumina TruSeq DNA LT Sample Prep Kit	WGS	RANDOM	GENOMIC	PAIRED	0	0	ILLUMINA	NextSeq 500	ERP138431	PRJEB53625		858752	ERS12243834	SAMEA110145022	simple	318829	Pyricularia oryzae	SAMEA110145022							no					IWATE BIOTECHNOLOGY RESEARCH CENTER	ERA15665670		public	6078248FA1A4FEC7DDDAB63B8C314F5C	3496A881B74EF82218AB3FD27FAA9FF3
ERR9861151	2024-07-26 23:36:02	2024-08-07 16:27:14	561239	80741255	561239	143	36		https://sra-downloadb.be-md.ncbi.nlm.nih.gov/sos11/sra-pub-zq-1140/ERR009/9861/ERR9861151/ERR9861151.lite.1	ERX9406223	Illumina TruSeq DNA LT Sample Prep Kit	WGS	RANDOM	GENOMIC	PAIRED	0	0	ILLUMINA	NextSeq 500	ERP138431	PRJEB53625		858752	ERS12243834	SAMEA110145022	simple	318829	Pyricularia oryzae	SAMEA110145022							no					IWATE BIOTECHNOLOGY RESEARCH CENTER	ERA15667279		public	A6B9CE018A2E27D3F38B05B2F9582E2B	16A04C5B24E8AC60595F1AA602F3D930
ERR9861186	2024-07-26 20:12:41	2024-08-07 12:23:10	1078169	157289591	1078169	145	66		https://sra-downloadb.be-md.ncbi.nlm.nih.gov/sos11/sra-pub-zq-1140/ERR009/9861/ERR9861186/ERR9861186.lite.1	ERX9406258	Illumina TruSeq DNA LT Sample Prep Kit	WGS	RANDOM	GENOMIC	PAIRED	0	0	ILLUMINA	NextSeq 500	ERP138431	PRJEB53625		858752	ERS12243838	SAMEA110145026	simple	318829	Pyricularia oryzae	SAMEA110145026							no					IWATE BIOTECHNOLOGY RESEARCH CENTER	ERA15667279		public	31B71D9B568466E5DA1C0B407DAD5681	9D1A6C33E3BCBA9BFEB89127D2F40296
ERR9860886	2024-07-27 00:11:14	2024-08-07 16:39:32	2110233	314451777	2110233	149	131		https://sra-downloadb.be-md.ncbi.nlm.nih.gov/sos11/sra-pub-zq-1140/ERR009/9860/ERR9860886/ERR9860886.lite.1	ERX9405958	Illumina TruSeq DNA LT Sample Prep Kit	WGS	RANDOM	GENOMIC	PAIRED	0	0	ILLUMINA	NextSeq 500	ERP138431	PRJEB53625		858752	ERS12243840	SAMEA110145028	simple	318829	Pyricularia oryzae	SAMEA110145028							no					IWATE BIOTECHNOLOGY RESEARCH CENTER	ERA15665670		public	F48C100FD79D2D4CEF2A66DF60777E14	1B108CC7FA0E207B08064342E8E104E1
ERR9861113	2024-07-26 20:24:50	2024-08-19 08:15:52	1252284	166063476	1252284	132	72		https://sra-downloadb.be-md.ncbi.nlm.nih.gov/sos11/sra-pub-zq-1140/ERR009/9861/ERR9861113/ERR9861113.lite.1	ERX9406185	Illumina TruSeq DNA LT Sample Prep Kit	WGS	RANDOM	GENOMIC	PAIRED	0	0	ILLUMINA	NextSeq 500	ERP138431	PRJEB53625		858752	ERS12243842	SAMEA110145030	simple	318829	Pyricularia oryzae	SAMEA110145030							no					IWATE BIOTECHNOLOGY RESEARCH CENTER	ERA15667279		public	24BDC6DEE81538CB0B4BA73D505DD3F9	3CC21F188C747AB320B0245D1CDC1502
ERR9861114	2024-07-27 01:37:02	2024-08-07 17:59:11	943191	129358458	943191	137	55		https://sra-downloadb.be-md.ncbi.nlm.nih.gov/sos11/sra-pub-zq-1140/ERR009/9861/ERR9861114/ERR9861114.lite.1	ERX9406186	Illumina TruSeq DNA LT Sample Prep Kit	WGS	RANDOM	GENOMIC	PAIRED	0	0	ILLUMINA	NextSeq 500	ERP138431	PRJEB53625		858752	ERS12243843	SAMEA110145031	simple	318829	Pyricularia oryzae	SAMEA110145031							no					IWATE BIOTECHNOLOGY RESEARCH CENTER	ERA15667279		public	9F3A2BF0BC2EB9F3DD71EBE9B4FCE931	282462E27C1301668B1413529B968EE2
ERR9860894	2024-07-26 20:33:29	2024-08-07 12:37:48	3915932	583801527	3915932	149	242		https://sra-downloadb.be-md.ncbi.nlm.nih.gov/sos11/sra-pub-zq-1140/ERR009/9860/ERR9860894/ERR9860894.lite.1	ERX9405966	Illumina TruSeq DNA LT Sample Prep Kit	WGS	RANDOM	GENOMIC	PAIRED	0	0	ILLUMINA	NextSeq 500	ERP138431	PRJEB53625		858752	ERS12243848	SAMEA110145036	simple	318829	Pyricularia oryzae	SAMEA110145036							no					IWATE BIOTECHNOLOGY RESEARCH CENTER	ERA15665670		public	47EE69CE25B4445ABC8AEDBAC5129FA3	2AE7DCE51AEF2202CB4E42E73E1826D3
ERR9860897	2024-07-26 23:36:02	2024-08-07 16:27:44	1702905	253811190	1702905	149	106		https://sra-downloadb.be-md.ncbi.nlm.nih.gov/sos11/sra-pub-zq-1140/ERR009/9860/ERR9860897/ERR9860897.lite.1	ERX9405969	Illumina TruSeq DNA LT Sample Prep Kit	WGS	RANDOM	GENOMIC	PAIRED	0	0	ILLUMINA	NextSeq 500	ERP138431	PRJEB53625		858752	ERS12243850	SAMEA110145038	simple	318829	Pyricularia oryzae	SAMEA110145038							no					IWATE BIOTECHNOLOGY RESEARCH CENTER	ERA15665670		public	0F1DBB41447AC0FA5B18E17D35A3518B	D9E65F0EAD8D3473E26084D3B073125E
ERR9860900	2024-07-26 19:18:55	2024-08-07 10:43:09	3133335	466857056	3133335	148	190		https://sra-downloadb.be-md.ncbi.nlm.nih.gov/sos11/sra-pub-zq-1140/ERR009/9860/ERR9860900/ERR9860900.lite.1	ERX9405972	Illumina TruSeq DNA LT Sample Prep Kit	WGS	RANDOM	GENOMIC	PAIRED	0	0	ILLUMINA	NextSeq 500	ERP138431	PRJEB53625		858752	ERS12243853	SAMEA110145041	simple	318829	Pyricularia oryzae	SAMEA110145041							no					IWATE BIOTECHNOLOGY RESEARCH CENTER	ERA15665670		public	1C7359AB53AE55E5701C1875F15F8119	4B794ADC76D798BD07982AE9224E384E
ERR9860901	2024-07-26 20:12:40	2024-08-07 12:17:45	4549691	677781205	4549691	148	275		https://sra-downloadb.be-md.ncbi.nlm.nih.gov/sos11/sra-pub-zq-1140/ERR009/9860/ERR9860901/ERR9860901.lite.1	ERX9405973	Illumina TruSeq DNA LT Sample Prep Kit	WGS	RANDOM	GENOMIC	PAIRED	0	0	ILLUMINA	NextSeq 500	ERP138431	PRJEB53625		858752	ERS12243854	SAMEA110145042	simple	318829	Pyricularia oryzae	SAMEA110145042							no					IWATE BIOTECHNOLOGY RESEARCH CENTER	ERA15665670		public	CB93A37E6B3B1C2A3046A089542F519A	94ADFC81F01F1314DC53001D84E1A5AE
ERR9860903	2024-07-26 23:59:47	2024-08-07 16:33:54	3569574	531783352	3569574	148	219		https://sra-downloadb.be-md.ncbi.nlm.nih.gov/sos11/sra-pub-zq-1140/ERR009/9860/ERR9860903/ERR9860903.lite.1	ERX9405975	Illumina TruSeq DNA LT Sample Prep Kit	WGS	RANDOM	GENOMIC	PAIRED	0	0	ILLUMINA	NextSeq 500	ERP138431	PRJEB53625		858752	ERS12243856	SAMEA110145044	simple	318829	Pyricularia oryzae	SAMEA110145044							no					IWATE BIOTECHNOLOGY RESEARCH CENTER	ERA15665670		public	86A5C36E388FE5635642AC0DD8B5AFB7	EB57CA6DBCDF0B4192A8010EAB093827
ERR9860908	2024-07-26 20:12:40	2024-08-07 12:20:52	4911201	732124454	4911201	149	295		https://sra-downloadb.be-md.ncbi.nlm.nih.gov/sos11/sra-pub-zq-1140/ERR009/9860/ERR9860908/ERR9860908.lite.1	ERX9405980	Illumina TruSeq DNA LT Sample Prep Kit	WGS	RANDOM	GENOMIC	PAIRED	0	0	ILLUMINA	NextSeq 500	ERP138431	PRJEB53625		858752	ERS12243861	SAMEA110145049	simple	318829	Pyricularia oryzae	SAMEA110145049							no					IWATE BIOTECHNOLOGY RESEARCH CENTER	ERA15665670		public	A56C967A105762C5138016430B074556	14E0FD9D1E3E106BADF909CA5DC4E997
ERR9861133	2024-07-26 20:24:50	2024-08-07 12:33:33	1136653	161493356	1136653	142	67		https://sra-downloadb.be-md.ncbi.nlm.nih.gov/sos11/sra-pub-zq-1140/ERR009/9861/ERR9861133/ERR9861133.lite.1	ERX9406205	Illumina TruSeq DNA LT Sample Prep Kit	WGS	RANDOM	GENOMIC	PAIRED	0	0	ILLUMINA	NextSeq 500	ERP138431	PRJEB53625		858752	ERS12243861	SAMEA110145049	simple	318829	Pyricularia oryzae	SAMEA110145049							no					IWATE BIOTECHNOLOGY RESEARCH CENTER	ERA15667279		public	300242377B31175B11B7CDCA0E8F51FB	BDDA7CF61D7C514E0A4D1E6BB25981A8
ERR9861135	2024-07-26 20:24:50	2024-08-07 12:28:21	1059019	153832680	1059019	145	63		https://sra-downloadb.be-md.ncbi.nlm.nih.gov/sos11/sra-pub-zq-1140/ERR009/9861/ERR9861135/ERR9861135.lite.1	ERX9406207	Illumina TruSeq DNA LT Sample Prep Kit	WGS	RANDOM	GENOMIC	PAIRED	0	0	ILLUMINA	NextSeq 500	ERP138431	PRJEB53625		858752	ERS12243863	SAMEA110145051	simple	318829	Pyricularia oryzae	SAMEA110145051							no					IWATE BIOTECHNOLOGY RESEARCH CENTER	ERA15667279		public	D9EE29F7862C081B8FDDA38244AF1EA2	E9FE7EF5302D7A253865B33A52500110
ERR9861136	2024-07-27 00:11:14	2024-08-07 16:36:06	1184860	174582294	1184860	147	76		https://sra-downloadb.be-md.ncbi.nlm.nih.gov/sos11/sra-pub-zq-1140/ERR009/9861/ERR9861136/ERR9861136.lite.1	ERX9406208	Illumina TruSeq DNA LT Sample Prep Kit	WGS	RANDOM	GENOMIC	PAIRED	0	0	ILLUMINA	NextSeq 500	ERP138431	PRJEB53625		858752	ERS12243864	SAMEA110145052	simple	318829	Pyricularia oryzae	SAMEA110145052							no					IWATE BIOTECHNOLOGY RESEARCH CENTER	ERA15667279		public	3D4F9C3594ACD20E883E3F54DCF53F2F	B7C26404B9BE557EB68452449C41F4B9
ERR9861141	2024-07-27 00:11:14	2024-08-07 16:36:36	1231347	180522861	1231347	146	76		https://sra-downloadb.be-md.ncbi.nlm.nih.gov/sos11/sra-pub-zq-1140/ERR009/9861/ERR9861141/ERR9861141.lite.1	ERX9406213	Illumina TruSeq DNA LT Sample Prep Kit	WGS	RANDOM	GENOMIC	PAIRED	0	0	ILLUMINA	NextSeq 500	ERP138431	PRJEB53625		858752	ERS12243868	SAMEA110145056	simple	318829	Pyricularia oryzae	SAMEA110145056							no					IWATE BIOTECHNOLOGY RESEARCH CENTER	ERA15667279		public	DE27FBED7EA5A7E4803D58EA39C0088E	BAD0CB5587337F8C73FB2FF2F9366090
ERR9860916	2024-07-27 01:59:44	2024-08-07 18:02:29	3906783	582078793	3906783	148	239		https://sra-downloadb.be-md.ncbi.nlm.nih.gov/sos11/sra-pub-zq-1140/ERR009/9860/ERR9860916/ERR9860916.lite.1	ERX9405988	Illumina TruSeq DNA LT Sample Prep Kit	WGS	RANDOM	GENOMIC	PAIRED	0	0	ILLUMINA	NextSeq 500	ERP138431	PRJEB53625		858752	ERS12243868	SAMEA110145056	simple	318829	Pyricularia oryzae	SAMEA110145056							no					IWATE BIOTECHNOLOGY RESEARCH CENTER	ERA15665670		public	D68CB4F1025A1D804E5D1C05D351C719	6C066F7420F13B3C688D5EDA5C05026C
ERR9860917	2024-07-26 23:59:47	2024-08-07 16:33:48	3440693	512884656	3440693	149	211		https://sra-downloadb.be-md.ncbi.nlm.nih.gov/sos11/sra-pub-zq-1140/ERR009/9860/ERR9860917/ERR9860917.lite.1	ERX9405989	Illumina TruSeq DNA LT Sample Prep Kit	WGS	RANDOM	GENOMIC	PAIRED	0	0	ILLUMINA	NextSeq 500	ERP138431	PRJEB53625		858752	ERS12243869	SAMEA110145057	simple	318829	Pyricularia oryzae	SAMEA110145057							no					IWATE BIOTECHNOLOGY RESEARCH CENTER	ERA15665670		public	0C82E9767A9144CF8D24BFCD907CC1DB	3FD35C158F5104D53238411D9508A2DD
ERR9861143	2024-07-27 01:59:45	2024-08-07 18:03:05	985033	143834395	985033	146	62		https://sra-downloadb.be-md.ncbi.nlm.nih.gov/sos11/sra-pub-zq-1140/ERR009/9861/ERR9861143/ERR9861143.lite.1	ERX9406215	Illumina TruSeq DNA LT Sample Prep Kit	WGS	RANDOM	GENOMIC	PAIRED	0	0	ILLUMINA	NextSeq 500	ERP138431	PRJEB53625		858752	ERS12243870	SAMEA110145058	simple	318829	Pyricularia oryzae	SAMEA110145058							no					IWATE BIOTECHNOLOGY RESEARCH CENTER	ERA15667279		public	4F65C0ECB7D1FFD06095BF61218B4549	D4887CA8CAE1DD0063583064008639BD
ERR9860924	2024-07-26 23:59:47	2024-08-07 16:34:32	6600112	983035210	6600112	148	403		https://sra-downloadb.be-md.ncbi.nlm.nih.gov/sos11/sra-pub-zq-1140/ERR009/9860/ERR9860924/ERR9860924.lite.1	ERX9405996	Illumina TruSeq DNA LT Sample Prep Kit	WGS	RANDOM	GENOMIC	PAIRED	0	0	ILLUMINA	NextSeq 500	ERP138431	PRJEB53625		858752	ERS12243876	SAMEA110145064	simple	318829	Pyricularia oryzae	SAMEA110145064							no					IWATE BIOTECHNOLOGY RESEARCH CENTER	ERA15665670		public	0B9F9CDADBAA3784E28A94CF11DA4E53	198F6025DAEC50B1154C58E2A8344FBB
ERR9861154	2024-07-26 20:24:50	2024-08-19 08:15:47	1100382	160593910	1100382	145	68		https://sra-downloadb.be-md.ncbi.nlm.nih.gov/sos11/sra-pub-zq-1140/ERR009/9861/ERR9861154/ERR9861154.lite.1	ERX9406226	Illumina TruSeq DNA LT Sample Prep Kit	WGS	RANDOM	GENOMIC	PAIRED	0	0	ILLUMINA	NextSeq 500	ERP138431	PRJEB53625		858752	ERS12243880	SAMEA110145068	simple	318829	Pyricularia oryzae	SAMEA110145068							no					IWATE BIOTECHNOLOGY RESEARCH CENTER	ERA15667279		public	2583C9C2C6A7723FADB1B9AF9541B2A0	93C2339BB8043AC3CE0F9540C501D2C9
ERR9860936	2024-07-26 23:59:47	2024-08-07 16:34:27	4661548	694541210	4661548	148	286		https://sra-downloadb.be-md.ncbi.nlm.nih.gov/sos11/sra-pub-zq-1140/ERR009/9860/ERR9860936/ERR9860936.lite.1	ERX9406008	Illumina TruSeq DNA LT Sample Prep Kit	WGS	RANDOM	GENOMIC	PAIRED	0	0	ILLUMINA	NextSeq 500	ERP138431	PRJEB53625		858752	ERS12243887	SAMEA110145075	simple	318829	Pyricularia oryzae	SAMEA110145075							no					IWATE BIOTECHNOLOGY RESEARCH CENTER	ERA15665670		public	744D4A6BC1DFAA1649AF23301C659F92	A4F9515EC43589A56F1AF8400F14495F
ERR9861175	2024-07-27 00:11:14	2024-08-07 16:36:04	837091	123104653	837091	147	53		https://sra-downloadb.be-md.ncbi.nlm.nih.gov/sos11/sra-pub-zq-1140/ERR009/9861/ERR9861175/ERR9861175.lite.1	ERX9406247	Illumina TruSeq DNA LT Sample Prep Kit	WGS	RANDOM	GENOMIC	PAIRED	0	0	ILLUMINA	NextSeq 500	ERP138431	PRJEB53625		858752	ERS12243899	SAMEA110145087	simple	318829	Pyricularia oryzae	SAMEA110145087							no					IWATE BIOTECHNOLOGY RESEARCH CENTER	ERA15667279		public	68785950A20BB1BFDDF3F34DAACADAD6	FFEFF2B1388DDE62FCE8450FF815F0B5
ERR9860951	2024-07-26 20:24:49	2024-08-07 12:34:33	7787195	1159724672	7787195	148	477		https://sra-downloadb.be-md.ncbi.nlm.nih.gov/sos11/sra-pub-zq-1140/ERR009/9860/ERR9860951/ERR9860951.lite.1	ERX9406023	Illumina TruSeq DNA LT Sample Prep Kit	WGS	RANDOM	GENOMIC	PAIRED	0	0	ILLUMINA	NextSeq 500	ERP138431	PRJEB53625		858752	ERS12243900	SAMEA110145088	simple	318829	Pyricularia oryzae	SAMEA110145088							no					IWATE BIOTECHNOLOGY RESEARCH CENTER	ERA15665670		public	B3BD8D69DDE8943D45F77CF456B06AB0	4D5992BB2FC44F90D7D0960D3490C5B9
ERR9861185	2024-07-27 02:15:46	2024-08-07 18:14:32	562329	83496417	562329	148	35		https://sra-downloadb.be-md.ncbi.nlm.nih.gov/sos11/sra-pub-zq-1140/ERR009/9861/ERR9861185/ERR9861185.lite.1	ERX9406257	Illumina TruSeq DNA LT Sample Prep Kit	WGS	RANDOM	GENOMIC	PAIRED	0	0	ILLUMINA	NextSeq 500	ERP138431	PRJEB53625		858752	ERS12243908	SAMEA110145096	simple	318829	Pyricularia oryzae	SAMEA110145096							no					IWATE BIOTECHNOLOGY RESEARCH CENTER	ERA15667279		public	B3FB8B523C38022B01AA0E5145B729CD	072A01A33B0FAD7ABAF834B87CEA3C11
ERR9860961	2024-07-27 01:37:02	2024-08-07 17:59:46	3265303	486536439	3265303	149	197		https://sra-downloadb.be-md.ncbi.nlm.nih.gov/sos11/sra-pub-zq-1140/ERR009/9860/ERR9860961/ERR9860961.lite.1	ERX9406033	Illumina TruSeq DNA LT Sample Prep Kit	WGS	RANDOM	GENOMIC	PAIRED	0	0	ILLUMINA	NextSeq 500	ERP138431	PRJEB53625		858752	ERS12243909	SAMEA110145097	simple	318829	Pyricularia oryzae	SAMEA110145097							no					IWATE BIOTECHNOLOGY RESEARCH CENTER	ERA15665670		public	0D6C84CD1D2276C78F2852510161F2E2	E3CB469E48EB3AF1F71AA397AB4CF7DA
ERR9860963	2024-07-26 23:59:47	2024-08-07 16:32:59	3481666	518765853	3481666	148	208		https://sra-downloadb.be-md.ncbi.nlm.nih.gov/sos11/sra-pub-zq-1140/ERR009/9860/ERR9860963/ERR9860963.lite.1	ERX9406035	Illumina TruSeq DNA LT Sample Prep Kit	WGS	RANDOM	GENOMIC	PAIRED	0	0	ILLUMINA	NextSeq 500	ERP138431	PRJEB53625		858752	ERS12243911	SAMEA110145099	simple	318829	Pyricularia oryzae	SAMEA110145099							no					IWATE BIOTECHNOLOGY RESEARCH CENTER	ERA15665670		public	971472B9CC23D4952B0171F8E5A3239F	FC9BC2DFCF885340393053D1937C8F6F
ERR9860964	2024-07-27 00:45:46	2024-08-07 17:52:45	3016476	449338642	3016476	148	179		https://sra-downloadb.be-md.ncbi.nlm.nih.gov/sos11/sra-pub-zq-1140/ERR009/9860/ERR9860964/ERR9860964.lite.1	ERX9406036	Illumina TruSeq DNA LT Sample Prep Kit	WGS	RANDOM	GENOMIC	PAIRED	0	0	ILLUMINA	NextSeq 500	ERP138431	PRJEB53625		858752	ERS12243912	SAMEA110145100	simple	318829	Pyricularia oryzae	SAMEA110145100							no					IWATE BIOTECHNOLOGY RESEARCH CENTER	ERA15665670		public	EFAB582B9F9B5C2E6A229DAD2408EDE3	01BF1ED1939FDA46F3FF1D4CF7C71A4B
ERR9860965	2024-07-27 01:59:44	2024-08-07 18:04:18	2297980	342286109	2297980	148	137		https://sra-downloadb.be-md.ncbi.nlm.nih.gov/sos11/sra-pub-zq-1140/ERR009/9860/ERR9860965/ERR9860965.lite.1	ERX9406037	Illumina TruSeq DNA LT Sample Prep Kit	WGS	RANDOM	GENOMIC	PAIRED	0	0	ILLUMINA	NextSeq 500	ERP138431	PRJEB53625		858752	ERS12243913	SAMEA110145101	simple	318829	Pyricularia oryzae	SAMEA110145101							no					IWATE BIOTECHNOLOGY RESEARCH CENTER	ERA15665670		public	93EAE9DF993E1A6536B7D070C78D2B41	3E268D0E417531FBF1DFB241C6939135
ERR9860967	2024-07-27 02:15:45	2024-08-20 02:50:34	4022303	598877850	4022303	148	239		https://sra-downloadb.be-md.ncbi.nlm.nih.gov/sos11/sra-pub-zq-1140/ERR009/9860/ERR9860967/ERR9860967.lite.1	ERX9406039	Illumina TruSeq DNA LT Sample Prep Kit	WGS	RANDOM	GENOMIC	PAIRED	0	0	ILLUMINA	NextSeq 500	ERP138431	PRJEB53625		858752	ERS12243915	SAMEA110145103	simple	318829	Pyricularia oryzae	SAMEA110145103							no					IWATE BIOTECHNOLOGY RESEARCH CENTER	ERA15665670		public	41A94F169F0E4E57417B4EF7D811BD71	BD72009088149419615AEA5F04ACE892
ERR9860968	2024-07-27 01:37:02	2024-08-07 18:01:09	2833963	422170912	2833963	148	170		https://sra-downloadb.be-md.ncbi.nlm.nih.gov/sos11/sra-pub-zq-1140/ERR009/9860/ERR9860968/ERR9860968.lite.1	ERX9406040	Illumina TruSeq DNA LT Sample Prep Kit	WGS	RANDOM	GENOMIC	PAIRED	0	0	ILLUMINA	NextSeq 500	ERP138431	PRJEB53625		858752	ERS12243916	SAMEA110145104	simple	318829	Pyricularia oryzae	SAMEA110145104							no					IWATE BIOTECHNOLOGY RESEARCH CENTER	ERA15665670		public	3C59EE44F1658BA242A0EB74A85608E8	3452A25372F6605BC8495F463A02CFC0
ERR9860971	2024-07-26 23:25:50	2024-08-07 16:13:08	2553044	380330313	2553044	148	152		https://sra-downloadb.be-md.ncbi.nlm.nih.gov/sos11/sra-pub-zq-1140/ERR009/9860/ERR9860971/ERR9860971.lite.1	ERX9406043	Illumina TruSeq DNA LT Sample Prep Kit	WGS	RANDOM	GENOMIC	PAIRED	0	0	ILLUMINA	NextSeq 500	ERP138431	PRJEB53625		858752	ERS12243918	SAMEA110145106	simple	318829	Pyricularia oryzae	SAMEA110145106							no					IWATE BIOTECHNOLOGY RESEARCH CENTER	ERA15665670		public	0A71FBEA366724ADA25AE821C135D914	DF73607E5BE9B5EA0837751384B5CC0A
ERR9860975	2024-07-27 01:37:02	2024-08-07 18:00:11	2198846	327658472	2198846	149	133		https://sra-downloadb.be-md.ncbi.nlm.nih.gov/sos11/sra-pub-zq-1140/ERR009/9860/ERR9860975/ERR9860975.lite.1	ERX9406047	Illumina TruSeq DNA LT Sample Prep Kit	WGS	RANDOM	GENOMIC	PAIRED	0	0	ILLUMINA	NextSeq 500	ERP138431	PRJEB53625		858752	ERS12243922	SAMEA110145110	simple	318829	Pyricularia oryzae	SAMEA110145110							no					IWATE BIOTECHNOLOGY RESEARCH CENTER	ERA15665670		public	740CF00431F62E14E262499B3E0AD914	ACA520D5A8C7420B1BA97FF4A4683A93
ERR9861055	2024-07-26 20:24:50	2024-08-07 12:27:44	4137938	613774727	4137938	148	253		https://sra-downloadb.be-md.ncbi.nlm.nih.gov/sos11/sra-pub-zq-1140/ERR009/9861/ERR9861055/ERR9861055.lite.1	ERX9406127	Illumina TruSeq DNA LT Sample Prep Kit	WGS	RANDOM	GENOMIC	PAIRED	0	0	ILLUMINA	NextSeq 500	ERP138431	PRJEB53625		858752	ERS12243778	SAMEA110144966	simple	318829	Pyricularia oryzae	TH3o							no					IWATE BIOTECHNOLOGY RESEARCH CENTER	ERA15667279		public	CEDCC77E6ACEF1FA0D0A6EA694EFC689	D3DEEC1B928A3600B0F223FB54C0349F
ERR9860879	2024-07-26 23:25:50	2024-08-07 16:14:56	4118383	613876507	4118383	149	250		https://sra-downloadb.be-md.ncbi.nlm.nih.gov/sos11/sra-pub-zq-1140/ERR009/9860/ERR9860879/ERR9860879.lite.1	ERX9405951	Illumina TruSeq DNA LT Sample Prep Kit	WGS	RANDOM	GENOMIC	PAIRED	0	0	ILLUMINA	NextSeq 500	ERP138431	PRJEB53625		858752	ERS12243781	SAMEA110144969	simple	318829	Pyricularia oryzae	d3a							no					IWATE BIOTECHNOLOGY RESEARCH CENTER	ERA15665670		public	BDE87C74BFEC1FF3B651D656D7AE07BF	2F6DF1C00765A7C27EAEE650B4A8EA8B
ERR9861106	2024-07-26 23:11:07	2024-08-21 00:56:51	826045	121203269	826045	146	52		https://sra-downloadb.be-md.ncbi.nlm.nih.gov/sos11/sra-pub-zq-1140/ERR009/9861/ERR9861106/ERR9861106.lite.1	ERX9406178	Illumina TruSeq DNA LT Sample Prep Kit	WGS	RANDOM	GENOMIC	PAIRED	0	0	ILLUMINA	NextSeq 500	ERP138431	PRJEB53625		858752	ERS12243783	SAMEA110144971	simple	318829	Pyricularia oryzae	d5a							no					IWATE BIOTECHNOLOGY RESEARCH CENTER	ERA15667279		public	229DED8D740DDB50310C9313190FF0C3	A1B232050DFE236FA4DA4BD3218570D7
ERR9861115	2024-07-26 23:59:47	2024-08-07 16:32:00	774737	104886768	774737	135	45		https://sra-downloadb.be-md.ncbi.nlm.nih.gov/sos11/sra-pub-zq-1140/ERR009/9861/ERR9861115/ERR9861115.lite.1	ERX9406187	Illumina TruSeq DNA LT Sample Prep Kit	WGS	RANDOM	GENOMIC	PAIRED	0	0	ILLUMINA	NextSeq 500	ERP138431	PRJEB53625		858752	ERS12243844	SAMEA110145032	simple	318829	Pyricularia oryzae	i14a							no					IWATE BIOTECHNOLOGY RESEARCH CENTER	ERA15667279		public	02FC47F521A34505895D5C1E7EFFA330	B992B83EA48AD78606AA075D514590FF
ERR9861117	2024-07-26 23:52:12	2024-08-07 16:29:16	1040325	136218969	1040325	130	59		https://sra-downloadb.be-md.ncbi.nlm.nih.gov/sos11/sra-pub-zq-1140/ERR009/9861/ERR9861117/ERR9861117.lite.1	ERX9406189	Illumina TruSeq DNA LT Sample Prep Kit	WGS	RANDOM	GENOMIC	PAIRED	0	0	ILLUMINA	NextSeq 500	ERP138431	PRJEB53625		858752	ERS12243846	SAMEA110145034	simple	318829	Pyricularia oryzae	i16a							no					IWATE BIOTECHNOLOGY RESEARCH CENTER	ERA15667279		public	480318CAA0EF3B568DAC6B56E981823B	F86CAD37178293606F041FE27972442D
ERR9861127	2024-07-26 23:59:47	2024-08-07 16:34:22	1079398	154102653	1079398	142	66		https://sra-downloadb.be-md.ncbi.nlm.nih.gov/sos11/sra-pub-zq-1140/ERR009/9861/ERR9861127/ERR9861127.lite.1	ERX9406199	Illumina TruSeq DNA LT Sample Prep Kit	WGS	RANDOM	GENOMIC	PAIRED	0	0	ILLUMINA	NextSeq 500	ERP138431	PRJEB53625		858752	ERS12243855	SAMEA110145043	simple	318829	Pyricularia oryzae	i26a							no					IWATE BIOTECHNOLOGY RESEARCH CENTER	ERA15667279		public	A5E1B28DE7709CD86A3D92CDBCD0CA00	912B15FE3757C5995B40AD003CD12E6D
ERR9861129	2024-07-26 19:18:56	2024-08-07 10:41:08	1207700	168610324	1207700	139	73		https://sra-downloadb.be-md.ncbi.nlm.nih.gov/sos11/sra-pub-zq-1140/ERR009/9861/ERR9861129/ERR9861129.lite.1	ERX9406201	Illumina TruSeq DNA LT Sample Prep Kit	WGS	RANDOM	GENOMIC	PAIRED	0	0	ILLUMINA	NextSeq 500	ERP138431	PRJEB53625		858752	ERS12243857	SAMEA110145045	simple	318829	Pyricularia oryzae	i28a							no					IWATE BIOTECHNOLOGY RESEARCH CENTER	ERA15667279		public	73057E9D732FB95B7F3042A2DEC9D378	B553588A46892C20635A42FE5E434201
ERR9861148	2024-07-27 01:59:45	2024-08-07 18:01:12	1183985	173512136	1183985	146	73		https://sra-downloadb.be-md.ncbi.nlm.nih.gov/sos11/sra-pub-zq-1140/ERR009/9861/ERR9861148/ERR9861148.lite.1	ERX9406220	Illumina TruSeq DNA LT Sample Prep Kit	WGS	RANDOM	GENOMIC	PAIRED	0	0	ILLUMINA	NextSeq 500	ERP138431	PRJEB53625		858752	ERS12243875	SAMEA110145063	simple	318829	Pyricularia oryzae	i47a							no					IWATE BIOTECHNOLOGY RESEARCH CENTER	ERA15667279		public	AD487479FD94FC87F2D57EE7C79D3D58	DC1B1BA9B3A494B180AC86CB82BB2BD1
ERR9861153	2024-07-26 20:24:50	2024-08-07 12:34:44	1054403	153472025	1054403	145	64		https://sra-downloadb.be-md.ncbi.nlm.nih.gov/sos11/sra-pub-zq-1140/ERR009/9861/ERR9861153/ERR9861153.lite.1	ERX9406225	Illumina TruSeq DNA LT Sample Prep Kit	WGS	RANDOM	GENOMIC	PAIRED	0	0	ILLUMINA	NextSeq 500	ERP138431	PRJEB53625		858752	ERS12243879	SAMEA110145067	simple	318829	Pyricularia oryzae	i51a							no					IWATE BIOTECHNOLOGY RESEARCH CENTER	ERA15667279		public	D30F295A8524D6E69E1B1A85507F25D6	48F709FD995B4C071089652D46E70E8F
ERR9861159	2024-07-26 23:59:47	2024-08-07 16:33:53	1617707	231335693	1617707	143	96		https://sra-downloadb.be-md.ncbi.nlm.nih.gov/sos11/sra-pub-zq-1140/ERR009/9861/ERR9861159/ERR9861159.lite.1	ERX9406231	Illumina TruSeq DNA LT Sample Prep Kit	WGS	RANDOM	GENOMIC	PAIRED	0	0	ILLUMINA	NextSeq 500	ERP138431	PRJEB53625		858752	ERS12243885	SAMEA110145073	simple	318829	Pyricularia oryzae	i57a							no					IWATE BIOTECHNOLOGY RESEARCH CENTER	ERA15667279		public	0516380D0839993EFD44632BC8BC82EA	F28710A00EF370444CAE9EC0D07CBFAF
ERR9861177	2024-07-26 23:59:47	2024-08-07 16:35:08	1728574	249687811	1728574	144	104		https://sra-downloadb.be-md.ncbi.nlm.nih.gov/sos11/sra-pub-zq-1140/ERR009/9861/ERR9861177/ERR9861177.lite.1	ERX9406249	Illumina TruSeq DNA LT Sample Prep Kit	WGS	RANDOM	GENOMIC	PAIRED	0	0	ILLUMINA	NextSeq 500	ERP138431	PRJEB53625		858752	ERS12243901	SAMEA110145089	simple	318829	Pyricularia oryzae	i73a							no					IWATE BIOTECHNOLOGY RESEARCH CENTER	ERA15667279		public	EE92CADEE248844EA3C23B2007073B8E	2A80C4C96498AD785C4FC4FBA8EAFB3E
ERR9861054	2024-07-26 23:18:51	2024-08-07 16:13:16	4049925	597380829	4049925	147	242		https://sra-downloadb.be-md.ncbi.nlm.nih.gov/sos11/sra-pub-zq-1140/ERR009/9861/ERR9861054/ERR9861054.lite.1	ERX9406126	Illumina TruSeq DNA LT Sample Prep Kit	WGS	RANDOM	GENOMIC	PAIRED	0	0	ILLUMINA	NextSeq 500	ERP138431	PRJEB53625		858752	ERS12243777	SAMEA110144965	simple	318829	Pyricularia oryzae	O23							no					IWATE BIOTECHNOLOGY RESEARCH CENTER	ERA15667279		public	412084299C4B72F5ADDB53427D0997A6	304C3826BD48EB84341DA98A22D8F3FE
ERR9860875	2024-07-26 20:24:49	2024-08-07 12:32:03	1979062	294872164	1979062	148	125		https://sra-downloadb.be-md.ncbi.nlm.nih.gov/sos11/sra-pub-zq-1140/ERR009/9860/ERR9860875/ERR9860875.lite.1	ERX9405947	Illumina TruSeq DNA LT Sample Prep Kit	WGS	RANDOM	GENOMIC	PAIRED	0	0	ILLUMINA	NextSeq 500	ERP138431	PRJEB53625		858752	ERS12243779	SAMEA110144967	simple	318829	Pyricularia oryzae	SAMEA110144967							no					IWATE BIOTECHNOLOGY RESEARCH CENTER	ERA15665670		public	23F67E0E53EC0F2717EFE9CF246F5849	E1ED41C067EC8B31790E16084493662A
ERR9860878	2024-07-26 23:25:50	2024-08-07 16:13:39	3497397	521275834	3497397	149	216		https://sra-downloadb.be-md.ncbi.nlm.nih.gov/sos11/sra-pub-zq-1140/ERR009/9860/ERR9860878/ERR9860878.lite.1	ERX9405950	Illumina TruSeq DNA LT Sample Prep Kit	WGS	RANDOM	GENOMIC	PAIRED	0	0	ILLUMINA	NextSeq 500	ERP138431	PRJEB53625		858752	ERS12243780	SAMEA110144968	simple	318829	Pyricularia oryzae	SAMEA110144968							no					IWATE BIOTECHNOLOGY RESEARCH CENTER	ERA15665670		public	E01B25CF9E25358CEE37D62AA0F6A611	F1119D613AA6BFC3F105AB8304FF208C
ERR9861079	2024-07-26 19:28:52	2024-08-07 10:51:58	688859	100357675	688859	145	43		https://sra-downloadb.be-md.ncbi.nlm.nih.gov/sos11/sra-pub-zq-1140/ERR009/9861/ERR9861079/ERR9861079.lite.1	ERX9406151	Illumina TruSeq DNA LT Sample Prep Kit	WGS	RANDOM	GENOMIC	PAIRED	0	0	ILLUMINA	NextSeq 500	ERP138431	PRJEB53625		858752	ERS12243780	SAMEA110144968	simple	318829	Pyricularia oryzae	SAMEA110144968							no					IWATE BIOTECHNOLOGY RESEARCH CENTER	ERA15667279		public	E3E9F18B7B4CA96F18676DC819B03200	800A65F68C6C8E8A9A3AAD47F9BC35B8
ERR9861107	2024-07-27 02:15:45	2024-08-07 18:14:39	1018554	146154010	1018554	143	63		https://sra-downloadb.be-md.ncbi.nlm.nih.gov/sos11/sra-pub-zq-1140/ERR009/9861/ERR9861107/ERR9861107.lite.1	ERX9406179	Illumina TruSeq DNA LT Sample Prep Kit	WGS	RANDOM	GENOMIC	PAIRED	0	0	ILLUMINA	NextSeq 500	ERP138431	PRJEB53625		858752	ERS12243784	SAMEA110144972	simple	318829	Pyricularia oryzae	SAMEA110144972							no					IWATE BIOTECHNOLOGY RESEARCH CENTER	ERA15667279		public	46A6C653458CFABEFA808E8012C3E1BB	AED2BA0862D0A66916A11B927894EBA6
ERR9861110	2024-07-26 20:12:41	2024-08-07 12:18:54	780942	112549458	780942	144	50		https://sra-downloadb.be-md.ncbi.nlm.nih.gov/sos11/sra-pub-zq-1140/ERR009/9861/ERR9861110/ERR9861110.lite.1	ERX9406182	Illumina TruSeq DNA LT Sample Prep Kit	WGS	RANDOM	GENOMIC	PAIRED	0	0	ILLUMINA	NextSeq 500	ERP138431	PRJEB53625		858752	ERS12243787	SAMEA110144975	simple	318829	Pyricularia oryzae	SAMEA110144975							no					IWATE BIOTECHNOLOGY RESEARCH CENTER	ERA15667279		public	1008EEBFD98755138115362442AD3200	4844F73A919BD377F1634745D3E634A8
ERR9861062	2024-07-26 20:24:50	2024-08-07 12:25:24	1124962	150904431	1124962	134	60		https://sra-downloadb.be-md.ncbi.nlm.nih.gov/sos11/sra-pub-zq-1140/ERR009/9861/ERR9861062/ERR9861062.lite.1	ERX9406134	Illumina TruSeq DNA LT Sample Prep Kit	WGS	RANDOM	GENOMIC	PAIRED	0	0	ILLUMINA	NextSeq 500	ERP138431	PRJEB53625		858752	ERS12243792	SAMEA110144980	simple	318829	Pyricularia oryzae	SAMEA110144980							no					IWATE BIOTECHNOLOGY RESEARCH CENTER	ERA15667279		public	BB89B6D6A51FDBE2B125726989279538	B006F11987A6B0A5F9A792A2D8318981
ERR9861063	2024-07-26 19:18:56	2024-08-07 10:49:49	1875855	260347968	1875855	138	103		https://sra-downloadb.be-md.ncbi.nlm.nih.gov/sos11/sra-pub-zq-1140/ERR009/9861/ERR9861063/ERR9861063.lite.1	ERX9406135	Illumina TruSeq DNA LT Sample Prep Kit	WGS	RANDOM	GENOMIC	PAIRED	0	0	ILLUMINA	NextSeq 500	ERP138431	PRJEB53625		858752	ERS12243793	SAMEA110144981	simple	318829	Pyricularia oryzae	SAMEA110144981							no					IWATE BIOTECHNOLOGY RESEARCH CENTER	ERA15667279		public	FCF775134B4131393DF0DB18281A5A3A	1A86634A042C994D02090403D27C377D
ERR9860870	2024-07-27 01:59:44	2024-08-07 18:06:21	1799033	268005875	1799033	148	110		https://sra-downloadb.be-md.ncbi.nlm.nih.gov/sos11/sra-pub-zq-1140/ERR009/9860/ERR9860870/ERR9860870.lite.1	ERX9405942	Illumina TruSeq DNA LT Sample Prep Kit	WGS	RANDOM	GENOMIC	PAIRED	0	0	ILLUMINA	NextSeq 500	ERP138431	PRJEB53625		858752	ERS12243793	SAMEA110144981	simple	318829	Pyricularia oryzae	SAMEA110144981							no					IWATE BIOTECHNOLOGY RESEARCH CENTER	ERA15665670		public	175592377F0D3E175C55E152F399F016	A40ACC174075D8920C4049EA45CA5197
ERR9860874	2024-07-26 19:18:55	2024-08-07 10:50:57	1123009	167349499	1123009	149	69		https://sra-downloadb.be-md.ncbi.nlm.nih.gov/sos11/sra-pub-zq-1140/ERR009/9860/ERR9860874/ERR9860874.lite.1	ERX9405946	Illumina TruSeq DNA LT Sample Prep Kit	WGS	RANDOM	GENOMIC	PAIRED	0	0	ILLUMINA	NextSeq 500	ERP138431	PRJEB53625		858752	ERS12243797	SAMEA110144985	simple	318829	Pyricularia oryzae	SAMEA110144985							no					IWATE BIOTECHNOLOGY RESEARCH CENTER	ERA15665670		public	B3CD5B5A7725E76A317E9844FF56502F	F4FB9674175C8F9319293848375021E8
ERR9861076	2024-07-26 19:18:56	2024-08-07 10:49:35	4618020	685705172	4618020	148	287		https://sra-downloadb.be-md.ncbi.nlm.nih.gov/sos11/sra-pub-zq-1140/ERR009/9861/ERR9861076/ERR9861076.lite.1	ERX9406148	Illumina TruSeq DNA LT Sample Prep Kit	WGS	RANDOM	GENOMIC	PAIRED	0	0	ILLUMINA	NextSeq 500	ERP138431	PRJEB53625		858752	ERS12243805	SAMEA110144993	simple	318829	Pyricularia oryzae	SAMEA110144993							no					IWATE BIOTECHNOLOGY RESEARCH CENTER	ERA15667279		public	2F7DB5EAB0F92BD154D5B35FDB89A8B6	E57ECEEDB94255C8DB8F43BEA5092DDD
ERR9861080	2024-07-27 01:59:45	2024-08-07 18:05:04	4697349	690583643	4697349	147	280		https://sra-downloadb.be-md.ncbi.nlm.nih.gov/sos11/sra-pub-zq-1140/ERR009/9861/ERR9861080/ERR9861080.lite.1	ERX9406152	Illumina TruSeq DNA LT Sample Prep Kit	WGS	RANDOM	GENOMIC	PAIRED	0	0	ILLUMINA	NextSeq 500	ERP138431	PRJEB53625		858752	ERS12243808	SAMEA110144996	simple	318829	Pyricularia oryzae	SAMEA110144996							no					IWATE BIOTECHNOLOGY RESEARCH CENTER	ERA15667279		public	0EB66C96FC123B0185CC60BDDF3868C5	3057D05B9E02FFF62045F54CD975751E
ERR9861081	2024-07-26 20:24:50	2024-08-19 08:16:59	5116687	756647040	5116687	147	310		https://sra-downloadb.be-md.ncbi.nlm.nih.gov/sos11/sra-pub-zq-1140/ERR009/9861/ERR9861081/ERR9861081.lite.1	ERX9406153	Illumina TruSeq DNA LT Sample Prep Kit	WGS	RANDOM	GENOMIC	PAIRED	0	0	ILLUMINA	NextSeq 500	ERP138431	PRJEB53625		858752	ERS12243809	SAMEA110144997	simple	318829	Pyricularia oryzae	SAMEA110144997							no					IWATE BIOTECHNOLOGY RESEARCH CENTER	ERA15667279		public	23ADA07E6E46E4438F80259A31FD6BE2	771B27BBAA8D511B32B8CAAC53995CBA
ERR9861082	2024-07-26 23:59:47	2024-08-07 16:35:02	6221340	917150037	6221340	147	375		https://sra-downloadb.be-md.ncbi.nlm.nih.gov/sos11/sra-pub-zq-1140/ERR009/9861/ERR9861082/ERR9861082.lite.1	ERX9406154	Illumina TruSeq DNA LT Sample Prep Kit	WGS	RANDOM	GENOMIC	PAIRED	0	0	ILLUMINA	NextSeq 500	ERP138431	PRJEB53625		858752	ERS12243810	SAMEA110144998	simple	318829	Pyricularia oryzae	SAMEA110144998							no					IWATE BIOTECHNOLOGY RESEARCH CENTER	ERA15667279		public	C829F5EC033A471709F7788F5A24D384	222AC2354F02D48290A950A5FA4B26AC
ERR9861083	2024-07-26 23:25:50	2024-08-07 16:23:33	3491275	514569921	3491275	147	211		https://sra-downloadb.be-md.ncbi.nlm.nih.gov/sos11/sra-pub-zq-1140/ERR009/9861/ERR9861083/ERR9861083.lite.1	ERX9406155	Illumina TruSeq DNA LT Sample Prep Kit	WGS	RANDOM	GENOMIC	PAIRED	0	0	ILLUMINA	NextSeq 500	ERP138431	PRJEB53625		858752	ERS12243811	SAMEA110144999	simple	318829	Pyricularia oryzae	SAMEA110144999							no					IWATE BIOTECHNOLOGY RESEARCH CENTER	ERA15667279		public	6BBF555BEE4347AA008B464E252874D2	B199C7CA1C3FD9878F56839817B6BFC0
ERR9861085	2024-07-26 20:12:40	2024-08-07 12:23:20	3225345	476348556	3225345	147	197		https://sra-downloadb.be-md.ncbi.nlm.nih.gov/sos11/sra-pub-zq-1140/ERR009/9861/ERR9861085/ERR9861085.lite.1	ERX9406157	Illumina TruSeq DNA LT Sample Prep Kit	WGS	RANDOM	GENOMIC	PAIRED	0	0	ILLUMINA	NextSeq 500	ERP138431	PRJEB53625		858752	ERS12243813	SAMEA110145001	simple	318829	Pyricularia oryzae	SAMEA110145001							no					IWATE BIOTECHNOLOGY RESEARCH CENTER	ERA15667279		public	ABFA42D86E252080C38028FE780C4F4B	80DA8260B340216AE08910546253ACE6
ERR9861097	2024-07-27 02:15:45	2024-08-07 18:08:03	1990177	296081886	1990177	148	129		https://sra-downloadb.be-md.ncbi.nlm.nih.gov/sos11/sra-pub-zq-1140/ERR009/9861/ERR9861097/ERR9861097.lite.1	ERX9406169	Illumina TruSeq DNA LT Sample Prep Kit	WGS	RANDOM	GENOMIC	PAIRED	0	0	ILLUMINA	NextSeq 500	ERP138431	PRJEB53625		858752	ERS12243824	SAMEA110145012	simple	318829	Pyricularia oryzae	SAMEA110145012							no					IWATE BIOTECHNOLOGY RESEARCH CENTER	ERA15667279		public	16972F6C3F7FCF8AD25D2B70401D60E4	28C9D6982D99BC3B69322DEF8B5AA708
ERR9861098	2024-07-27 01:59:45	2024-08-07 18:02:16	4078037	604945353	4078037	148	249		https://sra-downloadb.be-md.ncbi.nlm.nih.gov/sos11/sra-pub-zq-1140/ERR009/9861/ERR9861098/ERR9861098.lite.1	ERX9406170	Illumina TruSeq DNA LT Sample Prep Kit	WGS	RANDOM	GENOMIC	PAIRED	0	0	ILLUMINA	NextSeq 500	ERP138431	PRJEB53625		858752	ERS12243825	SAMEA110145013	simple	318829	Pyricularia oryzae	SAMEA110145013							no					IWATE BIOTECHNOLOGY RESEARCH CENTER	ERA15667279		public	1DCCA612A0B8971B33E4DEDA58E1E2CF	13011D5FE1CB961E448692034E282DD2
ERR9861104	2024-07-26 20:24:50	2024-08-19 08:16:47	3446467	510291172	3446467	148	208		https://sra-downloadb.be-md.ncbi.nlm.nih.gov/sos11/sra-pub-zq-1140/ERR009/9861/ERR9861104/ERR9861104.lite.1	ERX9406176	Illumina TruSeq DNA LT Sample Prep Kit	WGS	RANDOM	GENOMIC	PAIRED	0	0	ILLUMINA	NextSeq 500	ERP138431	PRJEB53625		858752	ERS12243830	SAMEA110145018	simple	318829	Pyricularia oryzae	SAMEA110145018							no					IWATE BIOTECHNOLOGY RESEARCH CENTER	ERA15667279		public	F6D32B72E1F0A31BB763EA325D4314B4	BEF328D8807C40B0CBB341DFBCF1ED69
ERR9860896	2024-07-26 19:28:52	2024-08-07 10:53:21	4681270	697614923	4681270	149	284		https://sra-downloadb.be-md.ncbi.nlm.nih.gov/sos11/sra-pub-zq-1140/ERR009/9860/ERR9860896/ERR9860896.lite.1	ERX9405968	Illumina TruSeq DNA LT Sample Prep Kit	WGS	RANDOM	GENOMIC	PAIRED	0	0	ILLUMINA	NextSeq 500	ERP138431	PRJEB53625		858752	ERS12243832	SAMEA110145020	simple	318829	Pyricularia oryzae	SAMEA110145020							no					IWATE BIOTECHNOLOGY RESEARCH CENTER	ERA15665670		public	25C2BE9DA85265F599ACB202098012BF	2ED74A6BC69EB130E0B4BA0A49499CD3
ERR9860948	2024-07-26 23:25:50	2024-08-07 16:21:27	2889609	429599815	2889609	148	177		https://sra-downloadb.be-md.ncbi.nlm.nih.gov/sos11/sra-pub-zq-1140/ERR009/9860/ERR9860948/ERR9860948.lite.1	ERX9406020	Illumina TruSeq DNA LT Sample Prep Kit	WGS	RANDOM	GENOMIC	PAIRED	0	0	ILLUMINA	NextSeq 500	ERP138431	PRJEB53625		858752	ERS12243836	SAMEA110145024	simple	318829	Pyricularia oryzae	SAMEA110145024							no					IWATE BIOTECHNOLOGY RESEARCH CENTER	ERA15665670		public	BE99503D82201E23672A86F64E5537FF	6D1E3F946184B443DF29498381814FFA
ERR9861112	2024-07-26 22:37:52	2024-08-07 13:54:51	440886	59340753	440886	134	25		https://sra-downloadb.be-md.ncbi.nlm.nih.gov/sos11/sra-pub-zq-1140/ERR009/9861/ERR9861112/ERR9861112.lite.1	ERX9406184	Illumina TruSeq DNA LT Sample Prep Kit	WGS	RANDOM	GENOMIC	PAIRED	0	0	ILLUMINA	NextSeq 500	ERP138431	PRJEB53625		858752	ERS12243841	SAMEA110145029	simple	318829	Pyricularia oryzae	SAMEA110145029							no					IWATE BIOTECHNOLOGY RESEARCH CENTER	ERA15667279		public	5D381466BB335A7AC40C7DB4CB5F4B64	F3B9EA3520EF0E2F8BD007A9312D6634
ERR9860887	2024-07-26 20:24:49	2024-08-07 12:36:38	2977689	443862386	2977689	149	183		https://sra-downloadb.be-md.ncbi.nlm.nih.gov/sos11/sra-pub-zq-1140/ERR009/9860/ERR9860887/ERR9860887.lite.1	ERX9405959	Illumina TruSeq DNA LT Sample Prep Kit	WGS	RANDOM	GENOMIC	PAIRED	0	0	ILLUMINA	NextSeq 500	ERP138431	PRJEB53625		858752	ERS12243841	SAMEA110145029	simple	318829	Pyricularia oryzae	SAMEA110145029							no					IWATE BIOTECHNOLOGY RESEARCH CENTER	ERA15665670		public	5A7591C13100B4CFE73F775330B4398A	1603C31EC022DB14F7F20C36D1559013
ERR9860889	2024-07-27 01:59:44	2024-08-07 18:01:04	2519644	375374914	2519644	148	155		https://sra-downloadb.be-md.ncbi.nlm.nih.gov/sos11/sra-pub-zq-1140/ERR009/9860/ERR9860889/ERR9860889.lite.1	ERX9405961	Illumina TruSeq DNA LT Sample Prep Kit	WGS	RANDOM	GENOMIC	PAIRED	0	0	ILLUMINA	NextSeq 500	ERP138431	PRJEB53625		858752	ERS12243843	SAMEA110145031	simple	318829	Pyricularia oryzae	SAMEA110145031							no					IWATE BIOTECHNOLOGY RESEARCH CENTER	ERA15665670		public	E170C36654AC7738813BB069766224EF	88E55F91E5500F3EE3D5F81F70621465
ERR9861116	2024-07-27 02:15:45	2024-08-07 18:09:28	770842	103172549	770842	133	45		https://sra-downloadb.be-md.ncbi.nlm.nih.gov/sos11/sra-pub-zq-1140/ERR009/9861/ERR9861116/ERR9861116.lite.1	ERX9406188	Illumina TruSeq DNA LT Sample Prep Kit	WGS	RANDOM	GENOMIC	PAIRED	0	0	ILLUMINA	NextSeq 500	ERP138431	PRJEB53625		858752	ERS12243845	SAMEA110145033	simple	318829	Pyricularia oryzae	SAMEA110145033							no					IWATE BIOTECHNOLOGY RESEARCH CENTER	ERA15667279		public	6454C48741B48CC6499B2D3D4BF3EB83	F83B70AD8E8CF9B8953C5D15E294F8C4
ERR9861119	2024-07-26 20:12:41	2024-08-07 12:17:22	799350	117048204	799350	146	50		https://sra-downloadb.be-md.ncbi.nlm.nih.gov/sos11/sra-pub-zq-1140/ERR009/9861/ERR9861119/ERR9861119.lite.1	ERX9406191	Illumina TruSeq DNA LT Sample Prep Kit	WGS	RANDOM	GENOMIC	PAIRED	0	0	ILLUMINA	NextSeq 500	ERP138431	PRJEB53625		858752	ERS12243848	SAMEA110145036	simple	318829	Pyricularia oryzae	SAMEA110145036							no					IWATE BIOTECHNOLOGY RESEARCH CENTER	ERA15667279		public	BB6ABC0DC5FB0C5BF0C376C8FBEEB295	16160437E2FA534B9EC99B060183DC3E
ERR9860895	2024-07-27 00:11:14	2024-08-07 16:39:23	2436017	363192443	2436017	149	150		https://sra-downloadb.be-md.ncbi.nlm.nih.gov/sos11/sra-pub-zq-1140/ERR009/9860/ERR9860895/ERR9860895.lite.1	ERX9405967	Illumina TruSeq DNA LT Sample Prep Kit	WGS	RANDOM	GENOMIC	PAIRED	0	0	ILLUMINA	NextSeq 500	ERP138431	PRJEB53625		858752	ERS12243849	SAMEA110145037	simple	318829	Pyricularia oryzae	SAMEA110145037							no					IWATE BIOTECHNOLOGY RESEARCH CENTER	ERA15665670		public	ADF0E982C41D40E3702496F992CF80DE	B935CE180101D14558BD05977D79A980
ERR9861122	2024-07-26 20:45:13	2024-08-07 12:40:03	933562	136296205	933562	145	58		https://sra-downloadb.be-md.ncbi.nlm.nih.gov/sos11/sra-pub-zq-1140/ERR009/9861/ERR9861122/ERR9861122.lite.1	ERX9406194	Illumina TruSeq DNA LT Sample Prep Kit	WGS	RANDOM	GENOMIC	PAIRED	0	0	ILLUMINA	NextSeq 500	ERP138431	PRJEB53625		858752	ERS12243850	SAMEA110145038	simple	318829	Pyricularia oryzae	SAMEA110145038							no					IWATE BIOTECHNOLOGY RESEARCH CENTER	ERA15667279		public	29F0A65A6CD58D74703D0FEA84B1F48B	F9340D121752C507ECEC8F25419B429B
ERR9861124	2024-07-26 23:11:07	2024-08-07 14:08:22	925969	135695064	925969	146	56		https://sra-downloadb.be-md.ncbi.nlm.nih.gov/sos11/sra-pub-zq-1140/ERR009/9861/ERR9861124/ERR9861124.lite.1	ERX9406196	Illumina TruSeq DNA LT Sample Prep Kit	WGS	RANDOM	GENOMIC	PAIRED	0	0	ILLUMINA	NextSeq 500	ERP138431	PRJEB53625		858752	ERS12243852	SAMEA110145040	simple	318829	Pyricularia oryzae	SAMEA110145040							no					IWATE BIOTECHNOLOGY RESEARCH CENTER	ERA15667279		public	70F4606E2486FB951A316338831E5621	D7B6666B19B03C8458239DD6D8936785
ERR9861128	2024-07-26 20:24:50	2024-08-07 12:35:16	1004742	141510806	1004742	140	60		https://sra-downloadb.be-md.ncbi.nlm.nih.gov/sos11/sra-pub-zq-1140/ERR009/9861/ERR9861128/ERR9861128.lite.1	ERX9406200	Illumina TruSeq DNA LT Sample Prep Kit	WGS	RANDOM	GENOMIC	PAIRED	0	0	ILLUMINA	NextSeq 500	ERP138431	PRJEB53625		858752	ERS12243856	SAMEA110145044	simple	318829	Pyricularia oryzae	SAMEA110145044							no					IWATE BIOTECHNOLOGY RESEARCH CENTER	ERA15667279		public	D9F6A5094958619C7D49F7E7F2F35C29	473DB4BD6F1E091BC2BDFE33D5DD2A18
ERR9861130	2024-07-26 19:18:56	2024-08-07 10:44:37	868539	120145583	868539	138	51		https://sra-downloadb.be-md.ncbi.nlm.nih.gov/sos11/sra-pub-zq-1140/ERR009/9861/ERR9861130/ERR9861130.lite.1	ERX9406202	Illumina TruSeq DNA LT Sample Prep Kit	WGS	RANDOM	GENOMIC	PAIRED	0	0	ILLUMINA	NextSeq 500	ERP138431	PRJEB53625		858752	ERS12243858	SAMEA110145046	simple	318829	Pyricularia oryzae	SAMEA110145046							no					IWATE BIOTECHNOLOGY RESEARCH CENTER	ERA15667279		public	17EF1317477A2B18181591EB89CB8468	01D04A6778EE55483BB8E5BC701E0151
ERR9860914	2024-07-26 19:03:40	2024-08-07 10:38:30	7232168	1077561085	7232168	148	442		https://sra-downloadb.be-md.ncbi.nlm.nih.gov/sos11/sra-pub-zq-1140/ERR009/9860/ERR9860914/ERR9860914.lite.1	ERX9405986	Illumina TruSeq DNA LT Sample Prep Kit	WGS	RANDOM	GENOMIC	PAIRED	0	0	ILLUMINA	NextSeq 500	ERP138431	PRJEB53625		858752	ERS12243867	SAMEA110145055	simple	318829	Pyricularia oryzae	SAMEA110145055							no					IWATE BIOTECHNOLOGY RESEARCH CENTER	ERA15665670		public	B78705BEEBEF9605AD08B920D49B054D	D848F789C71ED7751E596D7BDAA53CF1
ERR9861139	2024-07-26 20:24:50	2024-08-18 22:57:45	1111906	161937077	1111906	145	67		https://sra-downloadb.be-md.ncbi.nlm.nih.gov/sos11/sra-pub-zq-1140/ERR009/9861/ERR9861139/ERR9861139.lite.1	ERX9406211	Illumina TruSeq DNA LT Sample Prep Kit	WGS	RANDOM	GENOMIC	PAIRED	0	0	ILLUMINA	NextSeq 500	ERP138431	PRJEB53625		858752	ERS12243867	SAMEA110145055	simple	318829	Pyricularia oryzae	SAMEA110145055							no					IWATE BIOTECHNOLOGY RESEARCH CENTER	ERA15667279		public	26D3615C44F9B4DDB6FF7AED98A0A46D	FB0E879A6E3F62F97DF798D1D26E08C2
ERR9860922	2024-07-27 01:59:44	2024-08-07 18:03:33	3358733	500326104	3358733	148	206		https://sra-downloadb.be-md.ncbi.nlm.nih.gov/sos11/sra-pub-zq-1140/ERR009/9860/ERR9860922/ERR9860922.lite.1	ERX9405994	Illumina TruSeq DNA LT Sample Prep Kit	WGS	RANDOM	GENOMIC	PAIRED	0	0	ILLUMINA	NextSeq 500	ERP138431	PRJEB53625		858752	ERS12243874	SAMEA110145062	simple	318829	Pyricularia oryzae	SAMEA110145062							no					IWATE BIOTECHNOLOGY RESEARCH CENTER	ERA15665670		public	107FE0BB431DB1EFAE83B38206D457DA	3BDA50ACA3FD435C91146A75E67C6E4E
ERR9861149	2024-07-26 20:24:50	2024-08-07 12:25:27	287873	40799496	287873	141	18		https://sra-downloadb.be-md.ncbi.nlm.nih.gov/sos11/sra-pub-zq-1140/ERR009/9861/ERR9861149/ERR9861149.lite.1	ERX9406221	Illumina TruSeq DNA LT Sample Prep Kit	WGS	RANDOM	GENOMIC	PAIRED	0	0	ILLUMINA	NextSeq 500	ERP138431	PRJEB53625		858752	ERS12243876	SAMEA110145064	simple	318829	Pyricularia oryzae	SAMEA110145064							no					IWATE BIOTECHNOLOGY RESEARCH CENTER	ERA15667279		public	EC620A2344AF46F555C5F89179BE86FC	6AFC42A132BDA51494864EAF163D44F6
ERR9860925	2024-07-26 20:01:59	2024-08-07 12:13:26	4884723	728018588	4884723	149	296		https://sra-downloadb.be-md.ncbi.nlm.nih.gov/sos11/sra-pub-zq-1140/ERR009/9860/ERR9860925/ERR9860925.lite.1	ERX9405997	Illumina TruSeq DNA LT Sample Prep Kit	WGS	RANDOM	GENOMIC	PAIRED	0	0	ILLUMINA	NextSeq 500	ERP138431	PRJEB53625		858752	ERS12243877	SAMEA110145065	simple	318829	Pyricularia oryzae	SAMEA110145065							no					IWATE BIOTECHNOLOGY RESEARCH CENTER	ERA15665670		public	3D4F23BE2BF1D89B3A4129C5FD220424	AAE1F61B50BE2A1D16F61D1BEFE48B2A
ERR9861150	2024-07-26 19:18:56	2024-08-07 10:50:45	996404	145351890	996404	145	60		https://sra-downloadb.be-md.ncbi.nlm.nih.gov/sos11/sra-pub-zq-1140/ERR009/9861/ERR9861150/ERR9861150.lite.1	ERX9406222	Illumina TruSeq DNA LT Sample Prep Kit	WGS	RANDOM	GENOMIC	PAIRED	0	0	ILLUMINA	NextSeq 500	ERP138431	PRJEB53625		858752	ERS12243877	SAMEA110145065	simple	318829	Pyricularia oryzae	SAMEA110145065							no					IWATE BIOTECHNOLOGY RESEARCH CENTER	ERA15667279		public	1EC8D778687C0895115DF5F5846F3FE8	D6413E8AE0DC9F51F3461281D5CBA154
ERR9860929	2024-07-26 21:31:38	2024-08-07 12:45:12	3183124	474421140	3183124	149	198		https://sra-downloadb.be-md.ncbi.nlm.nih.gov/sos11/sra-pub-zq-1140/ERR009/9860/ERR9860929/ERR9860929.lite.1	ERX9406001	Illumina TruSeq DNA LT Sample Prep Kit	WGS	RANDOM	GENOMIC	PAIRED	0	0	ILLUMINA	NextSeq 500	ERP138431	PRJEB53625		858752	ERS12243880	SAMEA110145068	simple	318829	Pyricularia oryzae	SAMEA110145068							no					IWATE BIOTECHNOLOGY RESEARCH CENTER	ERA15665670		public	C7871E3B1BCEC7EB6067D11DBAB9E57B	50F1A856D2ED5B2E476578607C481875
ERR9860932	2024-07-26 20:24:49	2024-08-07 12:36:26	2552952	380197891	2552952	148	157		https://sra-downloadb.be-md.ncbi.nlm.nih.gov/sos11/sra-pub-zq-1140/ERR009/9860/ERR9860932/ERR9860932.lite.1	ERX9406004	Illumina TruSeq DNA LT Sample Prep Kit	WGS	RANDOM	GENOMIC	PAIRED	0	0	ILLUMINA	NextSeq 500	ERP138431	PRJEB53625		858752	ERS12243883	SAMEA110145071	simple	318829	Pyricularia oryzae	SAMEA110145071							no					IWATE BIOTECHNOLOGY RESEARCH CENTER	ERA15665670		public	5FF81754E585E3E03AB73FE36A1C7A91	794B635A40E496345FDF837CEF0F063A
ERR9861158	2024-07-27 02:15:46	2024-08-07 18:12:24	890625	124076098	890625	139	52		https://sra-downloadb.be-md.ncbi.nlm.nih.gov/sos11/sra-pub-zq-1140/ERR009/9861/ERR9861158/ERR9861158.lite.1	ERX9406230	Illumina TruSeq DNA LT Sample Prep Kit	WGS	RANDOM	GENOMIC	PAIRED	0	0	ILLUMINA	NextSeq 500	ERP138431	PRJEB53625		858752	ERS12243884	SAMEA110145072	simple	318829	Pyricularia oryzae	SAMEA110145072							no					IWATE BIOTECHNOLOGY RESEARCH CENTER	ERA15667279		public	E67CF2561F80A5151A20C5233A54E7FC	C2AB0F8F212C43F200EBB102F0E8A1B3
ERR9861163	2024-07-27 01:37:03	2024-08-07 17:58:11	1435515	209782841	1435515	146	90		https://sra-downloadb.be-md.ncbi.nlm.nih.gov/sos11/sra-pub-zq-1140/ERR009/9861/ERR9861163/ERR9861163.lite.1	ERX9406235	Illumina TruSeq DNA LT Sample Prep Kit	WGS	RANDOM	GENOMIC	PAIRED	0	0	ILLUMINA	NextSeq 500	ERP138431	PRJEB53625		858752	ERS12243888	SAMEA110145076	simple	318829	Pyricularia oryzae	SAMEA110145076							no					IWATE BIOTECHNOLOGY RESEARCH CENTER	ERA15667279		public	AF24171F9F4395411C304882F9B85F50	C79AEBC35928F8C3479FA02EA656D2BA
ERR9860938	2024-07-26 23:11:07	2024-08-08 10:05:16	3695274	550328229	3695274	148	229		https://sra-downloadb.be-md.ncbi.nlm.nih.gov/sos11/sra-pub-zq-1140/ERR009/9860/ERR9860938/ERR9860938.lite.1	ERX9406010	Illumina TruSeq DNA LT Sample Prep Kit	WGS	RANDOM	GENOMIC	PAIRED	0	0	ILLUMINA	NextSeq 500	ERP138431	PRJEB53625		858752	ERS12243888	SAMEA110145076	simple	318829	Pyricularia oryzae	SAMEA110145076							no					IWATE BIOTECHNOLOGY RESEARCH CENTER	ERA15665670		public	C64289EA9BEB289031085AA7403B764F	C5087ABEA02AA4A137A1134492587A32
ERR9861164	2024-07-26 19:18:56	2024-08-07 10:44:36	963599	142130833	963599	147	60		https://sra-downloadb.be-md.ncbi.nlm.nih.gov/sos11/sra-pub-zq-1140/ERR009/9861/ERR9861164/ERR9861164.lite.1	ERX9406236	Illumina TruSeq DNA LT Sample Prep Kit	WGS	RANDOM	GENOMIC	PAIRED	0	0	ILLUMINA	NextSeq 500	ERP138431	PRJEB53625		858752	ERS12243889	SAMEA110145077	simple	318829	Pyricularia oryzae	SAMEA110145077							no					IWATE BIOTECHNOLOGY RESEARCH CENTER	ERA15667279		public	B8039CA3E5DAE07B99C0204A82C4AA28	453DD75A12132BF1022FA51E05913EC3
ERR9860939	2024-07-27 01:37:02	2024-08-07 17:58:26	4108055	611715905	4108055	148	252		https://sra-downloadb.be-md.ncbi.nlm.nih.gov/sos11/sra-pub-zq-1140/ERR009/9860/ERR9860939/ERR9860939.lite.1	ERX9406011	Illumina TruSeq DNA LT Sample Prep Kit	WGS	RANDOM	GENOMIC	PAIRED	0	0	ILLUMINA	NextSeq 500	ERP138431	PRJEB53625		858752	ERS12243889	SAMEA110145077	simple	318829	Pyricularia oryzae	SAMEA110145077							no					IWATE BIOTECHNOLOGY RESEARCH CENTER	ERA15665670		public	A922FF2AE49689F4F9B683555CB2CAE7	E041F60105DD3B227F851F3C0487F56E
ERR9861166	2024-07-27 00:45:46	2024-08-07 17:50:08	776494	114510226	776494	147	50		https://sra-downloadb.be-md.ncbi.nlm.nih.gov/sos11/sra-pub-zq-1140/ERR009/9861/ERR9861166/ERR9861166.lite.1	ERX9406238	Illumina TruSeq DNA LT Sample Prep Kit	WGS	RANDOM	GENOMIC	PAIRED	0	0	ILLUMINA	NextSeq 500	ERP138431	PRJEB53625		858752	ERS12243891	SAMEA110145079	simple	318829	Pyricularia oryzae	SAMEA110145079							no					IWATE BIOTECHNOLOGY RESEARCH CENTER	ERA15667279		public	90390614DB60D903E2A79521652F449E	A3F807F59E926C2131223ADA5A1AE6A9
ERR9860941	2024-07-26 19:18:56	2024-08-07 10:42:24	2855833	425427523	2855833	148	177		https://sra-downloadb.be-md.ncbi.nlm.nih.gov/sos11/sra-pub-zq-1140/ERR009/9860/ERR9860941/ERR9860941.lite.1	ERX9406013	Illumina TruSeq DNA LT Sample Prep Kit	WGS	RANDOM	GENOMIC	PAIRED	0	0	ILLUMINA	NextSeq 500	ERP138431	PRJEB53625		858752	ERS12243891	SAMEA110145079	simple	318829	Pyricularia oryzae	SAMEA110145079							no					IWATE BIOTECHNOLOGY RESEARCH CENTER	ERA15665670		public	D48E5E9C1B7AE418CAC3B29B104B39BE	287D6AF0BD4E35FFCB8A3A1F452CD968
ERR9861167	2024-07-26 20:12:41	2024-08-07 12:22:13	948521	135809739	948521	143	59		https://sra-downloadb.be-md.ncbi.nlm.nih.gov/sos11/sra-pub-zq-1140/ERR009/9861/ERR9861167/ERR9861167.lite.1	ERX9406239	Illumina TruSeq DNA LT Sample Prep Kit	WGS	RANDOM	GENOMIC	PAIRED	0	0	ILLUMINA	NextSeq 500	ERP138431	PRJEB53625		858752	ERS12243892	SAMEA110145080	simple	318829	Pyricularia oryzae	SAMEA110145080							no					IWATE BIOTECHNOLOGY RESEARCH CENTER	ERA15667279		public	F662D363C0E82FD7B8A63745B62D3C74	0F7B06EA3661DDD15A5F6D82BDACA479
ERR9861170	2024-07-26 20:33:29	2024-08-07 12:37:34	1022681	147370038	1022681	144	62		https://sra-downloadb.be-md.ncbi.nlm.nih.gov/sos11/sra-pub-zq-1140/ERR009/9861/ERR9861170/ERR9861170.lite.1	ERX9406242	Illumina TruSeq DNA LT Sample Prep Kit	WGS	RANDOM	GENOMIC	PAIRED	0	0	ILLUMINA	NextSeq 500	ERP138431	PRJEB53625		858752	ERS12243895	SAMEA110145083	simple	318829	Pyricularia oryzae	SAMEA110145083							no					IWATE BIOTECHNOLOGY RESEARCH CENTER	ERA15667279		public	2AD8C6DD638636B73905CFDF691CEBAC	96D9A1277506331EEE737F5EBD247955
ERR9860960	2024-07-27 02:15:45	2024-08-07 18:10:26	2903099	432565900	2903099	149	173		https://sra-downloadb.be-md.ncbi.nlm.nih.gov/sos11/sra-pub-zq-1140/ERR009/9860/ERR9860960/ERR9860960.lite.1	ERX9406032	Illumina TruSeq DNA LT Sample Prep Kit	WGS	RANDOM	GENOMIC	PAIRED	0	0	ILLUMINA	NextSeq 500	ERP138431	PRJEB53625		858752	ERS12243908	SAMEA110145096	simple	318829	Pyricularia oryzae	SAMEA110145096							no					IWATE BIOTECHNOLOGY RESEARCH CENTER	ERA15665670		public	DCE7A2EC4AB1800EFB922B7922B588B1	24BB8576127FD69C91946C076B917398
ERR9860966	2024-07-26 23:59:47	2024-08-07 16:34:13	3563540	530815333	3563540	148	213		https://sra-downloadb.be-md.ncbi.nlm.nih.gov/sos11/sra-pub-zq-1140/ERR009/9860/ERR9860966/ERR9860966.lite.1	ERX9406038	Illumina TruSeq DNA LT Sample Prep Kit	WGS	RANDOM	GENOMIC	PAIRED	0	0	ILLUMINA	NextSeq 500	ERP138431	PRJEB53625		858752	ERS12243914	SAMEA110145102	simple	318829	Pyricularia oryzae	SAMEA110145102							no					IWATE BIOTECHNOLOGY RESEARCH CENTER	ERA15665670		public	D67E28246C0FE89E0BA9B86874D044C7	CA9AC713A2046F092C9279463A3521ED
ERR9861056	2024-07-27 01:37:02	2024-08-07 18:01:01	3377504	502751304	3377504	148	213		https://sra-downloadb.be-md.ncbi.nlm.nih.gov/sos11/sra-pub-zq-1140/ERR009/9861/ERR9861056/ERR9861056.lite.1	ERX9406128	Illumina TruSeq DNA LT Sample Prep Kit	WGS	RANDOM	GENOMIC	PAIRED	0	0	ILLUMINA	NextSeq 500	ERP138431	PRJEB53625		858752	ERS12243778	SAMEA110144966	simple	318829	Pyricularia oryzae	TH3o							no					IWATE BIOTECHNOLOGY RESEARCH CENTER	ERA15667279		public	65C87633CE18ED796378EDC440D4E0C0	92A2A3DE1C8CB1D6A40F92C249F891E8
ERR9861087	2024-07-26 19:03:41	2024-08-07 10:40:27	5233938	771258738	5233938	147	313		https://sra-downloadb.be-md.ncbi.nlm.nih.gov/sos11/sra-pub-zq-1140/ERR009/9861/ERR9861087/ERR9861087.lite.1	ERX9406159	Illumina TruSeq DNA LT Sample Prep Kit	WGS	RANDOM	GENOMIC	PAIRED	0	0	ILLUMINA	NextSeq 500	ERP138431	PRJEB53625		858752	ERS12243815	SAMEA110145003	simple	318829	Pyricularia oryzae	d37a							no					IWATE BIOTECHNOLOGY RESEARCH CENTER	ERA15667279		public	3CEBE60172D7BB2810E93DDEC363759C	C74C5ED787D850A0A114CBD7402CCBC2
ERR9860904	2024-07-26 21:31:38	2024-08-19 04:29:22	3583926	533093269	3583926	148	220		https://sra-downloadb.be-md.ncbi.nlm.nih.gov/sos11/sra-pub-zq-1140/ERR009/9860/ERR9860904/ERR9860904.lite.1	ERX9405976	Illumina TruSeq DNA LT Sample Prep Kit	WGS	RANDOM	GENOMIC	PAIRED	0	0	ILLUMINA	NextSeq 500	ERP138431	PRJEB53625		858752	ERS12243857	SAMEA110145045	simple	318829	Pyricularia oryzae	i28a							no					IWATE BIOTECHNOLOGY RESEARCH CENTER	ERA15665670		public	33538DDCF9A10CF849660C32A48F8222	D755FAA6116F0BC59493A4FAE5849217
ERR9861152	2024-07-27 02:15:46	2024-08-08 10:18:14	1369652	200376612	1369652	146	84		https://sra-downloadb.be-md.ncbi.nlm.nih.gov/sos11/sra-pub-zq-1140/ERR009/9861/ERR9861152/ERR9861152.lite.1	ERX9406224	Illumina TruSeq DNA LT Sample Prep Kit	WGS	RANDOM	GENOMIC	PAIRED	0	0	ILLUMINA	NextSeq 500	ERP138431	PRJEB53625		858752	ERS12243878	SAMEA110145066	simple	318829	Pyricularia oryzae	i50a							no					IWATE BIOTECHNOLOGY RESEARCH CENTER	ERA15667279		public	806B1AB9A42864921BC7CCF62F640C74	F9DA3B765FA78623E4BE246525C5891C
ERR9860931	2024-07-27 00:45:46	2024-08-07 16:39:30	3712666	552977677	3712666	148	224		https://sra-downloadb.be-md.ncbi.nlm.nih.gov/sos11/sra-pub-zq-1140/ERR009/9860/ERR9860931/ERR9860931.lite.1	ERX9406003	Illumina TruSeq DNA LT Sample Prep Kit	WGS	RANDOM	GENOMIC	PAIRED	0	0	ILLUMINA	NextSeq 500	ERP138431	PRJEB53625		858752	ERS12243882	SAMEA110145070	simple	318829	Pyricularia oryzae	i54a							no					IWATE BIOTECHNOLOGY RESEARCH CENTER	ERA15665670		public	7B0137A178D04A1E49017AB7123B9DE7	45DCBF67861A546A283CDCEFE00521FE
ERR9860947	2024-07-26 19:03:40	2024-08-18 22:53:31	4550225	677295749	4550225	148	278		https://sra-downloadb.be-md.ncbi.nlm.nih.gov/sos11/sra-pub-zq-1140/ERR009/9860/ERR9860947/ERR9860947.lite.1	ERX9406019	Illumina TruSeq DNA LT Sample Prep Kit	WGS	RANDOM	GENOMIC	PAIRED	0	0	ILLUMINA	NextSeq 500	ERP138431	PRJEB53625		858752	ERS12243897	SAMEA110145085	simple	318829	Pyricularia oryzae	i69a							no					IWATE BIOTECHNOLOGY RESEARCH CENTER	ERA15665670		public	F716055E49794913EBAF4CAD381370E8	680D70E47A113D3E45F63C1C49DDBF03
ERR9861178	2024-07-27 02:15:46	2024-08-07 18:14:56	1214187	177434594	1214187	146	75		https://sra-downloadb.be-md.ncbi.nlm.nih.gov/sos11/sra-pub-zq-1140/ERR009/9861/ERR9861178/ERR9861178.lite.1	ERX9406250	Illumina TruSeq DNA LT Sample Prep Kit	WGS	RANDOM	GENOMIC	PAIRED	0	0	ILLUMINA	NextSeq 500	ERP138431	PRJEB53625		858752	ERS12243902	SAMEA110145090	simple	318829	Pyricularia oryzae	i74a							no					IWATE BIOTECHNOLOGY RESEARCH CENTER	ERA15667279		public	FC1DD586827EFE0D71607EDEDF6378A5	E73F13D44B1379D1FB9682CB902DFACE
ERR9861180	2024-07-27 01:59:45	2024-08-07 18:01:30	3351065	498270830	3351065	148	207		https://sra-downloadb.be-md.ncbi.nlm.nih.gov/sos11/sra-pub-zq-1140/ERR009/9861/ERR9861180/ERR9861180.lite.1	ERX9406252	Illumina TruSeq DNA LT Sample Prep Kit	WGS	RANDOM	GENOMIC	PAIRED	0	0	ILLUMINA	NextSeq 500	ERP138431	PRJEB53625		858752	ERS12243904	SAMEA110145092	simple	318829	Pyricularia oryzae	i76a							no					IWATE BIOTECHNOLOGY RESEARCH CENTER	ERA15667279		public	E01D4A2AFA1DB45B4AE32778FF7DB02B	833758574B207D5D43B0B712B8CEAD74
ERR9861182	2024-07-26 23:25:50	2024-08-07 16:16:03	2754042	409713197	2754042	148	174		https://sra-downloadb.be-md.ncbi.nlm.nih.gov/sos11/sra-pub-zq-1140/ERR009/9861/ERR9861182/ERR9861182.lite.1	ERX9406254	Illumina TruSeq DNA LT Sample Prep Kit	WGS	RANDOM	GENOMIC	PAIRED	0	0	ILLUMINA	NextSeq 500	ERP138431	PRJEB53625		858752	ERS12243906	SAMEA110145094	simple	318829	Pyricularia oryzae	i78a							no					IWATE BIOTECHNOLOGY RESEARCH CENTER	ERA15667279		public	79CEDF7652B333DD75E9EC5C70D7BC7E	936261A4992DF2C2C23B8E984A4A0DAB
ERR6065932	2024-07-26 17:10:52		0	0	0	0	0			ERX5704800	th3	WGS	PCR	GENOMIC	PAIRED	400	0	ILLUMINA	Illumina Genome Analyzer II	ERP129858	PRJEB45710		941580	ERS6077493	SAMEA8391999	simple	318829	Pyricularia oryzae	SAMEA8391999							no					THE JOHN INNES CENTRE	ERA4875097		public		
ERR9860867	2024-07-26 20:24:49	2024-08-19 08:16:30	4594629	683200033	4594629	148	285		https://sra-downloadb.be-md.ncbi.nlm.nih.gov/sos11/sra-pub-zq-1140/ERR009/9860/ERR9860867/ERR9860867.lite.1	ERX9405939	Illumina TruSeq DNA LT Sample Prep Kit	WGS	RANDOM	GENOMIC	PAIRED	0	0	ILLUMINA	NextSeq 500	ERP138431	PRJEB53625		858752	ERS12243790	SAMEA110144978	simple	318829	Pyricularia oryzae	SAMEA110144978							no					IWATE BIOTECHNOLOGY RESEARCH CENTER	ERA15665670		public	419CDC862BAF24B7981CB429809F0084	4DA3997CFCD2796AD8496C8614230FDD
ERR9860869	2024-07-26 20:24:49	2024-08-19 08:16:15	1048844	156220208	1048844	148	64		https://sra-downloadb.be-md.ncbi.nlm.nih.gov/sos11/sra-pub-zq-1140/ERR009/9860/ERR9860869/ERR9860869.lite.1	ERX9405941	Illumina TruSeq DNA LT Sample Prep Kit	WGS	RANDOM	GENOMIC	PAIRED	0	0	ILLUMINA	NextSeq 500	ERP138431	PRJEB53625		858752	ERS12243792	SAMEA110144980	simple	318829	Pyricularia oryzae	SAMEA110144980							no					IWATE BIOTECHNOLOGY RESEARCH CENTER	ERA15665670		public	98BE93DCD1C612A5045848BE1171ADF9	4FC99666FA8FB7B668416160BA07B9D7
ERR9860872	2024-07-27 01:37:02	2024-08-07 17:59:25	733949	109223649	733949	148	45		https://sra-downloadb.be-md.ncbi.nlm.nih.gov/sos11/sra-pub-zq-1140/ERR009/9860/ERR9860872/ERR9860872.lite.1	ERX9405944	Illumina TruSeq DNA LT Sample Prep Kit	WGS	RANDOM	GENOMIC	PAIRED	0	0	ILLUMINA	NextSeq 500	ERP138431	PRJEB53625		858752	ERS12243795	SAMEA110144983	simple	318829	Pyricularia oryzae	d17a							no					IWATE BIOTECHNOLOGY RESEARCH CENTER	ERA15665670		public	1B66C5204F8BFF6A810A282DE7B9EB6C	A4E8357FC9A2D900C22E682CF00D37DB
ERR9860873	2024-07-26 18:10:45	2024-08-07 10:33:38	1679779	250219936	1679779	148	103		https://sra-downloadb.be-md.ncbi.nlm.nih.gov/sos11/sra-pub-zq-1140/ERR009/9860/ERR9860873/ERR9860873.lite.1	ERX9405945	Illumina TruSeq DNA LT Sample Prep Kit	WGS	RANDOM	GENOMIC	PAIRED	0	0	ILLUMINA	NextSeq 500	ERP138431	PRJEB53625		858752	ERS12243796	SAMEA110144984	simple	318829	Pyricularia oryzae	SAMEA110144984							no					IWATE BIOTECHNOLOGY RESEARCH CENTER	ERA15665670		public	5C365F369209A0269DC52BFC91921E90	EA79CEA61DAAB110AD04D105614DAEC8
ERR9860877	2024-07-26 19:18:55	2024-08-07 10:51:25	3105472	462874306	3105472	149	187		https://sra-downloadb.be-md.ncbi.nlm.nih.gov/sos11/sra-pub-zq-1140/ERR009/9860/ERR9860877/ERR9860877.lite.1	ERX9405949	Illumina TruSeq DNA LT Sample Prep Kit	WGS	RANDOM	GENOMIC	PAIRED	0	0	ILLUMINA	NextSeq 500	ERP138431	PRJEB53625		858752	ERS12243799	SAMEA110144987	simple	318829	Pyricularia oryzae	SAMEA110144987							no					IWATE BIOTECHNOLOGY RESEARCH CENTER	ERA15665670		public	46FF3A5BB6412F53043E695159BC2A96	A47DB05C8BA7870933EB7A6092E872C4
ERR9860880	2024-07-26 20:12:40	2024-08-07 12:24:50	5184089	772383282	5184089	148	317		https://sra-downloadb.be-md.ncbi.nlm.nih.gov/sos11/sra-pub-zq-1140/ERR009/9860/ERR9860880/ERR9860880.lite.1	ERX9405952	Illumina TruSeq DNA LT Sample Prep Kit	WGS	RANDOM	GENOMIC	PAIRED	0	0	ILLUMINA	NextSeq 500	ERP138431	PRJEB53625		858752	ERS12243782	SAMEA110144970	simple	318829	Pyricularia oryzae	SAMEA110144970							no					IWATE BIOTECHNOLOGY RESEARCH CENTER	ERA15665670		public	0C4AD6A3904C3B3F1074038BFE7529C2	3282D7EBF826633FABBA6CC2A62761F4
ERR9860882	2024-07-26 19:03:40	2024-08-07 10:40:58	4030178	600349484	4030178	148	248		https://sra-downloadb.be-md.ncbi.nlm.nih.gov/sos11/sra-pub-zq-1140/ERR009/9860/ERR9860882/ERR9860882.lite.1	ERX9405954	Illumina TruSeq DNA LT Sample Prep Kit	WGS	RANDOM	GENOMIC	PAIRED	0	0	ILLUMINA	NextSeq 500	ERP138431	PRJEB53625		858752	ERS12243784	SAMEA110144972	simple	318829	Pyricularia oryzae	SAMEA110144972							no					IWATE BIOTECHNOLOGY RESEARCH CENTER	ERA15665670		public	E3D29BA559119432DA51B0EE803A5A71	337BE2348652349891137C2EC6FF8A08
ERR9860883	2024-07-26 19:18:55	2024-08-18 22:53:44	3180500	473792750	3180500	148	197		https://sra-downloadb.be-md.ncbi.nlm.nih.gov/sos11/sra-pub-zq-1140/ERR009/9860/ERR9860883/ERR9860883.lite.1	ERX9405955	Illumina TruSeq DNA LT Sample Prep Kit	WGS	RANDOM	GENOMIC	PAIRED	0	0	ILLUMINA	NextSeq 500	ERP138431	PRJEB53625		858752	ERS12243785	SAMEA110144973	simple	318829	Pyricularia oryzae	SAMEA110144973							no					IWATE BIOTECHNOLOGY RESEARCH CENTER	ERA15665670		public	43A057A40D2D6CA39A03AFC64E38DCBB	2335CA310A3A760464D499BE677406EA
ERR9860888	2024-07-26 19:18:55	2024-08-07 10:48:37	1462091	217793646	1462091	148	91		https://sra-downloadb.be-md.ncbi.nlm.nih.gov/sos11/sra-pub-zq-1140/ERR009/9860/ERR9860888/ERR9860888.lite.1	ERX9405960	Illumina TruSeq DNA LT Sample Prep Kit	WGS	RANDOM	GENOMIC	PAIRED	0	0	ILLUMINA	NextSeq 500	ERP138431	PRJEB53625		858752	ERS12243842	SAMEA110145030	simple	318829	Pyricularia oryzae	SAMEA110145030							no					IWATE BIOTECHNOLOGY RESEARCH CENTER	ERA15665670		public	98FE19B976DE5A90CF546BA3469B827F	46B853DED4B647E1A1E73CF2A1EDCE83
ERR9860891	2024-07-26 19:03:40	2024-08-07 10:40:02	1026886	153055443	1026886	149	64		https://sra-downloadb.be-md.ncbi.nlm.nih.gov/sos11/sra-pub-zq-1140/ERR009/9860/ERR9860891/ERR9860891.lite.1	ERX9405963	Illumina TruSeq DNA LT Sample Prep Kit	WGS	RANDOM	GENOMIC	PAIRED	0	0	ILLUMINA	NextSeq 500	ERP138431	PRJEB53625		858752	ERS12243845	SAMEA110145033	simple	318829	Pyricularia oryzae	SAMEA110145033							no					IWATE BIOTECHNOLOGY RESEARCH CENTER	ERA15665670		public	ED3405017452B9E073616A2B4B42E0CC	8C7BA4C8351D03EE07A4908C9095229C
ERR9860893	2024-07-26 20:24:49	2024-08-07 12:33:28	4563359	680275253	4563359	149	280		https://sra-downloadb.be-md.ncbi.nlm.nih.gov/sos11/sra-pub-zq-1140/ERR009/9860/ERR9860893/ERR9860893.lite.1	ERX9405965	Illumina TruSeq DNA LT Sample Prep Kit	WGS	RANDOM	GENOMIC	PAIRED	0	0	ILLUMINA	NextSeq 500	ERP138431	PRJEB53625		858752	ERS12243847	SAMEA110145035	simple	318829	Pyricularia oryzae	SAMEA110145035							no					IWATE BIOTECHNOLOGY RESEARCH CENTER	ERA15665670		public	FB2E467923BFDEC0E39FE6476F047E4F	B397AD1301FC50BB831EFD7A62BF1F0A
ERR9860899	2024-07-26 22:37:52	2024-08-07 13:56:45	1420783	211776881	1420783	149	86		https://sra-downloadb.be-md.ncbi.nlm.nih.gov/sos11/sra-pub-zq-1140/ERR009/9860/ERR9860899/ERR9860899.lite.1	ERX9405971	Illumina TruSeq DNA LT Sample Prep Kit	WGS	RANDOM	GENOMIC	PAIRED	0	0	ILLUMINA	NextSeq 500	ERP138431	PRJEB53625		858752	ERS12243852	SAMEA110145040	simple	318829	Pyricularia oryzae	SAMEA110145040							no					IWATE BIOTECHNOLOGY RESEARCH CENTER	ERA15665670		public	DA532184E31A4B8814FB840D0A67BBC5	A315A154F722D471944A1640AE9ED54A
ERR9860902	2024-07-26 17:10:55	2024-08-07 03:08:13	6330582	942584484	6330582	148	387		https://sra-downloadb.be-md.ncbi.nlm.nih.gov/sos11/sra-pub-zq-1140/ERR009/9860/ERR9860902/ERR9860902.lite.1	ERX9405974	Illumina TruSeq DNA LT Sample Prep Kit	WGS	RANDOM	GENOMIC	PAIRED	0	0	ILLUMINA	NextSeq 500	ERP138431	PRJEB53625		858752	ERS12243855	SAMEA110145043	simple	318829	Pyricularia oryzae	i26a							no					IWATE BIOTECHNOLOGY RESEARCH CENTER	ERA15665670		public	15EF7BADFDFC34F208EE4F9A4D947961	D12BD456C79918738B4AFBFC2D622D1A
ERR9860957	2024-07-26 17:10:55	2024-08-15 03:06:41	3714110	553017641	3714110	148	222		https://sra-downloadb.be-md.ncbi.nlm.nih.gov/sos11/sra-pub-zq-1140/ERR009/9860/ERR9860957/ERR9860957.lite.1	ERX9406029	Illumina TruSeq DNA LT Sample Prep Kit	WGS	RANDOM	GENOMIC	PAIRED	0	0	ILLUMINA	NextSeq 500	ERP138431	PRJEB53625		858752	ERS12243906	SAMEA110145094	simple	318829	Pyricularia oryzae	i78a							no					IWATE BIOTECHNOLOGY RESEARCH CENTER	ERA15665670		public	7DDC09D1A2C13CB4574512C2ABCC031C	B40BC24048807EEA9D82C3C172BE367E
ERR9861092	2024-07-26 17:54:17	2024-08-07 10:23:19	4117661	611922328	4117661	148	249		https://sra-downloadb.be-md.ncbi.nlm.nih.gov/sos11/sra-pub-zq-1140/ERR009/9861/ERR9861092/ERR9861092.lite.1	ERX9406164	Illumina TruSeq DNA LT Sample Prep Kit	WGS	RANDOM	GENOMIC	PAIRED	0	0	ILLUMINA	NextSeq 500	ERP138431	PRJEB53625		858752	ERS12243819	SAMEA110145007	simple	318829	Pyricularia oryzae	d42a							no					IWATE BIOTECHNOLOGY RESEARCH CENTER	ERA15667279		public	BD7D185314D9BF7A8448FADE0C474867	3179509D44ADA2164748EFFE3664E7D4
ERR9861094	2024-07-26 20:12:40	2024-08-07 12:14:55	4156829	618270462	4156829	148	256		https://sra-downloadb.be-md.ncbi.nlm.nih.gov/sos11/sra-pub-zq-1140/ERR009/9861/ERR9861094/ERR9861094.lite.1	ERX9406166	Illumina TruSeq DNA LT Sample Prep Kit	WGS	RANDOM	GENOMIC	PAIRED	0	0	ILLUMINA	NextSeq 500	ERP138431	PRJEB53625		858752	ERS12243821	SAMEA110145009	simple	318829	Pyricularia oryzae	d44a							no					IWATE BIOTECHNOLOGY RESEARCH CENTER	ERA15667279		public	AAB86DB3277045F5DE716D977AE7A2FA	191BC75BF030C68442BA63819C392FCB
ERR9861109	2024-07-26 18:03:17	2024-08-07 10:27:02	456505	66828538	456505	146	29		https://sra-downloadb.be-md.ncbi.nlm.nih.gov/sos11/sra-pub-zq-1140/ERR009/9861/ERR9861109/ERR9861109.lite.1	ERX9406181	Illumina TruSeq DNA LT Sample Prep Kit	WGS	RANDOM	GENOMIC	PAIRED	0	0	ILLUMINA	NextSeq 500	ERP138431	PRJEB53625		858752	ERS12243786	SAMEA110144974	simple	318829	Pyricularia oryzae	SAMEA110144974							no					IWATE BIOTECHNOLOGY RESEARCH CENTER	ERA15667279		public	E8572C14997C4A40D1B3392044801939	2EF73122A85FBFAEFBF06DC16784C056
ERR9860949	2024-07-27 02:35:18	2024-08-07 19:52:16	5383855	801344668	5383855	148	325		https://sra-downloadb.be-md.ncbi.nlm.nih.gov/sos11/sra-pub-zq-1140/ERR009/9860/ERR9860949/ERR9860949.lite.1	ERX9406021	Illumina TruSeq DNA LT Sample Prep Kit	WGS	RANDOM	GENOMIC	PAIRED	0	0	ILLUMINA	NextSeq 500	ERP138431	PRJEB53625		858752	ERS12243898	SAMEA110145086	simple	318829	Pyricularia oryzae	SAMEA110145086							no					IWATE BIOTECHNOLOGY RESEARCH CENTER	ERA15665670		public	494A7C7BA6B33B1C0735DD4ED91BD38D	A3E74799BF2A7BC23F983CA0A07A49DB
ERR9861099	2024-07-26 22:37:52	2024-08-07 14:03:13	5234581	777014061	5234581	148	317		https://sra-downloadb.be-md.ncbi.nlm.nih.gov/sos11/sra-pub-zq-1140/ERR009/9861/ERR9861099/ERR9861099.lite.1	ERX9406171	Illumina TruSeq DNA LT Sample Prep Kit	WGS	RANDOM	GENOMIC	PAIRED	0	0	ILLUMINA	NextSeq 500	ERP138431	PRJEB53625		858752	ERS12243826	SAMEA110145014	simple	318829	Pyricularia oryzae	SAMEA110145014							no					IWATE BIOTECHNOLOGY RESEARCH CENTER	ERA15667279		public	B69AEC3E75B3179002A01F9B1B499680	E6F1D20715631FA92A2BBAF8266E8662
ERR9861100	2024-07-26 20:12:41	2024-08-07 12:18:13	1042332	153666252	1042332	147	65		https://sra-downloadb.be-md.ncbi.nlm.nih.gov/sos11/sra-pub-zq-1140/ERR009/9861/ERR9861100/ERR9861100.lite.1	ERX9406172	Illumina TruSeq DNA LT Sample Prep Kit	WGS	RANDOM	GENOMIC	PAIRED	0	0	ILLUMINA	NextSeq 500	ERP138431	PRJEB53625		858752	ERS12243782	SAMEA110144970	simple	318829	Pyricularia oryzae	SAMEA110144970							no					IWATE BIOTECHNOLOGY RESEARCH CENTER	ERA15667279		public	49D52A60CFCE15F7427646DE5953E771	761BCA41020C2A23940A8FF1D054BAA4
ERR9860945	2024-07-26 19:18:56	2024-08-07 10:44:02	6122325	911850787	6122325	148	372		https://sra-downloadb.be-md.ncbi.nlm.nih.gov/sos11/sra-pub-zq-1140/ERR009/9860/ERR9860945/ERR9860945.lite.1	ERX9406017	Illumina TruSeq DNA LT Sample Prep Kit	WGS	RANDOM	GENOMIC	PAIRED	0	0	ILLUMINA	NextSeq 500	ERP138431	PRJEB53625		858752	ERS12243895	SAMEA110145083	simple	318829	Pyricularia oryzae	SAMEA110145083							no					IWATE BIOTECHNOLOGY RESEARCH CENTER	ERA15665670		public	CC956C57574010F79250911FE5B91162	5A5088A217A6BBA28D59DDE327F9D0BA
ERR9860906	2024-07-26 20:24:49	2024-08-07 12:34:13	5033450	749216868	5033450	148	305		https://sra-downloadb.be-md.ncbi.nlm.nih.gov/sos11/sra-pub-zq-1140/ERR009/9860/ERR9860906/ERR9860906.lite.1	ERX9405978	Illumina TruSeq DNA LT Sample Prep Kit	WGS	RANDOM	GENOMIC	PAIRED	0	0	ILLUMINA	NextSeq 500	ERP138431	PRJEB53625		858752	ERS12243859	SAMEA110145047	simple	318829	Pyricularia oryzae	SAMEA110145047							no					IWATE BIOTECHNOLOGY RESEARCH CENTER	ERA15665670		public	DCA74605B0838F0DF2012AC7F874234B	1BEBCDD80584D5C2A9312CE32B96843D
ERR9861171	2024-07-26 17:10:56	2024-08-15 03:06:07	909579	131422569	909579	144	56		https://sra-downloadb.be-md.ncbi.nlm.nih.gov/sos11/sra-pub-zq-1140/ERR009/9861/ERR9861171/ERR9861171.lite.1	ERX9406243	Illumina TruSeq DNA LT Sample Prep Kit	WGS	RANDOM	GENOMIC	PAIRED	0	0	ILLUMINA	NextSeq 500	ERP138431	PRJEB53625		858752	ERS12243896	SAMEA110145084	simple	318829	Pyricularia oryzae	SAMEA110145084							no					IWATE BIOTECHNOLOGY RESEARCH CENTER	ERA15667279		public	91D399C3CD18AE479FE496D2A06831BD	67E3E1F8856A608F5C2A67AB2C3A9C1A
ERR9861190	2024-07-26 18:03:17	2024-08-07 10:29:48	3159269	1448294077	3159269	458	713		https://sra-downloadb.be-md.ncbi.nlm.nih.gov/sos11/sra-pub-zq-1140/ERR009/9861/ERR9861190/ERR9861190.lite.1	ERX9406262	Illumina TruSeq DNA LT Sample Prep Kit	WGS	RANDOM	GENOMIC	PAIRED	0	0	ILLUMINA	Illumina MiSeq	ERP138431	PRJEB53625		858752	ERS12243777	SAMEA110144965	simple	318829	Pyricularia oryzae	O23							no					IWATE BIOTECHNOLOGY RESEARCH CENTER	ERA15668842		public	A7B765E26055F7CF2A461351989F71A2	C4097DEBF8C4B0EC26D40685995A0D68
ERR9861131	2024-07-26 19:18:56	2024-08-07 10:48:03	1009383	146718166	1009383	145	62		https://sra-downloadb.be-md.ncbi.nlm.nih.gov/sos11/sra-pub-zq-1140/ERR009/9861/ERR9861131/ERR9861131.lite.1	ERX9406203	Illumina TruSeq DNA LT Sample Prep Kit	WGS	RANDOM	GENOMIC	PAIRED	0	0	ILLUMINA	NextSeq 500	ERP138431	PRJEB53625		858752	ERS12243859	SAMEA110145047	simple	318829	Pyricularia oryzae	SAMEA110145047							no					IWATE BIOTECHNOLOGY RESEARCH CENTER	ERA15667279		public	83BD359C16CCA7DC9288C51B054A7F01	2F3DD603606A0DD9B3F32EE3439E70FE
ERR9860921	2024-07-26 18:10:45	2024-08-07 10:34:17	3023068	450383326	3023068	148	186		https://sra-downloadb.be-md.ncbi.nlm.nih.gov/sos11/sra-pub-zq-1140/ERR009/9860/ERR9860921/ERR9860921.lite.1	ERX9405993	Illumina TruSeq DNA LT Sample Prep Kit	WGS	RANDOM	GENOMIC	PAIRED	0	0	ILLUMINA	NextSeq 500	ERP138431	PRJEB53625		858752	ERS12243873	SAMEA110145061	simple	318829	Pyricularia oryzae	SAMEA110145061							no					IWATE BIOTECHNOLOGY RESEARCH CENTER	ERA15665670		public	50637EE06C413BEAB53FE64E9E7DF405	3C3A8554594CA4C88BBE7FC7525E442B
ERR9861146	2024-07-26 19:03:41	2024-08-07 10:36:30	542855	79368173	542855	146	34		https://sra-downloadb.be-md.ncbi.nlm.nih.gov/sos11/sra-pub-zq-1140/ERR009/9861/ERR9861146/ERR9861146.lite.1	ERX9406218	Illumina TruSeq DNA LT Sample Prep Kit	WGS	RANDOM	GENOMIC	PAIRED	0	0	ILLUMINA	NextSeq 500	ERP138431	PRJEB53625		858752	ERS12243873	SAMEA110145061	simple	318829	Pyricularia oryzae	SAMEA110145061							no					IWATE BIOTECHNOLOGY RESEARCH CENTER	ERA15667279		public	CF212F73151C6944181216826E5E20DA	332CA15C611FA59006EB10CE62B3383A
ERR9861125	2024-07-26 23:11:07	2024-08-07 14:08:40	1079643	154940695	1079643	143	64		https://sra-downloadb.be-md.ncbi.nlm.nih.gov/sos11/sra-pub-zq-1140/ERR009/9861/ERR9861125/ERR9861125.lite.1	ERX9406197	Illumina TruSeq DNA LT Sample Prep Kit	WGS	RANDOM	GENOMIC	PAIRED	0	0	ILLUMINA	NextSeq 500	ERP138431	PRJEB53625		858752	ERS12243853	SAMEA110145041	simple	318829	Pyricularia oryzae	SAMEA110145041							no					IWATE BIOTECHNOLOGY RESEARCH CENTER	ERA15667279		public	6DD88F0E74DFB85414D7A198C4B3283A	4B087023758357F0BA0140410173542C
ERR9861120	2024-07-26 20:12:41	2024-08-07 12:18:25	793837	115133942	793837	145	49		https://sra-downloadb.be-md.ncbi.nlm.nih.gov/sos11/sra-pub-zq-1140/ERR009/9861/ERR9861120/ERR9861120.lite.1	ERX9406192	Illumina TruSeq DNA LT Sample Prep Kit	WGS	RANDOM	GENOMIC	PAIRED	0	0	ILLUMINA	NextSeq 500	ERP138431	PRJEB53625		858752	ERS12243849	SAMEA110145037	simple	318829	Pyricularia oryzae	SAMEA110145037							no					IWATE BIOTECHNOLOGY RESEARCH CENTER	ERA15667279		public	B193B9A52B893679F22FCC82ABAE3C38	96F28246E571B20ECF9115A39BA7F250
ERR9861058	2024-07-26 19:03:41	2024-08-07 10:34:54	468951	67753571	468951	144	30		https://sra-downloadb.be-md.ncbi.nlm.nih.gov/sos11/sra-pub-zq-1140/ERR009/9861/ERR9861058/ERR9861058.lite.1	ERX9406130	Illumina TruSeq DNA LT Sample Prep Kit	WGS	RANDOM	GENOMIC	PAIRED	0	0	ILLUMINA	NextSeq 500	ERP138431	PRJEB53625		858752	ERS12243788	SAMEA110144976	simple	318829	Pyricularia oryzae	SAMEA110144976							no					IWATE BIOTECHNOLOGY RESEARCH CENTER	ERA15667279		public	B3B5645C9D88D7A9AA2337373314B8FF	793E1541DAD900DE9BBBD5C44BB7688A
ERR9861111	2024-07-26 18:10:45	2024-08-07 10:31:44	865455	115632126	865455	133	51		https://sra-downloadb.be-md.ncbi.nlm.nih.gov/sos11/sra-pub-zq-1140/ERR009/9861/ERR9861111/ERR9861111.lite.1	ERX9406183	Illumina TruSeq DNA LT Sample Prep Kit	WGS	RANDOM	GENOMIC	PAIRED	0	0	ILLUMINA	NextSeq 500	ERP138431	PRJEB53625		858752	ERS12243840	SAMEA110145028	simple	318829	Pyricularia oryzae	SAMEA110145028							no					IWATE BIOTECHNOLOGY RESEARCH CENTER	ERA15667279		public	CEFB8C63F97265897D233FDEF36A2BE8	12B4173A43DA067EF61DC2B24EC29842
ERR9861126	2024-07-26 17:10:56	2024-08-07 03:06:19	1066065	155552747	1066065	145	65		https://sra-downloadb.be-md.ncbi.nlm.nih.gov/sos11/sra-pub-zq-1140/ERR009/9861/ERR9861126/ERR9861126.lite.1	ERX9406198	Illumina TruSeq DNA LT Sample Prep Kit	WGS	RANDOM	GENOMIC	PAIRED	0	0	ILLUMINA	NextSeq 500	ERP138431	PRJEB53625		858752	ERS12243854	SAMEA110145042	simple	318829	Pyricularia oryzae	SAMEA110145042							no					IWATE BIOTECHNOLOGY RESEARCH CENTER	ERA15667279		public	48B540E88543B4A7A10CE967136876B3	AAE4CA18E65BC559B683EA7BD5FE8B57
ERR9861138	2024-07-26 17:45:22	2024-08-07 08:56:01	1102977	161504964	1102977	146	68		https://sra-downloadb.be-md.ncbi.nlm.nih.gov/sos11/sra-pub-zq-1140/ERR009/9861/ERR9861138/ERR9861138.lite.1	ERX9406210	Illumina TruSeq DNA LT Sample Prep Kit	WGS	RANDOM	GENOMIC	PAIRED	0	0	ILLUMINA	NextSeq 500	ERP138431	PRJEB53625		858752	ERS12243866	SAMEA110145054	simple	318829	Pyricularia oryzae	i38a							no					IWATE BIOTECHNOLOGY RESEARCH CENTER	ERA15667279		public	B9D20D18E2E347EBDE0624B01F95AA73	CF98824812AC2CF91EF3F54A03275B31
ERR9860918	2024-07-26 18:10:45	2024-08-07 10:32:14	6921644	1031091437	6921644	148	419		https://sra-downloadb.be-md.ncbi.nlm.nih.gov/sos11/sra-pub-zq-1140/ERR009/9860/ERR9860918/ERR9860918.lite.1	ERX9405990	Illumina TruSeq DNA LT Sample Prep Kit	WGS	RANDOM	GENOMIC	PAIRED	0	0	ILLUMINA	NextSeq 500	ERP138431	PRJEB53625		858752	ERS12243870	SAMEA110145058	simple	318829	Pyricularia oryzae	SAMEA110145058							no					IWATE BIOTECHNOLOGY RESEARCH CENTER	ERA15665670		public	AE818CBF7A3CDA700A7FCE4FF8E2BD83	BB0287BC1AB2B8AE242314255D9910E1
ERR9861108	2024-07-26 21:31:38	2024-08-07 12:45:15	451527	65016204	451527	143	29		https://sra-downloadb.be-md.ncbi.nlm.nih.gov/sos11/sra-pub-zq-1140/ERR009/9861/ERR9861108/ERR9861108.lite.1	ERX9406180	Illumina TruSeq DNA LT Sample Prep Kit	WGS	RANDOM	GENOMIC	PAIRED	0	0	ILLUMINA	NextSeq 500	ERP138431	PRJEB53625		858752	ERS12243785	SAMEA110144973	simple	318829	Pyricularia oryzae	SAMEA110144973							no					IWATE BIOTECHNOLOGY RESEARCH CENTER	ERA15667279		public	87E1E616F14DA0D242B4BA1C221920B0	80D4248366ED462D4F6B5323D6FDFC34
ERR9861184	2024-07-26 19:18:56	2024-08-07 10:52:17	1315673	188381842	1315673	143	79		https://sra-downloadb.be-md.ncbi.nlm.nih.gov/sos11/sra-pub-zq-1140/ERR009/9861/ERR9861184/ERR9861184.lite.1	ERX9406256	Illumina TruSeq DNA LT Sample Prep Kit	WGS	RANDOM	GENOMIC	PAIRED	0	0	ILLUMINA	NextSeq 500	ERP138431	PRJEB53625		858752	ERS12243837	SAMEA110145025	simple	318829	Pyricularia oryzae	i7a							no					IWATE BIOTECHNOLOGY RESEARCH CENTER	ERA15667279		public	1C5CCD68B706852C836E65323E2E5B10	9C1ED804A9CA3236F22C5F106D7A4298
ERR9861095	2024-07-26 19:18:56	2024-08-18 22:53:47	3384023	502306401	3384023	148	207		https://sra-downloadb.be-md.ncbi.nlm.nih.gov/sos11/sra-pub-zq-1140/ERR009/9861/ERR9861095/ERR9861095.lite.1	ERX9406167	Illumina TruSeq DNA LT Sample Prep Kit	WGS	RANDOM	GENOMIC	PAIRED	0	0	ILLUMINA	NextSeq 500	ERP138431	PRJEB53625		858752	ERS12243822	SAMEA110145010	simple	318829	Pyricularia oryzae	SAMEA110145010							no					IWATE BIOTECHNOLOGY RESEARCH CENTER	ERA15667279		public	8E010969D380FC22FAF474F9BB55D60B	ABE6FFBE098172BE67B5502CC4CCC6EC
ERR9861160	2024-07-26 17:54:17	2024-08-07 10:23:28	1169823	168309863	1169823	143	71		https://sra-downloadb.be-md.ncbi.nlm.nih.gov/sos11/sra-pub-zq-1140/ERR009/9861/ERR9861160/ERR9861160.lite.1	ERX9406232	Illumina TruSeq DNA LT Sample Prep Kit	WGS	RANDOM	GENOMIC	PAIRED	0	0	ILLUMINA	NextSeq 500	ERP138431	PRJEB53625		858752	ERS12243886	SAMEA110145074	simple	318829	Pyricularia oryzae	i58a							no					IWATE BIOTECHNOLOGY RESEARCH CENTER	ERA15667279		public	B830AD59BC8AC2ADBB18ED8FAA0F45E5	4EA9FD4FA8655DBACC28E6ADBC80C2A8
ERR9860912	2024-07-26 19:18:55	2024-08-07 10:51:54	4002279	596312668	4002279	148	248		https://sra-downloadb.be-md.ncbi.nlm.nih.gov/sos11/sra-pub-zq-1140/ERR009/9860/ERR9860912/ERR9860912.lite.1	ERX9405984	Illumina TruSeq DNA LT Sample Prep Kit	WGS	RANDOM	GENOMIC	PAIRED	0	0	ILLUMINA	NextSeq 500	ERP138431	PRJEB53625		858752	ERS12243865	SAMEA110145053	simple	318829	Pyricularia oryzae	i37a							no					IWATE BIOTECHNOLOGY RESEARCH CENTER	ERA15665670		public	5DDF4618B1AA8A1F128521973AAF650A	8518531CFE5D78251367FDC6014092D1
ERR9861187	2024-07-27 02:15:46	2024-08-07 18:06:47	326281	44316212	326281	135	18		https://sra-downloadb.be-md.ncbi.nlm.nih.gov/sos11/sra-pub-zq-1140/ERR009/9861/ERR9861187/ERR9861187.lite.1	ERX9406259	Illumina TruSeq DNA LT Sample Prep Kit	WGS	RANDOM	GENOMIC	PAIRED	0	0	ILLUMINA	NextSeq 500	ERP138431	PRJEB53625		858752	ERS12243839	SAMEA110145027	simple	318829	Pyricularia oryzae	i9a							no					IWATE BIOTECHNOLOGY RESEARCH CENTER	ERA15667279		public	04F055FF70CCD32AD8E5510A1842EADA	04EEAD30AF150AE0C37E14BB07AD1143
ERR9861067	2024-07-26 18:10:45	2024-08-07 10:30:39	477228	68454490	477228	143	28		https://sra-downloadb.be-md.ncbi.nlm.nih.gov/sos11/sra-pub-zq-1140/ERR009/9861/ERR9861067/ERR9861067.lite.1	ERX9406139	Illumina TruSeq DNA LT Sample Prep Kit	WGS	RANDOM	GENOMIC	PAIRED	0	0	ILLUMINA	NextSeq 500	ERP138431	PRJEB53625		858752	ERS12243797	SAMEA110144985	simple	318829	Pyricularia oryzae	SAMEA110144985							no					IWATE BIOTECHNOLOGY RESEARCH CENTER	ERA15667279		public	48CD485BEF280BA8C34F9005C10B8B64	60421C7DDCAAD85D12DD2597C12B9CBD
ERR9861132	2024-07-26 17:10:56	2024-08-08 09:05:21	699118	87129480	699118	124	34		https://sra-downloadb.be-md.ncbi.nlm.nih.gov/sos11/sra-pub-zq-1140/ERR009/9861/ERR9861132/ERR9861132.lite.1	ERX9406204	Illumina TruSeq DNA LT Sample Prep Kit	WGS	RANDOM	GENOMIC	PAIRED	0	0	ILLUMINA	NextSeq 500	ERP138431	PRJEB53625		858752	ERS12243860	SAMEA110145048	simple	318829	Pyricularia oryzae	i32a							no					IWATE BIOTECHNOLOGY RESEARCH CENTER	ERA15667279		public	9F387F28ADBFF309A8B5A436E92578AD	EA130BB969B032417C4F1CFF9FEED7E9
ERR9860907	2024-07-26 19:18:55	2024-08-07 10:45:14	5017701	745724546	5017701	148	301		https://sra-downloadb.be-md.ncbi.nlm.nih.gov/sos11/sra-pub-zq-1140/ERR009/9860/ERR9860907/ERR9860907.lite.1	ERX9405979	Illumina TruSeq DNA LT Sample Prep Kit	WGS	RANDOM	GENOMIC	PAIRED	0	0	ILLUMINA	NextSeq 500	ERP138431	PRJEB53625		858752	ERS12243860	SAMEA110145048	simple	318829	Pyricularia oryzae	i32a							no					IWATE BIOTECHNOLOGY RESEARCH CENTER	ERA15665670		public	2D3938086E397664C964F951EDEE6ACC	BAE3329B24F15A044D5626F6154E7784
ERR9860972	2024-07-26 18:03:17	2024-08-07 10:28:32	2912905	433862833	2912905	148	175		https://sra-downloadb.be-md.ncbi.nlm.nih.gov/sos11/sra-pub-zq-1140/ERR009/9860/ERR9860972/ERR9860972.lite.1	ERX9406044	Illumina TruSeq DNA LT Sample Prep Kit	WGS	RANDOM	GENOMIC	PAIRED	0	0	ILLUMINA	NextSeq 500	ERP138431	PRJEB53625		858752	ERS12243919	SAMEA110145107	simple	318829	Pyricularia oryzae	i91a							no					IWATE BIOTECHNOLOGY RESEARCH CENTER	ERA15665670		public	3957BD61DD8B19E1785D9450F8E583FF	9E7C9A6988011AFD25B78A60FC0D5502
ERR9861161	2024-07-26 20:12:41	2024-08-07 12:18:28	1345402	193327467	1345402	143	81		https://sra-downloadb.be-md.ncbi.nlm.nih.gov/sos11/sra-pub-zq-1140/ERR009/9861/ERR9861161/ERR9861161.lite.1	ERX9406233	Illumina TruSeq DNA LT Sample Prep Kit	WGS	RANDOM	GENOMIC	PAIRED	0	0	ILLUMINA	NextSeq 500	ERP138431	PRJEB53625		858752	ERS12243887	SAMEA110145075	simple	318829	Pyricularia oryzae	SAMEA110145075							no					IWATE BIOTECHNOLOGY RESEARCH CENTER	ERA15667279		public	8A55DD71F81913C2958101405178202E	89571BA47C271DE42F20252F12AD71A0
ERR9860915	2024-07-26 23:25:50	2024-08-07 16:14:32	2254042	335477421	2254042	148	139		https://sra-downloadb.be-md.ncbi.nlm.nih.gov/sos11/sra-pub-zq-1140/ERR009/9860/ERR9860915/ERR9860915.lite.1	ERX9405987	Illumina TruSeq DNA LT Sample Prep Kit	WGS	RANDOM	GENOMIC	PAIRED	0	0	ILLUMINA	NextSeq 500	ERP138431	PRJEB53625		858752	ERS12243833	SAMEA110145021	simple	318829	Pyricularia oryzae	SAMEA110145021							no					IWATE BIOTECHNOLOGY RESEARCH CENTER	ERA15665670		public	2B486824885496684C0F688573AFA61E	D6D4E85EB6AFBD8C1283EDAB34FC125B
ERR9861162	2024-07-26 19:03:41	2024-08-07 10:40:36	747459	108687388	747459	145	46		https://sra-downloadb.be-md.ncbi.nlm.nih.gov/sos11/sra-pub-zq-1140/ERR009/9861/ERR9861162/ERR9861162.lite.1	ERX9406234	Illumina TruSeq DNA LT Sample Prep Kit	WGS	RANDOM	GENOMIC	PAIRED	0	0	ILLUMINA	NextSeq 500	ERP138431	PRJEB53625		858752	ERS12243835	SAMEA110145023	simple	318829	Pyricularia oryzae	i5a							no					IWATE BIOTECHNOLOGY RESEARCH CENTER	ERA15667279		public	9B20820862433DCBBE1B232EF5DF71CB	6A9B312649146C473D3050EB5F033BC3
ERR9861147	2024-07-26 23:25:50	2024-08-07 16:24:24	1111291	161643895	1111291	145	69		https://sra-downloadb.be-md.ncbi.nlm.nih.gov/sos11/sra-pub-zq-1140/ERR009/9861/ERR9861147/ERR9861147.lite.1	ERX9406219	Illumina TruSeq DNA LT Sample Prep Kit	WGS	RANDOM	GENOMIC	PAIRED	0	0	ILLUMINA	NextSeq 500	ERP138431	PRJEB53625		858752	ERS12243874	SAMEA110145062	simple	318829	Pyricularia oryzae	SAMEA110145062							no					IWATE BIOTECHNOLOGY RESEARCH CENTER	ERA15667279		public	390B291A7155AB105B8176DE5B0BE0A7	F884ADDEBE313085D8AC31DC632BF2E3
ERR9861064	2024-07-26 19:18:56	2024-08-21 00:51:06	1327818	190243015	1327818	143	74		https://sra-downloadb.be-md.ncbi.nlm.nih.gov/sos11/sra-pub-zq-1140/ERR009/9861/ERR9861064/ERR9861064.lite.1	ERX9406136	Illumina TruSeq DNA LT Sample Prep Kit	WGS	RANDOM	GENOMIC	PAIRED	0	0	ILLUMINA	NextSeq 500	ERP138431	PRJEB53625		858752	ERS12243794	SAMEA110144982	simple	318829	Pyricularia oryzae	d16a							no					IWATE BIOTECHNOLOGY RESEARCH CENTER	ERA15667279		public	7CB040FFB4C6FE90481170BC00B5E00E	A1E4113A32947059BAD8AB2FCBD9A959
ERR9861065	2024-07-26 19:18:56	2024-08-07 10:43:09	994858	139838727	994858	140	58		https://sra-downloadb.be-md.ncbi.nlm.nih.gov/sos11/sra-pub-zq-1140/ERR009/9861/ERR9861065/ERR9861065.lite.1	ERX9406137	Illumina TruSeq DNA LT Sample Prep Kit	WGS	RANDOM	GENOMIC	PAIRED	0	0	ILLUMINA	NextSeq 500	ERP138431	PRJEB53625		858752	ERS12243795	SAMEA110144983	simple	318829	Pyricularia oryzae	d17a							no					IWATE BIOTECHNOLOGY RESEARCH CENTER	ERA15667279		public	1CDD43F17D1C6E032D6840B6855AD867	1C9045DB32ACBDC28086F089A43EDACB
ERR9861156	2024-07-26 17:54:17	2024-08-07 10:23:38	974619	144416128	974619	148	60		https://sra-downloadb.be-md.ncbi.nlm.nih.gov/sos11/sra-pub-zq-1140/ERR009/9861/ERR9861156/ERR9861156.lite.1	ERX9406228	Illumina TruSeq DNA LT Sample Prep Kit	WGS	RANDOM	GENOMIC	PAIRED	0	0	ILLUMINA	NextSeq 500	ERP138431	PRJEB53625		858752	ERS12243882	SAMEA110145070	simple	318829	Pyricularia oryzae	i54a							no					IWATE BIOTECHNOLOGY RESEARCH CENTER	ERA15667279		public	DE672B5A920DEEA27FA87F7BFDBBBF17	E8B908924DC8C5D9AD6CA8C3183DB97C
ERR9860923	2024-07-26 19:03:40	2024-08-07 10:36:23	3178492	473026451	3178492	148	195		https://sra-downloadb.be-md.ncbi.nlm.nih.gov/sos11/sra-pub-zq-1140/ERR009/9860/ERR9860923/ERR9860923.lite.1	ERX9405995	Illumina TruSeq DNA LT Sample Prep Kit	WGS	RANDOM	GENOMIC	PAIRED	0	0	ILLUMINA	NextSeq 500	ERP138431	PRJEB53625		858752	ERS12243875	SAMEA110145063	simple	318829	Pyricularia oryzae	i47a							no					IWATE BIOTECHNOLOGY RESEARCH CENTER	ERA15665670		public	B53E4A327101543CB5328A6FE5D825D3	4B22E70AD36F59AF6F4D13C8CBC86FC5
ERR9860933	2024-07-26 19:03:40	2024-08-07 10:34:47	2708755	403747920	2708755	149	166		https://sra-downloadb.be-md.ncbi.nlm.nih.gov/sos11/sra-pub-zq-1140/ERR009/9860/ERR9860933/ERR9860933.lite.1	ERX9406005	Illumina TruSeq DNA LT Sample Prep Kit	WGS	RANDOM	GENOMIC	PAIRED	0	0	ILLUMINA	NextSeq 500	ERP138431	PRJEB53625		858752	ERS12243884	SAMEA110145072	simple	318829	Pyricularia oryzae	SAMEA110145072							no					IWATE BIOTECHNOLOGY RESEARCH CENTER	ERA15665670		public	A1C71D2E3525B1B0210BB722FB5F120A	ED8CA17EC8AB34573E5142CC4ED2C80E
ERR9860969	2024-07-26 17:54:17	2024-08-07 10:24:02	2539115	378217970	2539115	148	150		https://sra-downloadb.be-md.ncbi.nlm.nih.gov/sos11/sra-pub-zq-1140/ERR009/9860/ERR9860969/ERR9860969.lite.1	ERX9406041	Illumina TruSeq DNA LT Sample Prep Kit	WGS	RANDOM	GENOMIC	PAIRED	0	0	ILLUMINA	NextSeq 500	ERP138431	PRJEB53625		858752	ERS12243917	SAMEA110145105	simple	318829	Pyricularia oryzae	i89a							no					IWATE BIOTECHNOLOGY RESEARCH CENTER	ERA15665670		public	FADDECAF1D8DAF55FA122017CA58200D	FC24C539250D227308FE481126D588E3
ERR9861105	2024-07-26 19:03:41	2024-08-07 10:40:56	3235715	478728263	3235715	147	197		https://sra-downloadb.be-md.ncbi.nlm.nih.gov/sos11/sra-pub-zq-1140/ERR009/9861/ERR9861105/ERR9861105.lite.1	ERX9406177	Illumina TruSeq DNA LT Sample Prep Kit	WGS	RANDOM	GENOMIC	PAIRED	0	0	ILLUMINA	NextSeq 500	ERP138431	PRJEB53625		858752	ERS12243831	SAMEA110145019	simple	318829	Pyricularia oryzae	d55a							no					IWATE BIOTECHNOLOGY RESEARCH CENTER	ERA15667279		public	CC058A7801CCBABD1524160572D672D6	D63A8962BD2A8E3ADA57AA9DA111526D
ERR9861090	2024-07-26 22:37:52	2024-08-07 14:04:20	5315071	788549761	5315071	148	324		https://sra-downloadb.be-md.ncbi.nlm.nih.gov/sos11/sra-pub-zq-1140/ERR009/9861/ERR9861090/ERR9861090.lite.1	ERX9406162	Illumina TruSeq DNA LT Sample Prep Kit	WGS	RANDOM	GENOMIC	PAIRED	0	0	ILLUMINA	NextSeq 500	ERP138431	PRJEB53625		858752	ERS12243817	SAMEA110145005	simple	318829	Pyricularia oryzae	d40a							no					IWATE BIOTECHNOLOGY RESEARCH CENTER	ERA15667279		public	C3402DC7DF19458D509868BE373A3ADA	CDE76AF976E93E9CC2BC32E208CA6426
ERR9861103	2024-07-26 19:18:56	2024-08-07 10:49:01	1680202	250165682	1680202	148	108		https://sra-downloadb.be-md.ncbi.nlm.nih.gov/sos11/sra-pub-zq-1140/ERR009/9861/ERR9861103/ERR9861103.lite.1	ERX9406175	Illumina TruSeq DNA LT Sample Prep Kit	WGS	RANDOM	GENOMIC	PAIRED	0	0	ILLUMINA	NextSeq 500	ERP138431	PRJEB53625		858752	ERS12243829	SAMEA110145017	simple	318829	Pyricularia oryzae	d52a							no					IWATE BIOTECHNOLOGY RESEARCH CENTER	ERA15667279		public	51D5DB06A092454EB6612AB78D4698DB	CA053A908AE09011F53BDEEBCA08DA0E
ERR9860919	2024-07-26 19:03:40	2024-08-07 10:39:05	3745693	558327289	3745693	149	231		https://sra-downloadb.be-md.ncbi.nlm.nih.gov/sos11/sra-pub-zq-1140/ERR009/9860/ERR9860919/ERR9860919.lite.1	ERX9405991	Illumina TruSeq DNA LT Sample Prep Kit	WGS	RANDOM	GENOMIC	PAIRED	0	0	ILLUMINA	NextSeq 500	ERP138431	PRJEB53625		858752	ERS12243871	SAMEA110145059	simple	318829	Pyricularia oryzae	i43a							no					IWATE BIOTECHNOLOGY RESEARCH CENTER	ERA15665670		public	2CF855318AB7D6D1A7487ACD2E00FDAB	BB8A604A0AD91E4C74C1737663213E04
ERR9860881	2024-07-26 19:18:55	2024-08-07 10:50:46	3782108	562857670	3782108	148	222		https://sra-downloadb.be-md.ncbi.nlm.nih.gov/sos11/sra-pub-zq-1140/ERR009/9860/ERR9860881/ERR9860881.lite.1	ERX9405953	Illumina TruSeq DNA LT Sample Prep Kit	WGS	RANDOM	GENOMIC	PAIRED	0	0	ILLUMINA	NextSeq 500	ERP138431	PRJEB53625		858752	ERS12243783	SAMEA110144971	simple	318829	Pyricularia oryzae	d5a							no					IWATE BIOTECHNOLOGY RESEARCH CENTER	ERA15665670		public	5A04DD483176C07BF23E08A26D9F738A	8E97C0E4E9BB900391B497635BF80C6A
ERR9860885	2024-07-26 19:18:55	2024-08-07 10:51:17	2527836	375743178	2527836	148	159		https://sra-downloadb.be-md.ncbi.nlm.nih.gov/sos11/sra-pub-zq-1140/ERR009/9860/ERR9860885/ERR9860885.lite.1	ERX9405957	Illumina TruSeq DNA LT Sample Prep Kit	WGS	RANDOM	GENOMIC	PAIRED	0	0	ILLUMINA	NextSeq 500	ERP138431	PRJEB53625		858752	ERS12243787	SAMEA110144975	simple	318829	Pyricularia oryzae	SAMEA110144975							no					IWATE BIOTECHNOLOGY RESEARCH CENTER	ERA15665670		public	F804DC2D63199002093DF1F0211E373E	A2B1934681E591164B52BAC4A627A557
ERR9860890	2024-07-26 19:18:55	2024-08-07 10:52:05	2546014	379341320	2546014	148	157		https://sra-downloadb.be-md.ncbi.nlm.nih.gov/sos11/sra-pub-zq-1140/ERR009/9860/ERR9860890/ERR9860890.lite.1	ERX9405962	Illumina TruSeq DNA LT Sample Prep Kit	WGS	RANDOM	GENOMIC	PAIRED	0	0	ILLUMINA	NextSeq 500	ERP138431	PRJEB53625		858752	ERS12243844	SAMEA110145032	simple	318829	Pyricularia oryzae	i14a							no					IWATE BIOTECHNOLOGY RESEARCH CENTER	ERA15665670		public	36787FFD01C79F1124D48457D76CB181	350F2FEEE1ADD47822C38393CA4D80EF
ERR9860892	2024-07-26 18:03:17	2024-08-07 10:27:53	1154422	172088911	1154422	149	72		https://sra-downloadb.be-md.ncbi.nlm.nih.gov/sos11/sra-pub-zq-1140/ERR009/9860/ERR9860892/ERR9860892.lite.1	ERX9405964	Illumina TruSeq DNA LT Sample Prep Kit	WGS	RANDOM	GENOMIC	PAIRED	0	0	ILLUMINA	NextSeq 500	ERP138431	PRJEB53625		858752	ERS12243846	SAMEA110145034	simple	318829	Pyricularia oryzae	i16a							no					IWATE BIOTECHNOLOGY RESEARCH CENTER	ERA15665670		public	2205B8631F923AB95EF72DD202A3F86C	30F3DEE180357D81D0FCF1709561A67C
ERR9860898	2024-07-26 20:12:40	2024-08-07 12:15:18	2535717	377901142	2535717	149	156		https://sra-downloadb.be-md.ncbi.nlm.nih.gov/sos11/sra-pub-zq-1140/ERR009/9860/ERR9860898/ERR9860898.lite.1	ERX9405970	Illumina TruSeq DNA LT Sample Prep Kit	WGS	RANDOM	GENOMIC	PAIRED	0	0	ILLUMINA	NextSeq 500	ERP138431	PRJEB53625		858752	ERS12243851	SAMEA110145039	simple	318829	Pyricularia oryzae	SAMEA110145039							no					IWATE BIOTECHNOLOGY RESEARCH CENTER	ERA15665670		public	E11A5020B049DFB0D01972F21344F95A	E409FD66E816D6F416A4B868651499BF
ERR9860905	2024-07-26 20:24:49	2024-08-07 12:30:37	2454285	365140947	2454285	148	151		https://sra-downloadb.be-md.ncbi.nlm.nih.gov/sos11/sra-pub-zq-1140/ERR009/9860/ERR9860905/ERR9860905.lite.1	ERX9405977	Illumina TruSeq DNA LT Sample Prep Kit	WGS	RANDOM	GENOMIC	PAIRED	0	0	ILLUMINA	NextSeq 500	ERP138431	PRJEB53625		858752	ERS12243858	SAMEA110145046	simple	318829	Pyricularia oryzae	SAMEA110145046							no					IWATE BIOTECHNOLOGY RESEARCH CENTER	ERA15665670		public	3D0841BCC0087B7A08BA4BA332DBE970	4CCC74DDAF226AD48485C18B62F6F69E
ERR9860909	2024-07-26 20:24:49	2024-08-07 12:36:41	4295604	640399455	4295604	149	265		https://sra-downloadb.be-md.ncbi.nlm.nih.gov/sos11/sra-pub-zq-1140/ERR009/9860/ERR9860909/ERR9860909.lite.1	ERX9405981	Illumina TruSeq DNA LT Sample Prep Kit	WGS	RANDOM	GENOMIC	PAIRED	0	0	ILLUMINA	NextSeq 500	ERP138431	PRJEB53625		858752	ERS12243862	SAMEA110145050	simple	318829	Pyricularia oryzae	i34a							no					IWATE BIOTECHNOLOGY RESEARCH CENTER	ERA15665670		public	ED017F71909171D2F1AD275E452865AB	6A2E6C2FAAEC11E75AE1CD42C42BC921
ERR9860911	2024-07-26 17:45:22	2024-08-07 08:57:41	3801926	566525004	3801926	149	237		https://sra-downloadb.be-md.ncbi.nlm.nih.gov/sos11/sra-pub-zq-1140/ERR009/9860/ERR9860911/ERR9860911.lite.1	ERX9405983	Illumina TruSeq DNA LT Sample Prep Kit	WGS	RANDOM	GENOMIC	PAIRED	0	0	ILLUMINA	NextSeq 500	ERP138431	PRJEB53625		858752	ERS12243864	SAMEA110145052	simple	318829	Pyricularia oryzae	SAMEA110145052							no					IWATE BIOTECHNOLOGY RESEARCH CENTER	ERA15665670		public	3C4D992AAD1FFE64C310BCADA1E277D8	B05AA55FE74672F4027A124627832B15
ERR9860913	2024-07-26 18:10:45	2024-08-07 10:32:24	3535224	526783343	3535224	149	216		https://sra-downloadb.be-md.ncbi.nlm.nih.gov/sos11/sra-pub-zq-1140/ERR009/9860/ERR9860913/ERR9860913.lite.1	ERX9405985	Illumina TruSeq DNA LT Sample Prep Kit	WGS	RANDOM	GENOMIC	PAIRED	0	0	ILLUMINA	NextSeq 500	ERP138431	PRJEB53625		858752	ERS12243866	SAMEA110145054	simple	318829	Pyricularia oryzae	i38a							no					IWATE BIOTECHNOLOGY RESEARCH CENTER	ERA15665670		public	FB6E658B807473D2ED006B436879AECE	1E70FD79F22976907C558EF7E95CF220
ERR9860920	2024-07-26 20:12:40	2024-08-07 12:15:22	2747402	409223326	2747402	148	170		https://sra-downloadb.be-md.ncbi.nlm.nih.gov/sos11/sra-pub-zq-1140/ERR009/9860/ERR9860920/ERR9860920.lite.1	ERX9405992	Illumina TruSeq DNA LT Sample Prep Kit	WGS	RANDOM	GENOMIC	PAIRED	0	0	ILLUMINA	NextSeq 500	ERP138431	PRJEB53625		858752	ERS12243872	SAMEA110145060	simple	318829	Pyricularia oryzae	i44a							no					IWATE BIOTECHNOLOGY RESEARCH CENTER	ERA15665670		public	9E3D7631D8B0387DAEFDAB2174A034AA	6197D2865BDBACD8316CE92A28190D78
ERR9860927	2024-07-26 19:03:40	2024-08-07 10:38:51	3376196	502988695	3376196	148	210		https://sra-downloadb.be-md.ncbi.nlm.nih.gov/sos11/sra-pub-zq-1140/ERR009/9860/ERR9860927/ERR9860927.lite.1	ERX9405999	Illumina TruSeq DNA LT Sample Prep Kit	WGS	RANDOM	GENOMIC	PAIRED	0	0	ILLUMINA	NextSeq 500	ERP138431	PRJEB53625		858752	ERS12243878	SAMEA110145066	simple	318829	Pyricularia oryzae	i50a							no					IWATE BIOTECHNOLOGY RESEARCH CENTER	ERA15665670		public	19719C6CF8545821417355089C608BD7	65E90EC7E7F4AE4077C8A6E089EA9576
ERR9860928	2024-07-26 17:45:22	2024-08-07 10:23:11	3210198	478692897	3210198	149	197		https://sra-downloadb.be-md.ncbi.nlm.nih.gov/sos11/sra-pub-zq-1140/ERR009/9860/ERR9860928/ERR9860928.lite.1	ERX9406000	Illumina TruSeq DNA LT Sample Prep Kit	WGS	RANDOM	GENOMIC	PAIRED	0	0	ILLUMINA	NextSeq 500	ERP138431	PRJEB53625		858752	ERS12243879	SAMEA110145067	simple	318829	Pyricularia oryzae	i51a							no					IWATE BIOTECHNOLOGY RESEARCH CENTER	ERA15665670		public	EF4093BC571511B001A20F56BFFF3502	611AE01E9BBCC440A06BF8E369D5697D
ERR9860930	2024-07-26 17:15:04	2024-08-08 09:56:44	4398366	655144648	4398366	148	268		https://sra-downloadb.be-md.ncbi.nlm.nih.gov/sos11/sra-pub-zq-1140/ERR009/9860/ERR9860930/ERR9860930.lite.1	ERX9406002	Illumina TruSeq DNA LT Sample Prep Kit	WGS	RANDOM	GENOMIC	PAIRED	0	0	ILLUMINA	NextSeq 500	ERP138431	PRJEB53625		858752	ERS12243881	SAMEA110145069	simple	318829	Pyricularia oryzae	i53a							no					IWATE BIOTECHNOLOGY RESEARCH CENTER	ERA15665670		public	4E51DA467ED6FB58177EFCB103938D86	E7CA5397B809382C69E5FB49C38D433C
ERR9861096	2024-07-26 17:01:13	2024-08-07 03:01:58	4495340	669099747	4495340	148	280		https://sra-downloadb.be-md.ncbi.nlm.nih.gov/sos11/sra-pub-zq-1140/ERR009/9861/ERR9861096/ERR9861096.lite.1	ERX9406168	Illumina TruSeq DNA LT Sample Prep Kit	WGS	RANDOM	GENOMIC	PAIRED	0	0	ILLUMINA	NextSeq 500	ERP138431	PRJEB53625		858752	ERS12243823	SAMEA110145011	simple	318829	Pyricularia oryzae	d46a							no					IWATE BIOTECHNOLOGY RESEARCH CENTER	ERA15667279		public	B0E29D165CD0D9B78CFC0B6607FC611C	21257E7B12FC81B95A0DAE1373D7FA25
ERR9860962	2024-07-26 17:01:13	2024-08-07 03:02:31	2074827	308209639	2074827	148	124		https://sra-downloadb.be-md.ncbi.nlm.nih.gov/sos11/sra-pub-zq-1140/ERR009/9860/ERR9860962/ERR9860962.lite.1	ERX9406034	Illumina TruSeq DNA LT Sample Prep Kit	WGS	RANDOM	GENOMIC	PAIRED	0	0	ILLUMINA	NextSeq 500	ERP138431	PRJEB53625		858752	ERS12243910	SAMEA110145098	simple	318829	Pyricularia oryzae	SAMEA110145098							no					IWATE BIOTECHNOLOGY RESEARCH CENTER	ERA15665670		public	0BD35D17052454BC3B00802A317DDB49	131C2EB11AAD0753729534BFF7A74648
ERR9861053	2024-07-26 20:12:40	2024-08-07 12:19:28	3039929	449194752	3039929	147	186		https://sra-downloadb.be-md.ncbi.nlm.nih.gov/sos11/sra-pub-zq-1140/ERR009/9861/ERR9861053/ERR9861053.lite.1	ERX9406125	Illumina TruSeq DNA LT Sample Prep Kit	WGS	RANDOM	GENOMIC	PAIRED	0	0	ILLUMINA	NextSeq 500	ERP138431	PRJEB53625		858752	ERS12243777	SAMEA110144965	simple	318829	Pyricularia oryzae	O23							no					IWATE BIOTECHNOLOGY RESEARCH CENTER	ERA15667279		public	4EBF6DF578AB4B724269C04C301B3E80	B8A35948F002739B9E9513202E5037CF
ERR9861057	2024-07-26 19:18:56	2024-08-07 10:48:52	4622699	683108462	4622699	147	282		https://sra-downloadb.be-md.ncbi.nlm.nih.gov/sos11/sra-pub-zq-1140/ERR009/9861/ERR9861057/ERR9861057.lite.1	ERX9406129	Illumina TruSeq DNA LT Sample Prep Kit	WGS	RANDOM	GENOMIC	PAIRED	0	0	ILLUMINA	NextSeq 500	ERP138431	PRJEB53625		858752	ERS12243778	SAMEA110144966	simple	318829	Pyricularia oryzae	TH3o							no					IWATE BIOTECHNOLOGY RESEARCH CENTER	ERA15667279		public	092595B71E50177AB49CAF63B556A919	00C25E25DE93217552C23C3411D599F3
ERR9861066	2024-07-26 20:01:59	2024-08-07 10:52:16	806826	115970524	806826	143	47		https://sra-downloadb.be-md.ncbi.nlm.nih.gov/sos11/sra-pub-zq-1140/ERR009/9861/ERR9861066/ERR9861066.lite.1	ERX9406138	Illumina TruSeq DNA LT Sample Prep Kit	WGS	RANDOM	GENOMIC	PAIRED	0	0	ILLUMINA	NextSeq 500	ERP138431	PRJEB53625		858752	ERS12243796	SAMEA110144984	simple	318829	Pyricularia oryzae	SAMEA110144984							no					IWATE BIOTECHNOLOGY RESEARCH CENTER	ERA15667279		public	2B977EFEF4208E8FBF46E2A2CDD57D3C	4E30BB297468C40DA7B95CF147104EFC
ERR9861118	2024-07-26 17:10:55	2024-08-08 09:05:49	771552	111159034	771552	144	47		https://sra-downloadb.be-md.ncbi.nlm.nih.gov/sos11/sra-pub-zq-1140/ERR009/9861/ERR9861118/ERR9861118.lite.1	ERX9406190	Illumina TruSeq DNA LT Sample Prep Kit	WGS	RANDOM	GENOMIC	PAIRED	0	0	ILLUMINA	NextSeq 500	ERP138431	PRJEB53625		858752	ERS12243847	SAMEA110145035	simple	318829	Pyricularia oryzae	SAMEA110145035							no					IWATE BIOTECHNOLOGY RESEARCH CENTER	ERA15667279		public	0BEA777B1C63289E5D3F4C1DD6763ACC	47C8F5CB98AD9A469A7D4D98FFE93BA2
ERR9861168	2024-07-26 17:15:04	2024-08-08 09:57:17	1027046	142563028	1027046	138	59		https://sra-downloadb.be-md.ncbi.nlm.nih.gov/sos11/sra-pub-zq-1140/ERR009/9861/ERR9861168/ERR9861168.lite.1	ERX9406240	Illumina TruSeq DNA LT Sample Prep Kit	WGS	RANDOM	GENOMIC	PAIRED	0	0	ILLUMINA	NextSeq 500	ERP138431	PRJEB53625		858752	ERS12243893	SAMEA110145081	simple	318829	Pyricularia oryzae	SAMEA110145081							no					IWATE BIOTECHNOLOGY RESEARCH CENTER	ERA15667279		public	90F95CA1B4BDD4B9FA1DF5B12C9F078B	12A7AF98E2C920026408D8E31504F93F
ERR9860942	2024-07-26 19:18:56	2024-08-07 10:49:03	2882903	429463993	2882903	148	176		https://sra-downloadb.be-md.ncbi.nlm.nih.gov/sos11/sra-pub-zq-1140/ERR009/9860/ERR9860942/ERR9860942.lite.1	ERX9406014	Illumina TruSeq DNA LT Sample Prep Kit	WGS	RANDOM	GENOMIC	PAIRED	0	0	ILLUMINA	NextSeq 500	ERP138431	PRJEB53625		858752	ERS12243892	SAMEA110145080	simple	318829	Pyricularia oryzae	SAMEA110145080							no					IWATE BIOTECHNOLOGY RESEARCH CENTER	ERA15665670		public	D73F44CA1914BB2E59BD73CA47B27DD0	C01BE8045A5768B43296FA2DE768DB14
ERR9861060	2024-07-26 17:45:22	2024-08-07 08:56:20	502925	73610805	502925	146	32		https://sra-downloadb.be-md.ncbi.nlm.nih.gov/sos11/sra-pub-zq-1140/ERR009/9861/ERR9861060/ERR9861060.lite.1	ERX9406132	Illumina TruSeq DNA LT Sample Prep Kit	WGS	RANDOM	GENOMIC	PAIRED	0	0	ILLUMINA	NextSeq 500	ERP138431	PRJEB53625		858752	ERS12243790	SAMEA110144978	simple	318829	Pyricularia oryzae	SAMEA110144978							no					IWATE BIOTECHNOLOGY RESEARCH CENTER	ERA15667279		public	88122A04B260770E3C985E23B02D97C8	B940EC0CDD49EB2A8FD9F346C7FBD9B2
ERR9861075	2024-07-26 17:10:55	2024-08-07 03:07:09	3139993	461756847	3139993	147	186		https://sra-downloadb.be-md.ncbi.nlm.nih.gov/sos11/sra-pub-zq-1140/ERR009/9861/ERR9861075/ERR9861075.lite.1	ERX9406147	Illumina TruSeq DNA LT Sample Prep Kit	WGS	RANDOM	GENOMIC	PAIRED	0	0	ILLUMINA	NextSeq 500	ERP138431	PRJEB53625		858752	ERS12243804	SAMEA110144992	simple	318829	Pyricularia oryzae	SAMEA110144992							no					IWATE BIOTECHNOLOGY RESEARCH CENTER	ERA15667279		public	EF73511D5CBAA9D3DD9011F8879E6A56	217E44D94986098186D35CD4D3D3D0E1
ERR9861174	2024-07-26 17:45:22	2024-08-07 08:56:28	605319	88391837	605319	146	38		https://sra-downloadb.be-md.ncbi.nlm.nih.gov/sos11/sra-pub-zq-1140/ERR009/9861/ERR9861174/ERR9861174.lite.1	ERX9406246	Illumina TruSeq DNA LT Sample Prep Kit	WGS	RANDOM	GENOMIC	PAIRED	0	0	ILLUMINA	NextSeq 500	ERP138431	PRJEB53625		858752	ERS12243898	SAMEA110145086	simple	318829	Pyricularia oryzae	SAMEA110145086							no					IWATE BIOTECHNOLOGY RESEARCH CENTER	ERA15667279		public	8FD0D36CB28C227F6ED17CA87A370BFA	8F6E668DF9E3C104ED67B409918D09D4
ERR9861077	2024-07-26 18:10:45	2024-08-07 10:31:04	4802580	712187021	4802580	148	296		https://sra-downloadb.be-md.ncbi.nlm.nih.gov/sos11/sra-pub-zq-1140/ERR009/9861/ERR9861077/ERR9861077.lite.1	ERX9406149	Illumina TruSeq DNA LT Sample Prep Kit	WGS	RANDOM	GENOMIC	PAIRED	0	0	ILLUMINA	NextSeq 500	ERP138431	PRJEB53625		858752	ERS12243806	SAMEA110144994	simple	318829	Pyricularia oryzae	SAMEA110144994							no					IWATE BIOTECHNOLOGY RESEARCH CENTER	ERA15667279		public	824433DA4BCD9C6C0D2CC47145914F2D	DFEE0EBFF7C3B290BF3FAB59A48240BB
ERR9861157	2024-07-26 17:10:56	2024-08-07 03:04:56	713589	105039891	713589	147	45		https://sra-downloadb.be-md.ncbi.nlm.nih.gov/sos11/sra-pub-zq-1140/ERR009/9861/ERR9861157/ERR9861157.lite.1	ERX9406229	Illumina TruSeq DNA LT Sample Prep Kit	WGS	RANDOM	GENOMIC	PAIRED	0	0	ILLUMINA	NextSeq 500	ERP138431	PRJEB53625		858752	ERS12243883	SAMEA110145071	simple	318829	Pyricularia oryzae	SAMEA110145071							no					IWATE BIOTECHNOLOGY RESEARCH CENTER	ERA15667279		public	85E7055FDE73D27032E92D2672EDCFC7	C929D696ECC164A3F4410CBE25FB367A
ERR9860970	2024-07-26 19:03:41	2024-08-07 10:38:54	11266933	1679113027	11266933	149	688		https://sra-downloadb.be-md.ncbi.nlm.nih.gov/sos11/sra-pub-zq-1140/ERR009/9860/ERR9860970/ERR9860970.lite.1	ERX9406042	Illumina TruSeq DNA LT Sample Prep Kit	WGS	RANDOM	GENOMIC	PAIRED	0	0	ILLUMINA	NextSeq 500	ERP138431	PRJEB53625		858752	ERS12243838	SAMEA110145026	simple	318829	Pyricularia oryzae	SAMEA110145026							no					IWATE BIOTECHNOLOGY RESEARCH CENTER	ERA15665670		public	8DF8CEDBEC2F5DBD5CE3CFE2396E3FB2	500B49A2CD8E3A0718859E79872E0365
ERR9861123	2024-07-26 17:10:56	2024-08-07 03:06:53	804553	117533754	804553	146	50		https://sra-downloadb.be-md.ncbi.nlm.nih.gov/sos11/sra-pub-zq-1140/ERR009/9861/ERR9861123/ERR9861123.lite.1	ERX9406195	Illumina TruSeq DNA LT Sample Prep Kit	WGS	RANDOM	GENOMIC	PAIRED	0	0	ILLUMINA	NextSeq 500	ERP138431	PRJEB53625		858752	ERS12243851	SAMEA110145039	simple	318829	Pyricularia oryzae	SAMEA110145039							no					IWATE BIOTECHNOLOGY RESEARCH CENTER	ERA15667279		public	7376820E548CC7B2EC2269A233B37155	3D2B3BF90E3B6156A2CAEAEE9A615532
ERR9861173	2024-07-26 17:54:17	2024-08-07 10:22:58	738442	108351972	738442	146	46		https://sra-downloadb.be-md.ncbi.nlm.nih.gov/sos11/sra-pub-zq-1140/ERR009/9861/ERR9861173/ERR9861173.lite.1	ERX9406245	Illumina TruSeq DNA LT Sample Prep Kit	WGS	RANDOM	GENOMIC	PAIRED	0	0	ILLUMINA	NextSeq 500	ERP138431	PRJEB53625		858752	ERS12243836	SAMEA110145024	simple	318829	Pyricularia oryzae	SAMEA110145024							no					IWATE BIOTECHNOLOGY RESEARCH CENTER	ERA15667279		public	A740C3D892600B1813AC8A1F3A5F60D6	9C208AC453DE11D79CDFF1C9DB2AE749
ERR9861134	2024-07-26 17:54:17	2024-08-07 10:24:22	976599	143556305	976599	146	61		https://sra-downloadb.be-md.ncbi.nlm.nih.gov/sos11/sra-pub-zq-1140/ERR009/9861/ERR9861134/ERR9861134.lite.1	ERX9406206	Illumina TruSeq DNA LT Sample Prep Kit	WGS	RANDOM	GENOMIC	PAIRED	0	0	ILLUMINA	NextSeq 500	ERP138431	PRJEB53625		858752	ERS12243862	SAMEA110145050	simple	318829	Pyricularia oryzae	i34a							no					IWATE BIOTECHNOLOGY RESEARCH CENTER	ERA15667279		public	72EB4AF2F8BB6CA7A8814F9E90AA51D5	EE72BC0ACBA81CD234391F3A03A43DEE
ERR9861091	2024-07-26 20:24:50	2024-08-07 12:34:00	5456461	809229653	5456461	148	329		https://sra-downloadb.be-md.ncbi.nlm.nih.gov/sos11/sra-pub-zq-1140/ERR009/9861/ERR9861091/ERR9861091.lite.1	ERX9406163	Illumina TruSeq DNA LT Sample Prep Kit	WGS	RANDOM	GENOMIC	PAIRED	0	0	ILLUMINA	NextSeq 500	ERP138431	PRJEB53625		858752	ERS12243818	SAMEA110145006	simple	318829	Pyricularia oryzae	d41a							no					IWATE BIOTECHNOLOGY RESEARCH CENTER	ERA15667279		public	0E89435800FA650094332C900E7F4044	CE3B32524220A9B80E3B5A4B86D4A3D7
ERR9861165	2024-07-26 17:15:04	2024-08-08 09:56:59	989757	144689966	989757	146	61		https://sra-downloadb.be-md.ncbi.nlm.nih.gov/sos11/sra-pub-zq-1140/ERR009/9861/ERR9861165/ERR9861165.lite.1	ERX9406237	Illumina TruSeq DNA LT Sample Prep Kit	WGS	RANDOM	GENOMIC	PAIRED	0	0	ILLUMINA	NextSeq 500	ERP138431	PRJEB53625		858752	ERS12243890	SAMEA110145078	simple	318829	Pyricularia oryzae	i62a							no					IWATE BIOTECHNOLOGY RESEARCH CENTER	ERA15667279		public	C73928681DCEBFB8F2465B18DEB681D5	D1E54F35AAB487AE42264D59830E7999
ERR9860940	2024-07-26 17:10:55	2024-08-07 03:04:41	4377663	652393147	4377663	149	268		https://sra-downloadb.be-md.ncbi.nlm.nih.gov/sos11/sra-pub-zq-1140/ERR009/9860/ERR9860940/ERR9860940.lite.1	ERX9406012	Illumina TruSeq DNA LT Sample Prep Kit	WGS	RANDOM	GENOMIC	PAIRED	0	0	ILLUMINA	NextSeq 500	ERP138431	PRJEB53625		858752	ERS12243890	SAMEA110145078	simple	318829	Pyricularia oryzae	i62a							no					IWATE BIOTECHNOLOGY RESEARCH CENTER	ERA15665670		public	739468B57424524CDA674FFA8355AA03	D37D846B03F884C956AF62169F15655C
ERR9860973	2024-07-26 17:10:55	2024-08-07 03:06:36	3165469	471532865	3165469	148	190		https://sra-downloadb.be-md.ncbi.nlm.nih.gov/sos11/sra-pub-zq-1140/ERR009/9860/ERR9860973/ERR9860973.lite.1	ERX9406045	Illumina TruSeq DNA LT Sample Prep Kit	WGS	RANDOM	GENOMIC	PAIRED	0	0	ILLUMINA	NextSeq 500	ERP138431	PRJEB53625		858752	ERS12243920	SAMEA110145108	simple	318829	Pyricularia oryzae	i92a							no					IWATE BIOTECHNOLOGY RESEARCH CENTER	ERA15665670		public	EE528B7C72B44E2F0FF610BCC225B187	4A692A91EFDD134FFA6F21F89983734D
ERR9860955	2024-07-26 20:24:50	2024-08-07 12:35:20	3231430	481420940	3231430	148	199		https://sra-downloadb.be-md.ncbi.nlm.nih.gov/sos11/sra-pub-zq-1140/ERR009/9860/ERR9860955/ERR9860955.lite.1	ERX9406027	Illumina TruSeq DNA LT Sample Prep Kit	WGS	RANDOM	GENOMIC	PAIRED	0	0	ILLUMINA	NextSeq 500	ERP138431	PRJEB53625		858752	ERS12243904	SAMEA110145092	simple	318829	Pyricularia oryzae	i76a							no					IWATE BIOTECHNOLOGY RESEARCH CENTER	ERA15665670		public	CC71C8BDEDCA3E2FC5EFAC9851670884	E986BD4469FE8A3EFB2EF48A91A9A688
ERR9861172	2024-07-26 17:54:17	2024-08-07 10:24:22	1011170	142820087	1011170	141	61		https://sra-downloadb.be-md.ncbi.nlm.nih.gov/sos11/sra-pub-zq-1140/ERR009/9861/ERR9861172/ERR9861172.lite.1	ERX9406244	Illumina TruSeq DNA LT Sample Prep Kit	WGS	RANDOM	GENOMIC	PAIRED	0	0	ILLUMINA	NextSeq 500	ERP138431	PRJEB53625		858752	ERS12243897	SAMEA110145085	simple	318829	Pyricularia oryzae	i69a							no					IWATE BIOTECHNOLOGY RESEARCH CENTER	ERA15667279		public	82717BDFEBF923F1659B0CD0C997E13E	3859B80E7849550129C493D5555B5544
ERR9861072	2024-07-26 20:24:50	2024-08-07 12:26:26	3390299	497274328	3390299	146	202		https://sra-downloadb.be-md.ncbi.nlm.nih.gov/sos11/sra-pub-zq-1140/ERR009/9861/ERR9861072/ERR9861072.lite.1	ERX9406144	Illumina TruSeq DNA LT Sample Prep Kit	WGS	RANDOM	GENOMIC	PAIRED	0	0	ILLUMINA	NextSeq 500	ERP138431	PRJEB53625		858752	ERS12243801	SAMEA110144989	simple	318829	Pyricularia oryzae	SAMEA110144989							no					IWATE BIOTECHNOLOGY RESEARCH CENTER	ERA15667279		public	D8BD0811A1399062797C90CB40FFBCDF	04EBD0ED4AF6E89E219883C68BC2F389
ERR9861102	2024-07-26 19:18:56	2024-08-07 10:51:00	5142460	762633336	5142460	148	312		https://sra-downloadb.be-md.ncbi.nlm.nih.gov/sos11/sra-pub-zq-1140/ERR009/9861/ERR9861102/ERR9861102.lite.1	ERX9406174	Illumina TruSeq DNA LT Sample Prep Kit	WGS	RANDOM	GENOMIC	PAIRED	0	0	ILLUMINA	NextSeq 500	ERP138431	PRJEB53625		858752	ERS12243828	SAMEA110145016	simple	318829	Pyricularia oryzae	SAMEA110145016							no					IWATE BIOTECHNOLOGY RESEARCH CENTER	ERA15667279		public	4CDD4D9FB1C8F008221D3AE5C02A001D	FF2A25E459256356F72990863FBE37AB
ERR9860954	2024-07-26 20:24:50	2024-08-07 12:29:50	6318026	940663130	6318026	148	388		https://sra-downloadb.be-md.ncbi.nlm.nih.gov/sos11/sra-pub-zq-1140/ERR009/9860/ERR9860954/ERR9860954.lite.1	ERX9406026	Illumina TruSeq DNA LT Sample Prep Kit	WGS	RANDOM	GENOMIC	PAIRED	0	0	ILLUMINA	NextSeq 500	ERP138431	PRJEB53625		858752	ERS12243903	SAMEA110145091	simple	318829	Pyricularia oryzae	i75a							no					IWATE BIOTECHNOLOGY RESEARCH CENTER	ERA15665670		public	88F81ADFFB5A95C7D82C20043D1D5B6C	787672577D56BF88E18A5D2D5C8137FE
ERR9861179	2024-07-26 19:03:41	2024-08-07 10:38:14	1245945	179250999	1245945	143	76		https://sra-downloadb.be-md.ncbi.nlm.nih.gov/sos11/sra-pub-zq-1140/ERR009/9861/ERR9861179/ERR9861179.lite.1	ERX9406251	Illumina TruSeq DNA LT Sample Prep Kit	WGS	RANDOM	GENOMIC	PAIRED	0	0	ILLUMINA	NextSeq 500	ERP138431	PRJEB53625		858752	ERS12243903	SAMEA110145091	simple	318829	Pyricularia oryzae	i75a							no					IWATE BIOTECHNOLOGY RESEARCH CENTER	ERA15667279		public	E88B6983615A433460DBAAA1EB1495EF	429CD7CD80A0A3235C92A7E8B5769051
ERR9861155	2024-07-26 20:12:41	2024-08-07 12:21:08	782035	115375419	782035	147	49		https://sra-downloadb.be-md.ncbi.nlm.nih.gov/sos11/sra-pub-zq-1140/ERR009/9861/ERR9861155/ERR9861155.lite.1	ERX9406227	Illumina TruSeq DNA LT Sample Prep Kit	WGS	RANDOM	GENOMIC	PAIRED	0	0	ILLUMINA	NextSeq 500	ERP138431	PRJEB53625		858752	ERS12243881	SAMEA110145069	simple	318829	Pyricularia oryzae	i53a							no					IWATE BIOTECHNOLOGY RESEARCH CENTER	ERA15667279		public	38BBD25F5E199A9FFA8D1BBAF59440AF	15711C814042BE1940AE460044B8B9AC
ERR9860952	2024-07-26 19:18:56	2024-08-07 10:45:19	4767429	710037366	4767429	148	288		https://sra-downloadb.be-md.ncbi.nlm.nih.gov/sos11/sra-pub-zq-1140/ERR009/9860/ERR9860952/ERR9860952.lite.1	ERX9406024	Illumina TruSeq DNA LT Sample Prep Kit	WGS	RANDOM	GENOMIC	PAIRED	0	0	ILLUMINA	NextSeq 500	ERP138431	PRJEB53625		858752	ERS12243901	SAMEA110145089	simple	318829	Pyricularia oryzae	i73a							no					IWATE BIOTECHNOLOGY RESEARCH CENTER	ERA15665670		public	2B96DC78D67F74E1852CD21DA6EA4DFC	319175556E72A19B2FD9F13912BA663F
ERR9861084	2024-07-26 17:10:55	2024-08-07 03:05:01	3050730	451477113	3050730	147	183		https://sra-downloadb.be-md.ncbi.nlm.nih.gov/sos11/sra-pub-zq-1140/ERR009/9861/ERR9861084/ERR9861084.lite.1	ERX9406156	Illumina TruSeq DNA LT Sample Prep Kit	WGS	RANDOM	GENOMIC	PAIRED	0	0	ILLUMINA	NextSeq 500	ERP138431	PRJEB53625		858752	ERS12243812	SAMEA110145000	simple	318829	Pyricularia oryzae	d34a							no					IWATE BIOTECHNOLOGY RESEARCH CENTER	ERA15667279		public	DA80CB854AC320EDC37C3AD653B3B90E	BAF06564867AE1E92B95B13F1727A90D
ERR9860959	2024-07-26 19:18:56	2024-08-07 10:45:35	5275081	786159792	5275081	149	323		https://sra-downloadb.be-md.ncbi.nlm.nih.gov/sos11/sra-pub-zq-1140/ERR009/9860/ERR9860959/ERR9860959.lite.1	ERX9406031	Illumina TruSeq DNA LT Sample Prep Kit	WGS	RANDOM	GENOMIC	PAIRED	0	0	ILLUMINA	NextSeq 500	ERP138431	PRJEB53625		858752	ERS12243837	SAMEA110145025	simple	318829	Pyricularia oryzae	i7a							no					IWATE BIOTECHNOLOGY RESEARCH CENTER	ERA15665670		public	D55C02ED9B0B9918E752024B7F202E56	D7A40F5BDB970390085F7A0830E575D9
ERR9860935	2024-07-26 18:03:17	2024-08-07 10:28:29	5614047	836621907	5614047	149	344		https://sra-downloadb.be-md.ncbi.nlm.nih.gov/sos11/sra-pub-zq-1140/ERR009/9860/ERR9860935/ERR9860935.lite.1	ERX9406007	Illumina TruSeq DNA LT Sample Prep Kit	WGS	RANDOM	GENOMIC	PAIRED	0	0	ILLUMINA	NextSeq 500	ERP138431	PRJEB53625		858752	ERS12243886	SAMEA110145074	simple	318829	Pyricularia oryzae	i58a							no					IWATE BIOTECHNOLOGY RESEARCH CENTER	ERA15665670		public	4A4FD388581681930A9DB4A3245B987D	B3349582CD13D54C431EA7721CF2BE00
ERR9861068	2024-07-26 18:10:45	2024-08-07 10:30:02	861747	125664240	861747	145	55		https://sra-downloadb.be-md.ncbi.nlm.nih.gov/sos11/sra-pub-zq-1140/ERR009/9861/ERR9861068/ERR9861068.lite.1	ERX9406140	Illumina TruSeq DNA LT Sample Prep Kit	WGS	RANDOM	GENOMIC	PAIRED	0	0	ILLUMINA	NextSeq 500	ERP138431	PRJEB53625		858752	ERS12243779	SAMEA110144967	simple	318829	Pyricularia oryzae	SAMEA110144967							no					IWATE BIOTECHNOLOGY RESEARCH CENTER	ERA15667279		public	0D699A7CDB4167E946C46B86CF855C12	68EBEE38DB5D7BDAFC656AA61284A479
ERR9860953	2024-07-26 20:24:49	2024-08-07 12:27:34	3681310	548695732	3681310	149	228		https://sra-downloadb.be-md.ncbi.nlm.nih.gov/sos11/sra-pub-zq-1140/ERR009/9860/ERR9860953/ERR9860953.lite.1	ERX9406025	Illumina TruSeq DNA LT Sample Prep Kit	WGS	RANDOM	GENOMIC	PAIRED	0	0	ILLUMINA	NextSeq 500	ERP138431	PRJEB53625		858752	ERS12243902	SAMEA110145090	simple	318829	Pyricularia oryzae	i74a							no					IWATE BIOTECHNOLOGY RESEARCH CENTER	ERA15665670		public	9D8B87C946447564519C81ADE902AD4D	F10EEA56AF99BDCD130D49123FB4F481
ERR9860974	2024-07-26 17:54:17	2024-08-07 10:24:38	2855046	425306587	2855046	148	169		https://sra-downloadb.be-md.ncbi.nlm.nih.gov/sos11/sra-pub-zq-1140/ERR009/9860/ERR9860974/ERR9860974.lite.1	ERX9406046	Illumina TruSeq DNA LT Sample Prep Kit	WGS	RANDOM	GENOMIC	PAIRED	0	0	ILLUMINA	NextSeq 500	ERP138431	PRJEB53625		858752	ERS12243921	SAMEA110145109	simple	318829	Pyricularia oryzae	SAMEA110145109							no					IWATE BIOTECHNOLOGY RESEARCH CENTER	ERA15665670		public	1D9A30E2D4AC249BFB93E55110ED4B03	A3F3A6CD6F7AA4BA96D9129F139D9A89
ERR9861137	2024-07-26 17:10:56	2024-08-07 03:06:08	1162803	171800721	1162803	147	71		https://sra-downloadb.be-md.ncbi.nlm.nih.gov/sos11/sra-pub-zq-1140/ERR009/9861/ERR9861137/ERR9861137.lite.1	ERX9406209	Illumina TruSeq DNA LT Sample Prep Kit	WGS	RANDOM	GENOMIC	PAIRED	0	0	ILLUMINA	NextSeq 500	ERP138431	PRJEB53625		858752	ERS12243865	SAMEA110145053	simple	318829	Pyricularia oryzae	i37a							no					IWATE BIOTECHNOLOGY RESEARCH CENTER	ERA15667279		public	01F180EDEE7CAAB940EDD1DF6C06E4FF	07BDB9FC5A12528E663CAD7AECE07FA4
ERR9860976	2024-07-26 19:03:41	2024-08-07 10:37:11	2161435	322087346	2161435	149	132		https://sra-downloadb.be-md.ncbi.nlm.nih.gov/sos11/sra-pub-zq-1140/ERR009/9860/ERR9860976/ERR9860976.lite.1	ERX9406048	Illumina TruSeq DNA LT Sample Prep Kit	WGS	RANDOM	GENOMIC	PAIRED	0	0	ILLUMINA	NextSeq 500	ERP138431	PRJEB53625		858752	ERS12243839	SAMEA110145027	simple	318829	Pyricularia oryzae	i9a							no					IWATE BIOTECHNOLOGY RESEARCH CENTER	ERA15665670		public	D29B06DEFFF7F4050F397EFB01E75E78	78B81255A5C6CF1097654FD170B54922
ERR9860956	2024-07-26 20:24:50	2024-08-19 08:16:52	3381092	503783281	3381092	149	203		https://sra-downloadb.be-md.ncbi.nlm.nih.gov/sos11/sra-pub-zq-1140/ERR009/9860/ERR9860956/ERR9860956.lite.1	ERX9406028	Illumina TruSeq DNA LT Sample Prep Kit	WGS	RANDOM	GENOMIC	PAIRED	0	0	ILLUMINA	NextSeq 500	ERP138431	PRJEB53625		858752	ERS12243905	SAMEA110145093	simple	318829	Pyricularia oryzae	i77a							no					IWATE BIOTECHNOLOGY RESEARCH CENTER	ERA15665670		public	CA05EE3882B19D07639850DDBA546BAC	7795B1CB8ABF1D22397B0C392F1809C0
ERR9861181	2024-07-26 20:12:41	2024-08-07 12:21:38	2450525	364633754	2450525	148	156		https://sra-downloadb.be-md.ncbi.nlm.nih.gov/sos11/sra-pub-zq-1140/ERR009/9861/ERR9861181/ERR9861181.lite.1	ERX9406253	Illumina TruSeq DNA LT Sample Prep Kit	WGS	RANDOM	GENOMIC	PAIRED	0	0	ILLUMINA	NextSeq 500	ERP138431	PRJEB53625		858752	ERS12243905	SAMEA110145093	simple	318829	Pyricularia oryzae	i77a							no					IWATE BIOTECHNOLOGY RESEARCH CENTER	ERA15667279		public	86AB0AFCE45C3F48BC1120EFBD590292	F4D6F515A5247206ECC30167C764F4B1
ERR9860944	2024-07-26 19:18:56	2024-08-07 10:51:21	4747381	707321534	4747381	148	289		https://sra-downloadb.be-md.ncbi.nlm.nih.gov/sos11/sra-pub-zq-1140/ERR009/9860/ERR9860944/ERR9860944.lite.1	ERX9406016	Illumina TruSeq DNA LT Sample Prep Kit	WGS	RANDOM	GENOMIC	PAIRED	0	0	ILLUMINA	NextSeq 500	ERP138431	PRJEB53625		858752	ERS12243894	SAMEA110145082	simple	318829	Pyricularia oryzae	i66a							no					IWATE BIOTECHNOLOGY RESEARCH CENTER	ERA15665670		public	FDD645542BFA960F157E9EC9DB73C517	046348DC05F231B23F19A4FC42B5F322
ERR9861183	2024-07-26 17:54:17	2024-08-07 10:25:00	3508033	522037743	3508033	148	221		https://sra-downloadb.be-md.ncbi.nlm.nih.gov/sos11/sra-pub-zq-1140/ERR009/9861/ERR9861183/ERR9861183.lite.1	ERX9406255	Illumina TruSeq DNA LT Sample Prep Kit	WGS	RANDOM	GENOMIC	PAIRED	0	0	ILLUMINA	NextSeq 500	ERP138431	PRJEB53625		858752	ERS12243907	SAMEA110145095	simple	318829	Pyricularia oryzae	i79a							no					IWATE BIOTECHNOLOGY RESEARCH CENTER	ERA15667279		public	AA2CA521D0B69CE95B05F3D867304F96	1A6FCA69589966693A737A2F5B4AE096
ERR9861074	2024-07-26 20:24:50	2024-08-07 12:36:44	3716148	549004227	3716148	147	225		https://sra-downloadb.be-md.ncbi.nlm.nih.gov/sos11/sra-pub-zq-1140/ERR009/9861/ERR9861074/ERR9861074.lite.1	ERX9406146	Illumina TruSeq DNA LT Sample Prep Kit	WGS	RANDOM	GENOMIC	PAIRED	0	0	ILLUMINA	NextSeq 500	ERP138431	PRJEB53625		858752	ERS12243803	SAMEA110144991	simple	318829	Pyricularia oryzae	d25a							no					IWATE BIOTECHNOLOGY RESEARCH CENTER	ERA15667279		public	ED3B034170BB415EB6CD0F146F1CF335	8C63480CDE3C9945A17C08E9DC370EB1
ERR9861145	2024-07-26 19:18:56	2024-08-07 10:48:06	1073006	156522447	1073006	145	68		https://sra-downloadb.be-md.ncbi.nlm.nih.gov/sos11/sra-pub-zq-1140/ERR009/9861/ERR9861145/ERR9861145.lite.1	ERX9406217	Illumina TruSeq DNA LT Sample Prep Kit	WGS	RANDOM	GENOMIC	PAIRED	0	0	ILLUMINA	NextSeq 500	ERP138431	PRJEB53625		858752	ERS12243872	SAMEA110145060	simple	318829	Pyricularia oryzae	i44a							no					IWATE BIOTECHNOLOGY RESEARCH CENTER	ERA15667279		public	6375DD2E9C1ADA5A8A8229CA7F843487	07F91ECFD3D251FF067F833B194FD8F4
ERR9860934	2024-07-26 19:18:55	2024-08-07 10:43:21	3396231	505979255	3396231	148	206		https://sra-downloadb.be-md.ncbi.nlm.nih.gov/sos11/sra-pub-zq-1140/ERR009/9860/ERR9860934/ERR9860934.lite.1	ERX9406006	Illumina TruSeq DNA LT Sample Prep Kit	WGS	RANDOM	GENOMIC	PAIRED	0	0	ILLUMINA	NextSeq 500	ERP138431	PRJEB53625		858752	ERS12243885	SAMEA110145073	simple	318829	Pyricularia oryzae	i57a							no					IWATE BIOTECHNOLOGY RESEARCH CENTER	ERA15665670		public	A7E8CDF2EB51A406C909DD3A77D182C0	081338443F6845D9F7FC0D2152CE150E
ERR9861089	2024-07-26 20:24:50	2024-08-07 12:35:18	1271701	186834195	1271701	146	78		https://sra-downloadb.be-md.ncbi.nlm.nih.gov/sos11/sra-pub-zq-1140/ERR009/9861/ERR9861089/ERR9861089.lite.1	ERX9406161	Illumina TruSeq DNA LT Sample Prep Kit	WGS	RANDOM	GENOMIC	PAIRED	0	0	ILLUMINA	NextSeq 500	ERP138431	PRJEB53625		858752	ERS12243781	SAMEA110144969	simple	318829	Pyricularia oryzae	d3a							no					IWATE BIOTECHNOLOGY RESEARCH CENTER	ERA15667279		public	9835C31101739EF1133184CC3CF1E0DC	2F09F483FFD7DF98904090BD1E1E2F56
DRR413368	2024-06-20 17:00:06	2024-06-20 17:28:40	9124680	2737404000	9124680	300	840		https://sra-downloadb.be-md.ncbi.nlm.nih.gov/sos11/sra-pub-zq-1140/DRR000/413/DRR413368/DRR413368.lite.1	DRX398935		WGS	RANDOM	GENOMIC	PAIRED	350	0	ILLUMINA	Illumina NovaSeq 6000	DRP011677	PRJDB14584		1126868	DRS391342	SAMD00549594	simple	318829	Pyricularia oryzae	SAMD00549594							no					IBRC	DRA015009		public	CD62DF327A311B31AD5E8B557624738E	A76FB2E527DF81B5F7615A497B8D8635
DRR413369	2024-06-20 17:00:06	2024-06-20 17:27:32	9701300	2910390000	9701300	300	894		https://sra-downloadb.be-md.ncbi.nlm.nih.gov/sos11/sra-pub-zq-1140/DRR000/413/DRR413369/DRR413369.lite.1	DRX398936		WGS	RANDOM	GENOMIC	PAIRED	350	0	ILLUMINA	Illumina NovaSeq 6000	DRP011677	PRJDB14584		1126868	DRS391343	SAMD00549595	simple	318829	Pyricularia oryzae	SAMD00549595							no					IBRC	DRA015009		public	20D770B894B49B217D199B5B7E0C6B81	CF7DDFD659713B47B092FDD55D1AD368
DRR413370	2024-06-20 17:00:06	2024-06-20 17:35:33	7621810	2286543000	7621810	300	702		https://sra-downloadb.be-md.ncbi.nlm.nih.gov/sos11/sra-pub-zq-1140/DRR000/413/DRR413370/DRR413370.lite.1	DRX398937		WGS	RANDOM	GENOMIC	PAIRED	350	0	ILLUMINA	Illumina NovaSeq 6000	DRP011677	PRJDB14584		1126868	DRS391344	SAMD00549596	simple	318829	Pyricularia oryzae	SAMD00549596							no					IBRC	DRA015009		public	989E3721B4DAF2600A0DF31ACB22A8F2	021A73D0BBD41065969716B64198FADB
DRR413371	2024-06-20 17:00:06	2024-06-20 17:36:34	7187760	2156328000	7187760	300	663		https://sra-downloadb.be-md.ncbi.nlm.nih.gov/sos11/sra-pub-zq-1140/DRR000/413/DRR413371/DRR413371.lite.1	DRX398938		WGS	RANDOM	GENOMIC	PAIRED	350	0	ILLUMINA	Illumina NovaSeq 6000	DRP011677	PRJDB14584		1126868	DRS391345	SAMD00549597	simple	318829	Pyricularia oryzae	SAMD00549597							no					IBRC	DRA015009		public	7BC09E2694B47D960F213F6824423E1B	E0A6C5FB912F23F2C3EEB2F2AC5576BF
DRR413372	2024-06-20 17:00:06	2024-06-20 17:37:05	8516757	2555027100	8516757	300	785		https://sra-downloadb.be-md.ncbi.nlm.nih.gov/sos11/sra-pub-zq-1140/DRR000/413/DRR413372/DRR413372.lite.1	DRX398939		WGS	RANDOM	GENOMIC	PAIRED	350	0	ILLUMINA	Illumina NovaSeq 6000	DRP011677	PRJDB14584		1126868	DRS391346	SAMD00549598	simple	318829	Pyricularia oryzae	SAMD00549598							no					IBRC	DRA015009		public	B8E2C2EEB2EC76C65BDA0EEA617BDF05	256E242C3D5A627FE745001F39A96466
DRR413373	2024-06-20 17:00:07	2024-06-20 17:38:06	7465483	2239644900	7465483	300	687		https://sra-downloadb.be-md.ncbi.nlm.nih.gov/sos11/sra-pub-zq-1140/DRR000/413/DRR413373/DRR413373.lite.1	DRX398940		WGS	RANDOM	GENOMIC	PAIRED	350	0	ILLUMINA	Illumina NovaSeq 6000	DRP011677	PRJDB14584		1126868	DRS391347	SAMD00549599	simple	318829	Pyricularia oryzae	SAMD00549599							no					IBRC	DRA015009		public	0803C507508D37B189B038037E50644B	6C6E3F695C0F90540DD66BE379FDEFDA
DRR413374	2024-06-20 17:00:07	2024-06-20 17:36:24	5167922	2986299453	5167922	577	1900		https://sra-downloadb.be-md.ncbi.nlm.nih.gov/sos11/sra-pub-zq-1140/DRR000/413/DRR413374/DRR413374.lite.1	DRX398941		WGS	RANDOM	GENOMIC	PAIRED	350	0	ILLUMINA	Illumina MiSeq	DRP011677	PRJDB14584		1126868	DRS391348	SAMD00549600	simple	318829	Pyricularia oryzae	SAMD00549600							no					IBRC	DRA015009		public	4D7020997C2B87531E245CECF4714E0A	1E691D06008FBF9FDBABBA999AC8BB5C
DRR413375	2024-06-20 17:00:07	2024-06-20 17:32:26	11424586	3427375800	11424586	300	1040		https://sra-downloadb.be-md.ncbi.nlm.nih.gov/sos11/sra-pub-zq-1140/DRR000/413/DRR413375/DRR413375.lite.1	DRX398942		WGS	RANDOM	GENOMIC	PAIRED	350	0	ILLUMINA	Illumina NovaSeq 6000	DRP011677	PRJDB14584		1126868	DRS391349	SAMD00549601	simple	318829	Pyricularia oryzae	SAMD00549601							no					IBRC	DRA015009		public	B0A991E34B7CD7701FC0CFE5C919C772	86C483E8A740D355771285C8FDE6023D
DRR413376	2024-06-20 17:00:07	2024-06-20 17:30:49	7843494	2353048200	7843494	300	722		https://sra-downloadb.be-md.ncbi.nlm.nih.gov/sos11/sra-pub-zq-1140/DRR000/413/DRR413376/DRR413376.lite.1	DRX398943		WGS	RANDOM	GENOMIC	PAIRED	350	0	ILLUMINA	Illumina NovaSeq 6000	DRP011677	PRJDB14584		1126868	DRS391350	SAMD00549602	simple	318829	Pyricularia oryzae	SAMD00549602							no					IBRC	DRA015009		public	D676BC6E0599D0259B8F2615446AA49B	8B252F2B885BA0D7D3FED49C26CEF4A0
DRR413377	2024-06-20 17:00:07	2024-06-20 17:35:54	7671769	2301530700	7671769	300	701		https://sra-downloadb.be-md.ncbi.nlm.nih.gov/sos11/sra-pub-zq-1140/DRR000/413/DRR413377/DRR413377.lite.1	DRX398944		WGS	RANDOM	GENOMIC	PAIRED	350	0	ILLUMINA	Illumina NovaSeq 6000	DRP011677	PRJDB14584		1126868	DRS391351	SAMD00549603	simple	318829	Pyricularia oryzae	SAMD00549603							no					IBRC	DRA015009		public	DC3AD0AE4F4939C375A75540C7D483AE	0E06EA2E7BB4EED8D398E2A898A476A7
DRR413378	2024-06-20 17:00:07	2024-06-20 17:35:15	10141709	3042512700	10141709	300	928		https://sra-downloadb.be-md.ncbi.nlm.nih.gov/sos11/sra-pub-zq-1140/DRR000/413/DRR413378/DRR413378.lite.1	DRX398945		WGS	RANDOM	GENOMIC	PAIRED	350	0	ILLUMINA	Illumina NovaSeq 6000	DRP011677	PRJDB14584		1126868	DRS391352	SAMD00549604	simple	318829	Pyricularia oryzae	SAMD00549604							no					IBRC	DRA015009		public	3954DC02C0693540F3A183DE214CAFA3	79F0C663D0D37950A095CC7A23E0B317
DRR413379	2024-06-20 17:00:07	2024-06-20 17:27:00	8065659	2419697700	8065659	300	741		https://sra-downloadb.be-md.ncbi.nlm.nih.gov/sos11/sra-pub-zq-1140/DRR000/413/DRR413379/DRR413379.lite.1	DRX398946		WGS	RANDOM	GENOMIC	PAIRED	350	0	ILLUMINA	Illumina NovaSeq 6000	DRP011677	PRJDB14584		1126868	DRS391353	SAMD00549605	simple	318829	Pyricularia oryzae	SAMD00549605							no					IBRC	DRA015009		public	9182BA0482EBDCA96159F4EFDDD6650F	DE16ADE32DF9ADAB4CB6599080DF707F
DRR413380	2024-06-20 17:00:07	2024-06-20 17:33:02	10653062	3195918600	10653062	300	981		https://sra-downloadb.be-md.ncbi.nlm.nih.gov/sos11/sra-pub-zq-1140/DRR000/413/DRR413380/DRR413380.lite.1	DRX398947		WGS	RANDOM	GENOMIC	PAIRED	350	0	ILLUMINA	Illumina NovaSeq 6000	DRP011677	PRJDB14584		1126868	DRS391354	SAMD00549606	simple	318829	Pyricularia oryzae	SAMD00549606							no					IBRC	DRA015009		public	036B3695AE8491083DEF47269E0532ED	EB690A86B6A6D926861BF3EBBB8327B2
DRR413381	2024-06-20 17:00:07	2024-06-20 17:35:02	9168067	2750420100	9168067	300	839		https://sra-downloadb.be-md.ncbi.nlm.nih.gov/sos11/sra-pub-zq-1140/DRR000/413/DRR413381/DRR413381.lite.1	DRX398948		WGS	RANDOM	GENOMIC	PAIRED	350	0	ILLUMINA	Illumina NovaSeq 6000	DRP011677	PRJDB14584		1126868	DRS391355	SAMD00549607	simple	318829	Pyricularia oryzae	SAMD00549607							no					IBRC	DRA015009		public	AE5AB095A322757183001AA6758EE96F	4D938DD1369173BD50D16893F4D5016C
DRR413382	2024-06-20 17:00:07	2024-06-20 17:29:45	10807189	3242156700	10807189	300	998		https://sra-downloadb.be-md.ncbi.nlm.nih.gov/sos11/sra-pub-zq-1140/DRR000/413/DRR413382/DRR413382.lite.1	DRX398949		WGS	RANDOM	GENOMIC	PAIRED	350	0	ILLUMINA	Illumina NovaSeq 6000	DRP011677	PRJDB14584		1126868	DRS391356	SAMD00549608	simple	318829	Pyricularia oryzae	SAMD00549608							no					IBRC	DRA015009		public	0AFE8C6D8147A284CB4F0EDB6355A210	A0AC34F8F5D99B22E8331CFE45FD2777
DRR413383	2024-06-20 17:00:07	2024-06-20 17:30:12	9678513	2903553900	9678513	300	916		https://sra-downloadb.be-md.ncbi.nlm.nih.gov/sos11/sra-pub-zq-1140/DRR000/413/DRR413383/DRR413383.lite.1	DRX398950		WGS	RANDOM	GENOMIC	PAIRED	350	0	ILLUMINA	Illumina NovaSeq 6000	DRP011677	PRJDB14584		1126868	DRS391357	SAMD00549609	simple	318829	Pyricularia oryzae	SAMD00549609							no					IBRC	DRA015009		public	7ACA6098B363AB98140B2BF6D5C0898C	74FFC65E6C035857CC81FB1363B45092
DRR413384	2024-06-20 17:00:07	2024-06-20 17:29:16	7179541	2153862300	7179541	300	661		https://sra-downloadb.be-md.ncbi.nlm.nih.gov/sos11/sra-pub-zq-1140/DRR000/413/DRR413384/DRR413384.lite.1	DRX398951		WGS	RANDOM	GENOMIC	PAIRED	350	0	ILLUMINA	Illumina NovaSeq 6000	DRP011677	PRJDB14584		1126868	DRS391358	SAMD00549610	simple	318829	Pyricularia oryzae	SAMD00549610							no					IBRC	DRA015009		public	EC145859F016F40AFA5E274C013DD23B	9F5620A4175FC819731F9123D4774381
DRR413385	2024-06-20 17:00:07	2024-06-20 17:37:41	8325785	2497735500	8325785	300	775		https://sra-downloadb.be-md.ncbi.nlm.nih.gov/sos11/sra-pub-zq-1140/DRR000/413/DRR413385/DRR413385.lite.1	DRX398952		WGS	RANDOM	GENOMIC	PAIRED	350	0	ILLUMINA	Illumina NovaSeq 6000	DRP011677	PRJDB14584		1126868	DRS391359	SAMD00549611	simple	318829	Pyricularia oryzae	SAMD00549611							no					IBRC	DRA015009		public	470E36381353420CC3AB57B26368E3FF	C28BD0187A43138B7B1FEA8EFB23292C
DRR413386	2024-06-20 17:00:07	2024-06-20 17:37:25	7810184	2343055200	7810184	300	714		https://sra-downloadb.be-md.ncbi.nlm.nih.gov/sos11/sra-pub-zq-1140/DRR000/413/DRR413386/DRR413386.lite.1	DRX398953		WGS	RANDOM	GENOMIC	PAIRED	350	0	ILLUMINA	Illumina NovaSeq 6000	DRP011677	PRJDB14584		1126868	DRS391360	SAMD00549612	simple	318829	Pyricularia oryzae	SAMD00549612							no					IBRC	DRA015009		public	8D1546E211A44B4477ADEFC39F520E74	C9D35B2C4E54BC7EBEDF7815BCB441EE
DRR413387	2024-06-20 17:00:07	2024-06-20 17:32:12	8356107	2506832100	8356107	300	767		https://sra-downloadb.be-md.ncbi.nlm.nih.gov/sos11/sra-pub-zq-1140/DRR000/413/DRR413387/DRR413387.lite.1	DRX398954		WGS	RANDOM	GENOMIC	PAIRED	350	0	ILLUMINA	Illumina NovaSeq 6000	DRP011677	PRJDB14584		1126868	DRS391361	SAMD00549613	simple	318829	Pyricularia oryzae	SAMD00549613							no					IBRC	DRA015009		public	D28BD7386269FC51815913F71BCC2551	E9A05DF7974F21DB9FBD9C3BD4260F64
DRR413388	2024-06-20 17:00:07	2024-06-20 17:34:15	9729435	2918830500	9729435	300	891		https://sra-downloadb.be-md.ncbi.nlm.nih.gov/sos11/sra-pub-zq-1140/DRR000/413/DRR413388/DRR413388.lite.1	DRX398955		WGS	RANDOM	GENOMIC	PAIRED	350	0	ILLUMINA	Illumina NovaSeq 6000	DRP011677	PRJDB14584		1126868	DRS391362	SAMD00549614	simple	318829	Pyricularia oryzae	SAMD00549614							no					IBRC	DRA015009		public	CCAB63A241DAD6884F044A49ABDE77B1	E076E88BDF09BE709485E992563A0F65
DRR413389	2024-06-20 17:00:07	2024-06-20 17:31:20	10922172	3276651600	10922172	300	988		https://sra-downloadb.be-md.ncbi.nlm.nih.gov/sos11/sra-pub-zq-1140/DRR000/413/DRR413389/DRR413389.lite.1	DRX398956		WGS	RANDOM	GENOMIC	PAIRED	350	0	ILLUMINA	Illumina NovaSeq 6000	DRP011677	PRJDB14584		1126868	DRS391363	SAMD00549615	simple	318829	Pyricularia oryzae	SAMD00549615							no					IBRC	DRA015009		public	54094307C4A0F7B6D7704C480D4E92BC	AE007903D0AE1C5551AD66D7BE6395B0
DRR413390	2024-06-20 17:00:07	2024-06-20 17:30:10	8793961	2638188300	8793961	300	809		https://sra-downloadb.be-md.ncbi.nlm.nih.gov/sos11/sra-pub-zq-1140/DRR000/413/DRR413390/DRR413390.lite.1	DRX398957		WGS	RANDOM	GENOMIC	PAIRED	350	0	ILLUMINA	Illumina NovaSeq 6000	DRP011677	PRJDB14584		1126868	DRS391364	SAMD00549616	simple	318829	Pyricularia oryzae	SAMD00549616							no					IBRC	DRA015009		public	58FA2973C87E0850257678026AD5FC53	5D5ED73E169B732C442ED2550E2C7733
DRR413391	2024-06-20 17:00:07	2024-06-20 17:29:41	10923880	3277164000	10923880	300	995		https://sra-downloadb.be-md.ncbi.nlm.nih.gov/sos11/sra-pub-zq-1140/DRR000/413/DRR413391/DRR413391.lite.1	DRX398958		WGS	RANDOM	GENOMIC	PAIRED	350	0	ILLUMINA	Illumina NovaSeq 6000	DRP011677	PRJDB14584		1126868	DRS391365	SAMD00549617	simple	318829	Pyricularia oryzae	SAMD00549617							no					IBRC	DRA015009		public	5FAF607A3A23B0B5DB55548BF1060CC3	931629557B07869A04E201EE64A35D66
DRR413392	2024-06-20 17:00:07	2024-06-20 17:34:45	8411281	2523384300	8411281	300	777		https://sra-downloadb.be-md.ncbi.nlm.nih.gov/sos11/sra-pub-zq-1140/DRR000/413/DRR413392/DRR413392.lite.1	DRX398959		WGS	RANDOM	GENOMIC	PAIRED	350	0	ILLUMINA	Illumina NovaSeq 6000	DRP011677	PRJDB14584		1126868	DRS391366	SAMD00549618	simple	318829	Pyricularia oryzae	SAMD00549618							no					IBRC	DRA015009		public	FEC8B9F47DC3AD97C083BE8091C0D88B	A233981DE4EDD344C8322F2934697596
DRR413352	2024-06-20 17:00:06	2024-06-20 17:37:05	4043319	2021659500	4043319	500	632		https://sra-downloadb.be-md.ncbi.nlm.nih.gov/sos11/sra-pub-zq-1140/DRR000/413/DRR413352/DRR413352.lite.1	DRX398919		WGS	RANDOM	GENOMIC	PAIRED	350	0	ILLUMINA	Illumina NovaSeq 6000	DRP011677	PRJDB14584		1126868	DRS391326	SAMD00549578	simple	318829	Pyricularia oryzae	SAMD00549578							no					IBRC	DRA015009		public	C61FDB54847F73E5016BEF1517500981	13B8227EA0D9F744CC0752632B0FE239
DRR413353	2024-06-20 17:00:06	2024-06-20 17:37:31	4056836	2028418000	4056836	500	629		https://sra-downloadb.be-md.ncbi.nlm.nih.gov/sos11/sra-pub-zq-1140/DRR000/413/DRR413353/DRR413353.lite.1	DRX398920		WGS	RANDOM	GENOMIC	PAIRED	350	0	ILLUMINA	Illumina NovaSeq 6000	DRP011677	PRJDB14584		1126868	DRS391327	SAMD00549579	simple	318829	Pyricularia oryzae	SAMD00549579							no					IBRC	DRA015009		public	1B5D01E272BCBB60526BE8879CFD0855	BC9C75666EFD8AFD0D84EB2F682C6740
DRR413354	2024-06-20 17:00:06	2024-06-20 17:36:03	4312106	2156053000	4312106	500	737		https://sra-downloadb.be-md.ncbi.nlm.nih.gov/sos11/sra-pub-zq-1140/DRR000/413/DRR413354/DRR413354.lite.1	DRX398921		WGS	RANDOM	GENOMIC	PAIRED	350	0	ILLUMINA	Illumina NovaSeq 6000	DRP011677	PRJDB14584		1126868	DRS391328	SAMD00549580	simple	318829	Pyricularia oryzae	SAMD00549580							no					IBRC	DRA015009		public	7333621BBDBDB9DB515232A88D45FA01	4602DCEF5820505A52211CCC01B72555
DRR413355	2024-06-20 17:00:06	2024-06-20 17:35:15	4234593	2117296500	4234593	500	657		https://sra-downloadb.be-md.ncbi.nlm.nih.gov/sos11/sra-pub-zq-1140/DRR000/413/DRR413355/DRR413355.lite.1	DRX398922		WGS	RANDOM	GENOMIC	PAIRED	350	0	ILLUMINA	Illumina NovaSeq 6000	DRP011677	PRJDB14584		1126868	DRS391329	SAMD00549581	simple	318829	Pyricularia oryzae	SAMD00549581							no					IBRC	DRA015009		public	47E386D1673AF58663E7B54E846FDF38	77AD84694CE2AF4286C20E586BEA8744
DRR413356	2024-06-20 17:00:06	2024-06-20 17:38:37	4058224	2029112000	4058224	500	621		https://sra-downloadb.be-md.ncbi.nlm.nih.gov/sos11/sra-pub-zq-1140/DRR000/413/DRR413356/DRR413356.lite.1	DRX398923		WGS	RANDOM	GENOMIC	PAIRED	350	0	ILLUMINA	Illumina NovaSeq 6000	DRP011677	PRJDB14584		1126868	DRS391330	SAMD00549582	simple	318829	Pyricularia oryzae	SAMD00549582							no					IBRC	DRA015009		public	943CC1CF7064CE8213C886595E5D8CC2	6CC5CA6E3757D6A17B1D49CEB89572EF
DRR413357	2024-06-20 17:00:06	2024-06-20 17:33:59	4455530	2227765000	4455530	500	686		https://sra-downloadb.be-md.ncbi.nlm.nih.gov/sos11/sra-pub-zq-1140/DRR000/413/DRR413357/DRR413357.lite.1	DRX398924		WGS	RANDOM	GENOMIC	PAIRED	350	0	ILLUMINA	Illumina NovaSeq 6000	DRP011677	PRJDB14584		1126868	DRS391331	SAMD00549583	simple	318829	Pyricularia oryzae	SAMD00549583							no					IBRC	DRA015009		public	A57FBA0A7465F75877298FBC6858DD62	3DA5EF2063683057D0D835B054E175A5
DRR413358	2024-06-20 17:00:06	2024-06-20 17:36:49	4239310	2119655000	4239310	500	656		https://sra-downloadb.be-md.ncbi.nlm.nih.gov/sos11/sra-pub-zq-1140/DRR000/413/DRR413358/DRR413358.lite.1	DRX398925		WGS	RANDOM	GENOMIC	PAIRED	350	0	ILLUMINA	Illumina NovaSeq 6000	DRP011677	PRJDB14584		1126868	DRS391332	SAMD00549584	simple	318829	Pyricularia oryzae	SAMD00549584							no					IBRC	DRA015009		public	F8397E4FF1D7B50EB9E7E63EEB53E343	BC3129FA1B606E3CC0E25BD4E648EDF4
DRR413359	2024-06-20 17:00:06	2024-06-20 17:33:01	4680716	2340358000	4680716	500	734		https://sra-downloadb.be-md.ncbi.nlm.nih.gov/sos11/sra-pub-zq-1140/DRR000/413/DRR413359/DRR413359.lite.1	DRX398926		WGS	RANDOM	GENOMIC	PAIRED	350	0	ILLUMINA	Illumina NovaSeq 6000	DRP011677	PRJDB14584		1126868	DRS391333	SAMD00549585	simple	318829	Pyricularia oryzae	SAMD00549585							no					IBRC	DRA015009		public	A96E756F3B4D303AB7E3E183791A03CB	02C691E5E5EB6BFC42C0E6CFC28B880C
DRR413360	2024-06-20 17:00:06	2024-06-20 17:31:39	4690868	2345434000	4690868	500	726		https://sra-downloadb.be-md.ncbi.nlm.nih.gov/sos11/sra-pub-zq-1140/DRR000/413/DRR413360/DRR413360.lite.1	DRX398927		WGS	RANDOM	GENOMIC	PAIRED	350	0	ILLUMINA	Illumina NovaSeq 6000	DRP011677	PRJDB14584		1126868	DRS391334	SAMD00549586	simple	318829	Pyricularia oryzae	SAMD00549586							no					IBRC	DRA015009		public	659E40FB61CFEA8F34EE0A77291ED690	38AB8116F910468C4C292805DB653F92
DRR413361	2024-06-20 17:00:06	2024-06-20 17:31:24	4379530	2189765000	4379530	500	689		https://sra-downloadb.be-md.ncbi.nlm.nih.gov/sos11/sra-pub-zq-1140/DRR000/413/DRR413361/DRR413361.lite.1	DRX398928		WGS	RANDOM	GENOMIC	PAIRED	350	0	ILLUMINA	Illumina NovaSeq 6000	DRP011677	PRJDB14584		1126868	DRS391335	SAMD00549587	simple	318829	Pyricularia oryzae	SAMD00549587							no					IBRC	DRA015009		public	6BB50AC62949C8A31919DABB66B2B650	D1545FBE1E039EA30DA6E4FCDB1BCC6F
DRR413362	2024-06-20 17:00:06	2024-06-20 17:35:59	4128546	2064273000	4128546	500	635		https://sra-downloadb.be-md.ncbi.nlm.nih.gov/sos11/sra-pub-zq-1140/DRR000/413/DRR413362/DRR413362.lite.1	DRX398929		WGS	RANDOM	GENOMIC	PAIRED	350	0	ILLUMINA	Illumina NovaSeq 6000	DRP011677	PRJDB14584		1126868	DRS391336	SAMD00549588	simple	318829	Pyricularia oryzae	SAMD00549588							no					IBRC	DRA015009		public	F0370C9AD7C0E6300021B5DAE06F5394	20B7CF60793E3BFCA3BF2C7FB1CF47DE
DRR413363	2024-06-20 17:00:06	2024-06-20 17:29:52	7289759	2186927700	7289759	300	678		https://sra-downloadb.be-md.ncbi.nlm.nih.gov/sos11/sra-pub-zq-1140/DRR000/413/DRR413363/DRR413363.lite.1	DRX398930		WGS	RANDOM	GENOMIC	PAIRED	350	0	ILLUMINA	Illumina NovaSeq 6000	DRP011677	PRJDB14584		1126868	DRS391337	SAMD00549589	simple	318829	Pyricularia oryzae	SAMD00549589							no					IBRC	DRA015009		public	95E5F0C2EC2B20CCE5745AEE14E56DDA	C5F2919B8DD6A34BA4B55995A623A883
DRR413364	2024-06-20 17:00:06	2024-06-20 17:33:47	7797021	2339106300	7797021	300	721		https://sra-downloadb.be-md.ncbi.nlm.nih.gov/sos11/sra-pub-zq-1140/DRR000/413/DRR413364/DRR413364.lite.1	DRX398931		WGS	RANDOM	GENOMIC	PAIRED	350	0	ILLUMINA	Illumina NovaSeq 6000	DRP011677	PRJDB14584		1126868	DRS391338	SAMD00549590	simple	318829	Pyricularia oryzae	SAMD00549590							no					IBRC	DRA015009		public	E7776544B487AC3F98CB4A7ACFC3E2B6	D44477DC883E266E8283BBC120E626BB
DRR413365	2024-06-20 17:00:06	2024-06-20 17:28:54	8706997	2612099100	8706997	300	801		https://sra-downloadb.be-md.ncbi.nlm.nih.gov/sos11/sra-pub-zq-1140/DRR000/413/DRR413365/DRR413365.lite.1	DRX398932		WGS	RANDOM	GENOMIC	PAIRED	350	0	ILLUMINA	Illumina NovaSeq 6000	DRP011677	PRJDB14584		1126868	DRS391339	SAMD00549591	simple	318829	Pyricularia oryzae	SAMD00549591							no					IBRC	DRA015009		public	2FD0AE00A9F1E0265C09F9229CEE9756	EEA10094DCF28732D5AC3630696127A1
DRR413366	2024-06-20 17:00:06	2024-06-20 17:34:48	7257277	2177183100	7257277	300	670		https://sra-downloadb.be-md.ncbi.nlm.nih.gov/sos11/sra-pub-zq-1140/DRR000/413/DRR413366/DRR413366.lite.1	DRX398933		WGS	RANDOM	GENOMIC	PAIRED	350	0	ILLUMINA	Illumina NovaSeq 6000	DRP011677	PRJDB14584		1126868	DRS391340	SAMD00549592	simple	318829	Pyricularia oryzae	SAMD00549592							no					IBRC	DRA015009		public	9914E3CB42A9DAFC03B441B87B7D9D45	BA6B5E6CE0B9A7C9027E625EF51E3403
DRR413367	2024-06-20 17:00:06	2024-06-20 17:34:01	7459497	2237849100	7459497	300	690		https://sra-downloadb.be-md.ncbi.nlm.nih.gov/sos11/sra-pub-zq-1140/DRR000/413/DRR413367/DRR413367.lite.1	DRX398934		WGS	RANDOM	GENOMIC	PAIRED	350	0	ILLUMINA	Illumina NovaSeq 6000	DRP011677	PRJDB14584		1126868	DRS391341	SAMD00549593	simple	318829	Pyricularia oryzae	SAMD00549593							no					IBRC	DRA015009		public	167A7A8935C950A1A7A04197ECDF1152	3882AE81A01BE6EE9C75A519554679E4
ERR12117429	2024-02-14 00:53:56	2024-02-17 03:12:53	3501444	1050433200	3501444	300	335		https://sra-downloadb.be-md.ncbi.nlm.nih.gov/sos9/sra-pub-zq-924/ERR012/12117/ERR12117429/ERR12117429.lite.1	ERX11494616		WGS	Restriction Digest	GENOMIC	PAIRED	0	0	ILLUMINA	Illumina HiSeq 3000	ERP152459	PRJEB67435		1076443	ERS16474610	SAMEA114492952	simple	318829	Pyricularia oryzae	SAMEA114492952							no					THE JOHN INNES CENTRE	ERA27310136		public	4CEF6B45DEFDFA164AA0C2E17E767828	189F555425DD8F75A9008A06431169F0
ERR12117550	2024-02-14 01:27:22	2024-02-17 03:17:13	7146213	2143863900	7146213	300	718		https://sra-downloadb.be-md.ncbi.nlm.nih.gov/sos9/sra-pub-zq-924/ERR012/12117/ERR12117550/ERR12117550.lite.1	ERX11494737		WGS	Restriction Digest	GENOMIC	PAIRED	0	0	ILLUMINA	Illumina HiSeq 3000	ERP152459	PRJEB67435		1076443	ERS16474610	SAMEA114492952	simple	318829	Pyricularia oryzae	SAMEA114492952							no					THE JOHN INNES CENTRE	ERA27310139		public	B6FD20566EF15FC6482E5AA6C0D92880	BA478F8F4CF3DA2630492F2DEA4A6F0B
ERR12103114	2024-02-14 01:53:09	2024-02-17 03:17:02	8415715	2524714500	8415715	300	863		https://sra-downloadb.be-md.ncbi.nlm.nih.gov/sos9/sra-pub-zq-924/ERR012/12103/ERR12103114/ERR12103114.lite.1	ERX11484031		WGS	size fractionation	GENOMIC	PAIRED	0	0	ILLUMINA	Illumina HiSeq 2500	ERP151781	PRJEB66723		1076442	ERS16453206	SAMEA114466569	simple	318829	Pyricularia oryzae	SAMEA114466569							no					THE JOHN INNES CENTRE	ERA27298367		public	B56218B829F2A931F1CFC152D6768060	62000E16E129FED49B3F5AA2A9D61D33
SRR27891887	2024-12-31 02:24:01	2024-02-06 15:25:33	10090085	3027025500	10090085	300	974		https://sra-downloadb.be-md.ncbi.nlm.nih.gov/sos7/sra-pub-zq-41/SRR027/27891/SRR27891887/SRR27891887.lite.1	SRX23552392	UFVPY232	WGS	RANDOM	GENOMIC	PAIRED	0	0	ILLUMINA	Illumina NovaSeq 6000	SRP418845	PRJNA926786		926786	SRS20399493	SAMN39732783	simple	318829	Pyricularia oryzae	UFVPY232							no					UNIVERSITY OF KENTUCKY	SRA1798751		public	0F777EB566A89FBF885DC46764FE1A0C	01BED357080D777FBBADF61888C97A46
SRR26305402	2023-10-11 04:23:51	2023-10-11 04:20:27	10202844	3060853200	10202844	300	983		https://sra-downloadb.be-md.ncbi.nlm.nih.gov/sos1/sra-pub-zq-38/SRR026/26305/SRR26305402/SRR26305402.lite.1	SRX22018379	ZM2-1c	WGS	RANDOM	GENOMIC	PAIRED	0	0	ILLUMINA	Illumina NovaSeq 6000	SRP383627	PRJNA849580		849580	SRS19091845	SAMN37709427	simple	318829	Pyricularia oryzae	ZM2-1c							no					KANSAS STATE UNIVERSITY	SRA1727282		public	EAEC022EF8180FCA6C69C566026196EF	3940CA43E4C52C14F13CFD221986ADA3
SRR25731890	2024-09-06 03:19:34	2023-08-22 18:13:27	36467478	5438606855	36467478	149	2070		https://sra-downloadb.be-md.ncbi.nlm.nih.gov/sos11/sra-pub-zq-1140/SRR025/25731/SRR25731890/SRR25731890.lite.1	SRX21455571	O-135_SR_Genome	WGS	RANDOM	GENOMIC	PAIRED	0	0	ILLUMINA	NextSeq 500	SRP456452	PRJNA1006359		1006359	SRS18691480	SAMN37051446	simple	318829	Pyricularia oryzae	O-135_SR_Genome							no					KANSAS STATE UNIVERSITY	SRA1695478		public	EBC1CB9717F0AD2102BA8F5CD39174F5	261239B39AEA7474659D4DD0BC881EBC
SRR25731888	2024-09-06 03:19:35	2023-08-22 18:14:33	33436851	4986674473	33436851	149	1937		https://sra-downloadb.be-md.ncbi.nlm.nih.gov/sos11/sra-pub-zq-1140/SRR025/25731/SRR25731888/SRR25731888.lite.1	SRX21455573	O-137_SR_Genome	WGS	RANDOM	GENOMIC	PAIRED	0	0	ILLUMINA	NextSeq 500	SRP456452	PRJNA1006359		1006359	SRS18691482	SAMN37051448	simple	318829	Pyricularia oryzae	O-137_SR_Genome							no					KANSAS STATE UNIVERSITY	SRA1695478		public	7C4CA3384C8D34A893EF8F195FE26D9A	3650B13A5BE5CC07C1DDD60CF91CBC20
SRR25731886	2024-09-06 03:19:35	2023-08-22 18:13:26	30030455	4478722928	30030455	149	1707		https://sra-downloadb.be-md.ncbi.nlm.nih.gov/sos11/sra-pub-zq-1140/SRR025/25731/SRR25731886/SRR25731886.lite.1	SRX21455575	O-219_SR_Genome	WGS	RANDOM	GENOMIC	PAIRED	0	0	ILLUMINA	NextSeq 500	SRP456452	PRJNA1006359		1006359	SRS18691484	SAMN37051450	simple	318829	Pyricularia oryzae	O-219_SR_Genome							no					KANSAS STATE UNIVERSITY	SRA1695478		public	8E2F5BA230C2AAAF4B49466DC29ABB36	B046DD961709E674A8DCC994AA1CBC52
SRR25731893	2024-09-06 03:19:34	2023-08-22 18:15:04	37684911	5620312491	37684911	149	2192		https://sra-downloadb.be-md.ncbi.nlm.nih.gov/sos11/sra-pub-zq-1140/SRR025/25731/SRR25731893/SRR25731893.lite.1	SRX21455568	Guy11_SR_Genome	WGS	RANDOM	GENOMIC	PAIRED	0	0	ILLUMINA	NextSeq 500	SRP456452	PRJNA1006359		1006359	SRS18691477	SAMN37051444	simple	318829	Pyricularia oryzae	Guy11_SR_Genome							no					KANSAS STATE UNIVERSITY	SRA1695478		public	8452BD66E91EA1B0E5B3D95A26C071B2	2A6D07596C8F52D33B8A29649577FEA0
SRR25528376	2023-08-05 02:18:32	2023-08-04 23:17:49	7996502	3998251000	7996502	500	2141		https://sra-downloadb.be-md.ncbi.nlm.nih.gov/sos12/sra-pub-zq-1216/SRR025/25528/SRR25528376/SRR25528376.lite.1	SRX21257844	T_B2-1	WGS	RANDOM	GENOMIC	PAIRED	0	0	ILLUMINA	Illumina MiSeq	SRP453490	PRJNA1002398		1002398	SRS18511378	SAMN36843573	simple	318829	Pyricularia oryzae	T_B2-1							no					KANSAS STATE UNIVERSITY	SRA1687049		public	A94465DDB2339F26481036CD432C70E1	043FD816E0ACDF1EBC228E16CC55DADE
SRR25528372	2023-08-05 02:18:32	2023-08-04 23:49:11	16130764	9678458400	16130764	600	6047		https://sra-downloadb.be-md.ncbi.nlm.nih.gov/sos12/sra-pub-zq-1216/SRR025/25528/SRR25528372/SRR25528372.lite.1	SRX21257848	T_P3-1	WGS	RANDOM	GENOMIC	PAIRED	0	0	ILLUMINA	Illumina MiSeq	SRP453490	PRJNA1002398		1002398	SRS18511382	SAMN36843577	simple	318829	Pyricularia oryzae	T_P3-1							no					KANSAS STATE UNIVERSITY	SRA1687049		public	96A56A83C0BECD6081AD940E20C77A1C	A02C77CA63036229855EE40F63EB264D
SRR25528371	2023-08-05 02:18:32	2023-08-04 23:22:50	10724137	6434482200	10724137	600	4109		https://sra-downloadb.be-md.ncbi.nlm.nih.gov/sos12/sra-pub-zq-1216/SRR025/25528/SRR25528371/SRR25528371.lite.1	SRX21257849	T_Py22.1-1	WGS	RANDOM	GENOMIC	PAIRED	0	0	ILLUMINA	Illumina MiSeq	SRP453490	PRJNA1002398		1002398	SRS18511383	SAMN36843578	simple	318829	Pyricularia oryzae	T_Py22.1-1							no					KANSAS STATE UNIVERSITY	SRA1687049		public	F6297A20CAC23C3A48E603F28BD7FE3D	2DD840CC3AC36BB7F56EC83D33777506
SRR25528370	2023-08-05 02:21:02	2023-08-04 23:50:09	21652114	12991268400	21652114	600	8083		https://sra-downloadb.be-md.ncbi.nlm.nih.gov/sos12/sra-pub-zq-1216/SRR025/25528/SRR25528370/SRR25528370.lite.1	SRX21257850	T_Py5020-1	WGS	RANDOM	GENOMIC	PAIRED	0	0	ILLUMINA	Illumina MiSeq	SRP453490	PRJNA1002398		1002398	SRS18511384	SAMN36843579	simple	318829	Pyricularia oryzae	T_Py5020-1							no					KANSAS STATE UNIVERSITY	SRA1687049		public	092CB41E09B72CF0894E297440A9F2D3	9676B2F47FD7A515E9EA835D338995F5
SRR25528369	2023-08-05 02:18:32	2023-08-04 23:21:48	13229717	6614858500	13229717	500	4053		https://sra-downloadb.be-md.ncbi.nlm.nih.gov/sos12/sra-pub-zq-1216/SRR025/25528/SRR25528369/SRR25528369.lite.1	SRX21257851	T_T25-1	WGS	RANDOM	GENOMIC	PAIRED	0	0	ILLUMINA	Illumina MiSeq	SRP453490	PRJNA1002398		1002398	SRS18511385	SAMN36843580	simple	318829	Pyricularia oryzae	T_T25-1							no					KANSAS STATE UNIVERSITY	SRA1687049		public	2912B063D63BEA6E1651DDF84923D986	48930282CDA24B6F4AFEBF716381551B
SRR25528368	2023-08-05 02:18:32	2023-08-04 23:17:38	12092695	3627808500	12092695	300	1143		https://sra-downloadb.be-md.ncbi.nlm.nih.gov/sos12/sra-pub-zq-1216/SRR025/25528/SRR25528368/SRR25528368.lite.1	SRX21257852	T_T3-2	WGS	RANDOM	GENOMIC	PAIRED	0	0	ILLUMINA	Illumina MiSeq	SRP453490	PRJNA1002398		1002398	SRS18511386	SAMN36843581	simple	318829	Pyricularia oryzae	T_T3-2							no					KANSAS STATE UNIVERSITY	SRA1687049		public	EE948F6BA9A28E479E69577DF2802FC7	006A94D54FFB05CE22E7560D73AC3066
SRR25528374	2023-08-05 02:18:32	2023-08-04 23:21:15	8979346	5387607600	8979346	600	3553		https://sra-downloadb.be-md.ncbi.nlm.nih.gov/sos12/sra-pub-zq-1216/SRR025/25528/SRR25528374/SRR25528374.lite.1	SRX21257846	Br_P28-1	WGS	RANDOM	GENOMIC	PAIRED	0	0	ILLUMINA	Illumina MiSeq	SRP453490	PRJNA1002398		1002398	SRS18511381	SAMN36843575	simple	318829	Pyricularia oryzae	Br_P28-1							no					KANSAS STATE UNIVERSITY	SRA1687049		public	B2F219DF3FD2C5817A77A91E78E925C9	FB5C96D9E91D2F6BE71B348EECFF2BDA
SRR25528373	2023-08-05 02:18:32	2023-08-04 23:21:17	9335380	5601228000	9335380	600	3671		https://sra-downloadb.be-md.ncbi.nlm.nih.gov/sos12/sra-pub-zq-1216/SRR025/25528/SRR25528373/SRR25528373.lite.1	SRX21257847	Br_P29-1	WGS	RANDOM	GENOMIC	PAIRED	0	0	ILLUMINA	Illumina MiSeq	SRP453490	PRJNA1002398		1002398	SRS18511380	SAMN36843576	simple	318829	Pyricularia oryzae	Br_P29-1							no					KANSAS STATE UNIVERSITY	SRA1687049		public	3E0BF7BFC9112353AFB3C5D831F64D87	6D063FBF02D972036E443227962A1D1D
SRR25528375	2023-08-05 02:18:32	2023-08-04 23:18:25	7090633	3545316500	7090633	500	1880		https://sra-downloadb.be-md.ncbi.nlm.nih.gov/sos12/sra-pub-zq-1216/SRR025/25528/SRR25528375/SRR25528375.lite.1	SRX21257845	E_B51-1	WGS	RANDOM	GENOMIC	PAIRED	0	0	ILLUMINA	Illumina MiSeq	SRP453490	PRJNA1002398		1002398	SRS18511379	SAMN36843574	simple	318829	Pyricularia oryzae	E_B51-1							no					KANSAS STATE UNIVERSITY	SRA1687049		public	02A8C77CB1614E5EE613086E6D93E21C	F43B4D5C9AAED3AA74B9C68A32A5A028
SRR24675061	2024-04-19 04:34:40	2023-05-20 00:47:57	13466070	2693214000	13466070	200	1135		https://sra-downloadb.be-md.ncbi.nlm.nih.gov/sos8/sra-pub-zq-820/SRR024/24675/SRR24675061/SRR24675061.lite.1	SRX20454657	MEA1	WGS	size fractionation	GENOMIC	PAIRED	0	0	ILLUMINA	Illumina HiSeq 2500	SRP438717	PRJNA973860		973860	SRS17762050	SAMN35152686	simple	318829	Pyricularia oryzae	MEA1							no					THE MAHARAJA SAYAJIRAO UNIVERSITY OF BARODA	SRA1641454		public	4525FB94C1D0D07D69428DB389A1A5F6	775F19F6E77D197A87507A27801A6286
SRR24675054	2024-04-19 04:34:40	2023-05-20 00:53:08	15231230	3046246000	15231230	200	1342		https://sra-downloadb.be-md.ncbi.nlm.nih.gov/sos8/sra-pub-zq-820/SRR024/24675/SRR24675054/SRR24675054.lite.1	SRX20454664	MEC1	WGS	size fractionation	GENOMIC	PAIRED	0	0	ILLUMINA	Illumina HiSeq 2500	SRP438717	PRJNA973860		973860	SRS17762057	SAMN35152680	simple	318829	Pyricularia oryzae	MEC1							no					THE MAHARAJA SAYAJIRAO UNIVERSITY OF BARODA	SRA1641454		public	E1E4E7367B6E1953F177C10DD305DC2B	4CFB1C748DB01307014C27D4383FE753
SRR24675053	2024-04-19 04:34:39	2023-05-20 01:24:05	37755314	7551062800	37755314	200	3153		https://sra-downloadb.be-md.ncbi.nlm.nih.gov/sos8/sra-pub-zq-820/SRR024/24675/SRR24675053/SRR24675053.lite.1	SRX20454665	MEC2	WGS	size fractionation	GENOMIC	PAIRED	0	0	ILLUMINA	Illumina HiSeq 2500	SRP438717	PRJNA973860		973860	SRS17762058	SAMN35152681	simple	318829	Pyricularia oryzae	MEC2							no					THE MAHARAJA SAYAJIRAO UNIVERSITY OF BARODA	SRA1641454		public	213BD3A6602FA2323034EBD2017A771B	826FA32AA2AB9B0A8579F4B8D300A9E4
SRR24675065	2024-04-19 04:34:41	2023-05-20 01:09:44	18867499	3773499800	18867499	200	1670		https://sra-downloadb.be-md.ncbi.nlm.nih.gov/sos8/sra-pub-zq-820/SRR024/24675/SRR24675065/SRR24675065.lite.1	SRX20454653	MEC3	WGS	size fractionation	GENOMIC	PAIRED	0	0	ILLUMINA	Illumina HiSeq 2500	SRP438717	PRJNA973860		973860	SRS17762046	SAMN35152682	simple	318829	Pyricularia oryzae	MEC3							no					THE MAHARAJA SAYAJIRAO UNIVERSITY OF BARODA	SRA1641454		public	E3878F58512EB0CCB9CA8CB246D38A94	DFDF58C58BA58EC636E05AEC1624AD29
SRR24675064	2024-04-19 04:34:41	2023-05-20 00:51:58	19573969	3914793800	19573969	200	1738		https://sra-downloadb.be-md.ncbi.nlm.nih.gov/sos8/sra-pub-zq-820/SRR024/24675/SRR24675064/SRR24675064.lite.1	SRX20454654	MEC4	WGS	size fractionation	GENOMIC	PAIRED	0	0	ILLUMINA	Illumina HiSeq 2500	SRP438717	PRJNA973860		973860	SRS17762048	SAMN35152683	simple	318829	Pyricularia oryzae	MEC4							no					THE MAHARAJA SAYAJIRAO UNIVERSITY OF BARODA	SRA1641454		public	BB58A7A8EA1A2CA3D8940790F0C0124F	70B1D3CDE14D69A0E8E9A7D44377F887
SRR24675063	2024-04-19 04:34:41	2023-05-20 00:59:25	25119154	5023830800	25119154	200	2313		https://sra-downloadb.be-md.ncbi.nlm.nih.gov/sos8/sra-pub-zq-820/SRR024/24675/SRR24675063/SRR24675063.lite.1	SRX20454655	MEC5	WGS	size fractionation	GENOMIC	PAIRED	0	0	ILLUMINA	Illumina HiSeq 2500	SRP438717	PRJNA973860		973860	SRS17762047	SAMN35152684	simple	318829	Pyricularia oryzae	MEC5							no					THE MAHARAJA SAYAJIRAO UNIVERSITY OF BARODA	SRA1641454		public	AFE10B6546D779AD228620C41216FEA3	24AE481C8D1E5EBB077511B7CF977C73
SRR24675062	2024-04-19 04:34:40	2023-05-20 00:50:50	25172795	5034559000	25172795	200	2239		https://sra-downloadb.be-md.ncbi.nlm.nih.gov/sos8/sra-pub-zq-820/SRR024/24675/SRR24675062/SRR24675062.lite.1	SRX20454656	MEC6	WGS	size fractionation	GENOMIC	PAIRED	0	0	ILLUMINA	Illumina HiSeq 2500	SRP438717	PRJNA973860		973860	SRS17762049	SAMN35152685	simple	318829	Pyricularia oryzae	MEC6							no					THE MAHARAJA SAYAJIRAO UNIVERSITY OF BARODA	SRA1641454		public	C34BBD8B82DA527F2F72D487D4312FC1	0A4812A82FE2AEFAF3D1ABCE9ABFDBAA
SRR24675067	2024-04-19 04:34:41	2023-05-20 00:47:46	13745493	2749098600	13745493	200	1204		https://sra-downloadb.be-md.ncbi.nlm.nih.gov/sos8/sra-pub-zq-820/SRR024/24675/SRR24675067/SRR24675067.lite.1	SRX20454651	MOS1	WGS	size fractionation	GENOMIC	PAIRED	0	0	ILLUMINA	Illumina HiSeq 2500	SRP438717	PRJNA973860		973860	SRS17762044	SAMN35152672	simple	318829	Pyricularia oryzae	MOS1							no					THE MAHARAJA SAYAJIRAO UNIVERSITY OF BARODA	SRA1641454		public	19A2B44CB8A8A8E16B7C8CDA4236DBD4	1D2CDCC30AB492115A71EF78D4DA853B
SRR24675066	2024-04-19 04:34:41	2023-05-20 00:46:51	11857430	2371486000	11857430	200	1041		https://sra-downloadb.be-md.ncbi.nlm.nih.gov/sos8/sra-pub-zq-820/SRR024/24675/SRR24675066/SRR24675066.lite.1	SRX20454652	MOS2	WGS	size fractionation	GENOMIC	PAIRED	0	0	ILLUMINA	Illumina HiSeq 2500	SRP438717	PRJNA973860		973860	SRS17762045	SAMN35152673	simple	318829	Pyricularia oryzae	MOS2							no					THE MAHARAJA SAYAJIRAO UNIVERSITY OF BARODA	SRA1641454		public	3E0FDDEE328C22B2F3A839CEC7295FA4	3EE7D8FF07DE8151644E313EF585B58E
SRR24675060	2024-04-19 04:34:40	2023-05-20 00:52:45	20102877	4020575400	20102877	200	1763		https://sra-downloadb.be-md.ncbi.nlm.nih.gov/sos8/sra-pub-zq-820/SRR024/24675/SRR24675060/SRR24675060.lite.1	SRX20454658	MOS3	WGS	size fractionation	GENOMIC	PAIRED	0	0	ILLUMINA	Illumina HiSeq 2500	SRP438717	PRJNA973860		973860	SRS17762051	SAMN35152674	simple	318829	Pyricularia oryzae	MOS3							no					THE MAHARAJA SAYAJIRAO UNIVERSITY OF BARODA	SRA1641454		public	6A89B0EADEBEF469BB3A288F577E82B7	BBD43204A17171C8E18BC03625EC2518
SRR24675059	2024-04-19 04:34:40	2023-05-20 01:01:17	33345753	6669150600	33345753	200	2779		https://sra-downloadb.be-md.ncbi.nlm.nih.gov/sos8/sra-pub-zq-820/SRR024/24675/SRR24675059/SRR24675059.lite.1	SRX20454659	MOS4	WGS	size fractionation	GENOMIC	PAIRED	0	0	ILLUMINA	Illumina HiSeq 2500	SRP438717	PRJNA973860		973860	SRS17762052	SAMN35152675	simple	318829	Pyricularia oryzae	MOS4							no					THE MAHARAJA SAYAJIRAO UNIVERSITY OF BARODA	SRA1641454		public	38F5CF1AD2A44E4BBB617678DEE59F9D	ED377AF120366A18B66A731F723DDFF7
SRR24675058	2024-04-19 04:34:40	2023-05-20 00:48:47	24196135	4839227000	24196135	200	2122		https://sra-downloadb.be-md.ncbi.nlm.nih.gov/sos8/sra-pub-zq-820/SRR024/24675/SRR24675058/SRR24675058.lite.1	SRX20454660	MOS5	WGS	size fractionation	GENOMIC	PAIRED	0	0	ILLUMINA	Illumina HiSeq 2500	SRP438717	PRJNA973860		973860	SRS17762053	SAMN35152676	simple	318829	Pyricularia oryzae	MOS5							no					THE MAHARAJA SAYAJIRAO UNIVERSITY OF BARODA	SRA1641454		public	CFD00B9A083773AEAE669B04F9DF6BBB	44CD3074A8DD0C6D9FBFEC4E560ECDFE
SRR24675057	2024-04-19 04:34:40	2023-05-20 01:09:39	39184263	7836852600	39184263	200	3248		https://sra-downloadb.be-md.ncbi.nlm.nih.gov/sos8/sra-pub-zq-820/SRR024/24675/SRR24675057/SRR24675057.lite.1	SRX20454661	MOS6	WGS	size fractionation	GENOMIC	PAIRED	0	0	ILLUMINA	Illumina HiSeq 2500	SRP438717	PRJNA973860		973860	SRS17762055	SAMN35152677	simple	318829	Pyricularia oryzae	MOS6							no					THE MAHARAJA SAYAJIRAO UNIVERSITY OF BARODA	SRA1641454		public	E9A4DF3D823B89F5F6EF350DAE5A72B4	1B15E7599AE8F9AA5D6557F9953ACF25
SRR24675056	2024-04-19 04:34:40	2023-05-20 01:02:31	31725340	6345068000	31725340	200	2757		https://sra-downloadb.be-md.ncbi.nlm.nih.gov/sos8/sra-pub-zq-820/SRR024/24675/SRR24675056/SRR24675056.lite.1	SRX20454662	MSI1	WGS	size fractionation	GENOMIC	PAIRED	0	0	ILLUMINA	Illumina HiSeq 2500	SRP438717	PRJNA973860		973860	SRS17762054	SAMN35152678	simple	318829	Pyricularia oryzae	MSI1							no					THE MAHARAJA SAYAJIRAO UNIVERSITY OF BARODA	SRA1641454		public	5CDA88D55FAD6A18ED3D1027A4CFAEB0	618EE7195ED2C0A0525EB0EAD6BD5C97
SRR24675055	2024-04-19 04:34:40	2023-05-20 00:47:21	14262686	2852537200	14262686	200	1261		https://sra-downloadb.be-md.ncbi.nlm.nih.gov/sos8/sra-pub-zq-820/SRR024/24675/SRR24675055/SRR24675055.lite.1	SRX20454663	MSI2	WGS	size fractionation	GENOMIC	PAIRED	0	0	ILLUMINA	Illumina HiSeq 2500	SRP438717	PRJNA973860		973860	SRS17762056	SAMN35152679	simple	318829	Pyricularia oryzae	MSI2							no					THE MAHARAJA SAYAJIRAO UNIVERSITY OF BARODA	SRA1641454		public	834C5A40264B50669D7756B361F647F7	F82F8A492A588CB8E3F1AAE088084F90
SRR24890911	2023-06-23 22:24:10	2023-06-11 00:59:32	14811304	4443391200	14811304	300	1425		https://sra-downloadb.be-md.ncbi.nlm.nih.gov/sos8/sra-pub-zq-820/SRR024/24890/SRR24890911/SRR24890911.lite.1	SRX20653208	NGS	WGS	RANDOM	GENOMIC	PAIRED	0	0	ILLUMINA	Illumina NovaSeq 6000	SRP442678	PRJNA82693	2	82693	SRS17950947	SAMN02981399	simple	1143193	Pyricularia oryzae P131	gb|AHZT00000000.1							no					CHINA AGRICULTURAL UNIVERSITY	SRA1652842		public	F185BDBA474093F3F6B345C242B795C1	7A89EAF868ADD5172410E57887DDE83C
DRR445890	2023-03-24 13:08:59	2023-03-24 13:07:31	3718510	1710230598	3718510	459	927		https://sra-downloadb.be-md.ncbi.nlm.nih.gov/sos13/sra-pub-zq-1303/DRR000/445/DRR445890/DRR445890.lite.1	DRX430982		WGS	unspecified	GENOMIC	PAIRED	0	0	ILLUMINA	Illumina MiSeq	DRP009756	PRJDB15332		948568	DRS286191	SAMD00582190	simple	318829	Pyricularia oryzae	SAMD00582190							no					IBRC	DRA015758		public	8B508FDE171A089D50DB5CBF73163084	C09FD3E899A97B21AADE3569230E603E
DRR445891	2023-03-24 13:08:59	2023-03-24 13:03:59	3214128	1603528650	3214128	498	1003		https://sra-downloadb.be-md.ncbi.nlm.nih.gov/sos13/sra-pub-zq-1303/DRR000/445/DRR445891/DRR445891.lite.1	DRX430983		WGS	unspecified	GENOMIC	PAIRED	0	0	ILLUMINA	Illumina MiSeq	DRP009756	PRJDB15332		948568	DRS286193	SAMD00582192	simple	318829	Pyricularia oryzae	SAMD00582192							no					IBRC	DRA015758		public	2D1D7E65ECB1061936CD492E0B3823BE	8E288E6DAB86E89E75C02115EA83AB26
DRR445892	2023-03-24 13:08:59	2023-03-24 13:05:07	3516561	1754476538	3516561	498	1091		https://sra-downloadb.be-md.ncbi.nlm.nih.gov/sos13/sra-pub-zq-1303/DRR000/445/DRR445892/DRR445892.lite.1	DRX430984		WGS	unspecified	GENOMIC	PAIRED	0	0	ILLUMINA	Illumina MiSeq	DRP009756	PRJDB15332		948568	DRS286195	SAMD00582194	simple	318829	Pyricularia oryzae	SAMD00582194							no					IBRC	DRA015758		public	4A5EB9C18F700EA92549472717CD8A77	90CFF93D137763D346258476116D34D9
DRR445893	2023-03-24 13:08:59	2023-03-24 13:06:04	5499572	1649871600	5499572	300	626		https://sra-downloadb.be-md.ncbi.nlm.nih.gov/sos13/sra-pub-zq-1303/DRR000/445/DRR445893/DRR445893.lite.1	DRX430985		WGS	unspecified	GENOMIC	PAIRED	0	0	ILLUMINA	HiSeq X Ten	DRP009756	PRJDB15332		948568	DRS286201	SAMD00582200	simple	318829	Pyricularia oryzae	SAMD00582200							no					IBRC	DRA015758		public	A28A90B2E204BBD02B0BB7D3BB9FC88E	E618BFCBD41DF44E4F63983B156B055C
DRR445894	2023-03-24 13:08:59	2023-03-24 13:04:00	7766985	2330095500	7766985	300	881		https://sra-downloadb.be-md.ncbi.nlm.nih.gov/sos13/sra-pub-zq-1303/DRR000/445/DRR445894/DRR445894.lite.1	DRX430986		WGS	unspecified	GENOMIC	PAIRED	0	0	ILLUMINA	HiSeq X Ten	DRP009756	PRJDB15332		948568	DRS286202	SAMD00582201	simple	318829	Pyricularia oryzae	SAMD00582201							no					IBRC	DRA015758		public	5F3471772ED4776D96E6711220E04EF7	940D0AC311EBCC5403F28878FB5A0588
DRR445895	2023-03-24 13:08:59	2023-03-24 13:06:38	7324930	2197479000	7324930	300	825		https://sra-downloadb.be-md.ncbi.nlm.nih.gov/sos13/sra-pub-zq-1303/DRR000/445/DRR445895/DRR445895.lite.1	DRX430987		WGS	unspecified	GENOMIC	PAIRED	0	0	ILLUMINA	HiSeq X Ten	DRP009756	PRJDB15332		948568	DRS286203	SAMD00582202	simple	318829	Pyricularia oryzae	SAMD00582202							no					IBRC	DRA015758		public	656D7907F1C53F6680F4BDE9FC9AA1FD	2AB988080048504E234546461D2DC25C
DRR445896	2023-03-24 13:08:59	2023-03-24 13:07:55	3530709	1742641740	3530709	493	1073		https://sra-downloadb.be-md.ncbi.nlm.nih.gov/sos13/sra-pub-zq-1303/DRR000/445/DRR445896/DRR445896.lite.1	DRX430988		WGS	unspecified	GENOMIC	PAIRED	0	0	ILLUMINA	Illumina MiSeq	DRP009756	PRJDB15332		948568	DRS286204	SAMD00582203	simple	318829	Pyricularia oryzae	SAMD00582203							no					IBRC	DRA015758		public	E3FA0D47DAB4F4B8C91ADDB564D427B5	CD3B07C0AB39DED4CE60084D053AE415
DRR445897	2023-03-24 13:08:59	2023-03-24 13:07:15	2559851	1511287141	2559851	590	995		https://sra-downloadb.be-md.ncbi.nlm.nih.gov/sos13/sra-pub-zq-1303/DRR000/445/DRR445897/DRR445897.lite.1	DRX430989		WGS	unspecified	GENOMIC	PAIRED	0	0	ILLUMINA	Illumina MiSeq	DRP009756	PRJDB15332		948568	DRS286206	SAMD00582205	simple	318829	Pyricularia oryzae	SAMD00582205							no					IBRC	DRA015758		public	DA49B87BB6C512DDFC4C56984CA5854E	C3789AC8D23673F2B973C4E0402B4C3B
DRR445898	2023-03-24 13:08:59	2023-03-24 13:08:00	3354750	1838684694	3354750	548	1162		https://sra-downloadb.be-md.ncbi.nlm.nih.gov/sos13/sra-pub-zq-1303/DRR000/445/DRR445898/DRR445898.lite.1	DRX430990		WGS	unspecified	GENOMIC	PAIRED	0	0	ILLUMINA	Illumina MiSeq	DRP009756	PRJDB15332		948568	DRS286207	SAMD00582206	simple	318829	Pyricularia oryzae	SAMD00582206							no					IBRC	DRA015758		public	A160363071BB2F591C10BF7C49B236D9	CA3755D25BC48CDA9CD125276700024A
DRR445899	2023-03-24 13:08:59	2023-03-24 13:06:53	2419066	1421440299	2419066	587	949		https://sra-downloadb.be-md.ncbi.nlm.nih.gov/sos13/sra-pub-zq-1303/DRR000/445/DRR445899/DRR445899.lite.1	DRX430991		WGS	unspecified	GENOMIC	PAIRED	0	0	ILLUMINA	Illumina MiSeq	DRP009756	PRJDB15332		948568	DRS286208	SAMD00582207	simple	318829	Pyricularia oryzae	SAMD00582207							no					IBRC	DRA015758		public	E8B5391CE408DF03A0C8210A7B3CD766	1386CE63947C24368BFFB4D98B4FB52E
ERR10949380	2023-03-05 05:49:44	2023-03-11 05:33:22	6622291	1999931882	6622291	302	845		https://sra-downloadb.be-md.ncbi.nlm.nih.gov/sos13/sra-pub-zq-1303/ERR010/10949/ERR10949380/ERR10949380.lite.1	ERX10388192	BN0119	WGS	size fractionation	GENOMIC	PAIRED	0	0	ILLUMINA	Illumina HiSeq 3000	ERP131982	PRJEB47684		782292	ERS14697767	SAMEA112700199	simple	318829	Pyricularia oryzae	SAMEA112700199							no					INRA (INRA MONTPELLIER)	ERA20727218		public	2D5966F2D8790C6556556F3D8B2E6904	150AB846A93C85C9E25A1DC64C8AD116
ERR10949381	2023-03-04 02:47:24	2023-03-10 12:40:13	8374023	2528954946	8374023	302	1059		https://sra-downloadb.be-md.ncbi.nlm.nih.gov/sos13/sra-pub-zq-1303/ERR010/10949/ERR10949381/ERR10949381.lite.1	ERX10388193	CH0533	WGS	size fractionation	GENOMIC	PAIRED	0	0	ILLUMINA	Illumina HiSeq 3000	ERP131982	PRJEB47684		782292	ERS14697768	SAMEA112700200	simple	318829	Pyricularia oryzae	SAMEA112700200							no					INRA (INRA MONTPELLIER)	ERA20727218		public	642718E13B02251DBA908B0C3D1D07DF	3782AE0174FE26E639D3DD12031AA973
ERR10949382	2023-03-05 05:49:45	2023-03-11 05:38:23	12773549	3857611798	12773549	302	1672		https://sra-downloadb.be-md.ncbi.nlm.nih.gov/sos13/sra-pub-zq-1303/ERR010/10949/ERR10949382/ERR10949382.lite.1	ERX10388194	NP0058	WGS	size fractionation	GENOMIC	PAIRED	0	0	ILLUMINA	Illumina HiSeq 3000	ERP131982	PRJEB47684		782292	ERS14697769	SAMEA112700201	simple	318829	Pyricularia oryzae	SAMEA112700201							no					INRA (INRA MONTPELLIER)	ERA20727218		public	5FB3E5A4398D258C92ABF99166BD155C	241CD5923F2B3AF65B65F24BB4C8DDE1
ERR10949383	2023-03-08 09:37:45	2023-03-10 22:27:07	14702538	4440166476	14702538	302	1971		https://sra-downloadb.be-md.ncbi.nlm.nih.gov/sos13/sra-pub-zq-1303/ERR010/10949/ERR10949383/ERR10949383.lite.1	ERX10388195	TN0065	WGS	size fractionation	GENOMIC	PAIRED	0	0	ILLUMINA	Illumina HiSeq 3000	ERP131982	PRJEB47684		782292	ERS14697770	SAMEA112700202	simple	318829	Pyricularia oryzae	SAMEA112700202							no					INRA (INRA MONTPELLIER)	ERA20727218		public	46908C350E7D609B594F5F84AF62AA2F	90B96B6CF423686B5D39355EC6485933
SRR23973583	2026-04-02 00:01:12	2023-03-26 19:51:26	7156374	2146912200	7156374	300	700		https://sra-downloadb.be-md.ncbi.nlm.nih.gov/sos10/sra-pub-zq-1002/SRR023/23973/SRR23973583/SRR23973583.lite.1	SRX19778079	JD22S1	WGS	RANDOM	GENOMIC	PAIRED	0	0	ILLUMINA	Illumina NovaSeq 6000	SRP429372	PRJNA948861		948861	SRS17141847	SAMN33921583	simple	318829	Pyricularia oryzae	JD22S1							no					YUNNAN AGRICULTURAL UNIVERSITY	SRA1610916		public	D616695CD1034D6E5F1982DA7FF9FC2E	A32C51641E7755339C50E38E4C5218C9
SRR23973582	2026-04-02 00:01:12	2023-03-26 19:49:52	6665356	1999606800	6665356	300	657		https://sra-downloadb.be-md.ncbi.nlm.nih.gov/sos10/sra-pub-zq-1002/SRR023/23973/SRR23973582/SRR23973582.lite.1	SRX19778080	JD22S2	WGS	RANDOM	GENOMIC	PAIRED	0	0	ILLUMINA	Illumina NovaSeq 6000	SRP429372	PRJNA948861		948861	SRS17141848	SAMN33921584	simple	318829	Pyricularia oryzae	JD22S2							no					YUNNAN AGRICULTURAL UNIVERSITY	SRA1610916		public	7684C45618D8B456FD58FF6C0C95E1B3	3367D97B429F98A075A13F05AE04C17C
SRR23973576	2026-04-02 00:01:13	2023-03-26 19:49:47	7458655	2237596500	7458655	300	727		https://sra-downloadb.be-md.ncbi.nlm.nih.gov/sos10/sra-pub-zq-1002/SRR023/23973/SRR23973576/SRR23973576.lite.1	SRX19778086	LC22C1	WGS	RANDOM	GENOMIC	PAIRED	0	0	ILLUMINA	Illumina NovaSeq 6000	SRP429372	PRJNA948861		948861	SRS17141854	SAMN33921585	simple	318829	Pyricularia oryzae	LC22C1							no					YUNNAN AGRICULTURAL UNIVERSITY	SRA1610916		public	72B9AF4E8C5AE06BC4950A24A234069F	FB4DC3D6DCEBBBDDA3D059F3EB1B1707
SRR23973575	2026-04-02 00:01:13	2023-03-26 19:52:33	9891158	2967347400	9891158	300	969		https://sra-downloadb.be-md.ncbi.nlm.nih.gov/sos10/sra-pub-zq-1002/SRR023/23973/SRR23973575/SRR23973575.lite.1	SRX19778087	LC22C2	WGS	RANDOM	GENOMIC	PAIRED	0	0	ILLUMINA	Illumina NovaSeq 6000	SRP429372	PRJNA948861		948861	SRS17141855	SAMN33921586	simple	318829	Pyricularia oryzae	LC22C2							no					YUNNAN AGRICULTURAL UNIVERSITY	SRA1610916		public	2378985A22D1BAC58E1ED13E3676A225	F87E05461E96FC04D23E086762E7F150
SRR23973574	2026-04-02 00:01:13	2023-03-26 19:49:54	7350631	2205189300	7350631	300	723		https://sra-downloadb.be-md.ncbi.nlm.nih.gov/sos10/sra-pub-zq-1002/SRR023/23973/SRR23973574/SRR23973574.lite.1	SRX19778088	LC22H1	WGS	RANDOM	GENOMIC	PAIRED	0	0	ILLUMINA	Illumina NovaSeq 6000	SRP429372	PRJNA948861		948861	SRS17141857	SAMN33921587	simple	318829	Pyricularia oryzae	LC22H1							no					YUNNAN AGRICULTURAL UNIVERSITY	SRA1610916		public	B5446BB3CA6A853B22DC65C71885332F	FF2050D0911DC45A4EE4497D0A9D015C
SRR23973573	2026-04-02 00:01:13	2023-03-26 19:50:26	7124061	2137218300	7124061	300	700		https://sra-downloadb.be-md.ncbi.nlm.nih.gov/sos10/sra-pub-zq-1002/SRR023/23973/SRR23973573/SRR23973573.lite.1	SRX19778089	LC22H2	WGS	RANDOM	GENOMIC	PAIRED	0	0	ILLUMINA	Illumina NovaSeq 6000	SRP429372	PRJNA948861		948861	SRS17141856	SAMN33921588	simple	318829	Pyricularia oryzae	LC22H2							no					YUNNAN AGRICULTURAL UNIVERSITY	SRA1610916		public	7FA8D61D27ABEBBA78ADA3A3AED1BE26	1E8A78794936E71432561CF993A92DB6
SRR23973572	2026-04-02 00:01:13	2023-03-26 19:50:29	7937535	2381260500	7937535	300	778		https://sra-downloadb.be-md.ncbi.nlm.nih.gov/sos10/sra-pub-zq-1002/SRR023/23973/SRR23973572/SRR23973572.lite.1	SRX19778090	LX22H3	WGS	RANDOM	GENOMIC	PAIRED	0	0	ILLUMINA	Illumina NovaSeq 6000	SRP429372	PRJNA948861		948861	SRS17141858	SAMN33921589	simple	318829	Pyricularia oryzae	LX22H3							no					YUNNAN AGRICULTURAL UNIVERSITY	SRA1610916		public	CE2E7A1B034D93E543B28C7AACD0C88A	BCB370592CC00D4F0B8C5CD1E2643A61
SRR23973571	2026-04-02 00:01:13	2023-03-26 19:58:16	10488304	3146491200	10488304	300	1022		https://sra-downloadb.be-md.ncbi.nlm.nih.gov/sos10/sra-pub-zq-1002/SRR023/23973/SRR23973571/SRR23973571.lite.1	SRX19778091	LX22S1	WGS	RANDOM	GENOMIC	PAIRED	0	0	ILLUMINA	Illumina NovaSeq 6000	SRP429372	PRJNA948861		948861	SRS17141860	SAMN33921590	simple	318829	Pyricularia oryzae	LX22S1							no					YUNNAN AGRICULTURAL UNIVERSITY	SRA1610916		public	4851CA7EEA6E12E67AF7F63DF8D1C0FA	C7C8FCD249D79C6B184E9DE289E382E7
SRR23973570	2026-04-02 00:01:13	2023-03-26 19:49:27	6996466	2098939800	6996466	300	700		https://sra-downloadb.be-md.ncbi.nlm.nih.gov/sos10/sra-pub-zq-1002/SRR023/23973/SRR23973570/SRR23973570.lite.1	SRX19778092	LX22S2	WGS	RANDOM	GENOMIC	PAIRED	0	0	ILLUMINA	Illumina NovaSeq 6000	SRP429372	PRJNA948861		948861	SRS17141859	SAMN33921591	simple	318829	Pyricularia oryzae	LX22S2							no					YUNNAN AGRICULTURAL UNIVERSITY	SRA1610916		public	F7AB8E5D84F0801B9A5D5AB47F30C3A2	63727A4A3455DB6DFA039C20E5A0554F
SRR23973569	2026-04-02 00:01:13	2023-03-26 19:50:14	7581205	2274361500	7581205	300	721		https://sra-downloadb.be-md.ncbi.nlm.nih.gov/sos10/sra-pub-zq-1002/SRR023/23973/SRR23973569/SRR23973569.lite.1	SRX19778093	YL22H2	WGS	RANDOM	GENOMIC	PAIRED	0	0	ILLUMINA	Illumina NovaSeq 6000	SRP429372	PRJNA948861		948861	SRS17141861	SAMN33921592	simple	318829	Pyricularia oryzae	YL22H2							no					YUNNAN AGRICULTURAL UNIVERSITY	SRA1610916		public	0ABDB8B6DB9B8689DD5EEED59D4F0216	CC6A09FB3E392889311F4B85F208B8D8
SRR23973581	2026-04-02 00:01:12	2023-03-26 19:51:37	10264773	3079431900	10264773	300	993		https://sra-downloadb.be-md.ncbi.nlm.nih.gov/sos10/sra-pub-zq-1002/SRR023/23973/SRR23973581/SRR23973581.lite.1	SRX19778081	YL22H5	WGS	RANDOM	GENOMIC	PAIRED	0	0	ILLUMINA	Illumina NovaSeq 6000	SRP429372	PRJNA948861		948861	SRS17141850	SAMN33921593	simple	318829	Pyricularia oryzae	YL22H5							no					YUNNAN AGRICULTURAL UNIVERSITY	SRA1610916		public	CF55FC2D26B6C3AA7D0241D2FAC54584	C062566F84D5324D0D8B36CAAE4ED2F7
SRR23973578	2026-04-02 00:01:12	2023-03-26 19:51:45	10383449	3115034700	10383449	300	1006		https://sra-downloadb.be-md.ncbi.nlm.nih.gov/sos10/sra-pub-zq-1002/SRR023/23973/SRR23973578/SRR23973578.lite.1	SRX19778084	YL22M1	WGS	RANDOM	GENOMIC	PAIRED	0	0	ILLUMINA	Illumina NovaSeq 6000	SRP429372	PRJNA948861		948861	SRS17141852	SAMN33921596	simple	318829	Pyricularia oryzae	YL22M1							no					YUNNAN AGRICULTURAL UNIVERSITY	SRA1610916		public	C1B2FEB14302756FFBD0E95E9109602F	37B36483A8A03AFF9A634035BA84C3AD
SRR23973577	2026-04-02 00:01:12	2023-03-26 19:50:47	8122097	2436629100	8122097	300	793		https://sra-downloadb.be-md.ncbi.nlm.nih.gov/sos10/sra-pub-zq-1002/SRR023/23973/SRR23973577/SRR23973577.lite.1	SRX19778085	YL22M2	WGS	RANDOM	GENOMIC	PAIRED	0	0	ILLUMINA	Illumina NovaSeq 6000	SRP429372	PRJNA948861		948861	SRS17141853	SAMN33921597	simple	318829	Pyricularia oryzae	YL22M2							no					YUNNAN AGRICULTURAL UNIVERSITY	SRA1610916		public	9B9A520F04DAB80F1E865852FB02625B	2B6704EE2D4DED54F4CAE741A5A198BA
SRR23973580	2026-04-02 00:01:12	2023-03-26 19:51:39	10265132	3079539600	10265132	300	1002		https://sra-downloadb.be-md.ncbi.nlm.nih.gov/sos10/sra-pub-zq-1002/SRR023/23973/SRR23973580/SRR23973580.lite.1	SRX19778082	YL22S1	WGS	RANDOM	GENOMIC	PAIRED	0	0	ILLUMINA	Illumina NovaSeq 6000	SRP429372	PRJNA948861		948861	SRS17141849	SAMN33921594	simple	318829	Pyricularia oryzae	YL22S1							no					YUNNAN AGRICULTURAL UNIVERSITY	SRA1610916		public	1BD99BE0016971E49A92EFEC830F65D9	92030FD66080BE2362B44679B7F6859B
SRR23973579	2026-04-02 00:01:12	2023-03-26 19:49:39	6752755	2025826500	6752755	300	661		https://sra-downloadb.be-md.ncbi.nlm.nih.gov/sos10/sra-pub-zq-1002/SRR023/23973/SRR23973579/SRR23973579.lite.1	SRX19778083	YL22S2	WGS	RANDOM	GENOMIC	PAIRED	0	0	ILLUMINA	Illumina NovaSeq 6000	SRP429372	PRJNA948861		948861	SRS17141851	SAMN33921595	simple	318829	Pyricularia oryzae	YL22S2							no					YUNNAN AGRICULTURAL UNIVERSITY	SRA1610916		public	AA2A88C21496ABCB4E37A21DD6B79346	F29FB84D6C11A8CB7B35DBF9129B116D
ERR9980882	2023-01-22 00:09:05	2023-08-01 05:30:39	8884651	2683164602	8884651	302	1093		https://sra-downloadb.be-md.ncbi.nlm.nih.gov/sos13/sra-pub-zq-1305/ERR009/9980/ERR9980882/ERR9980882.lite.1	ERX9521843	lib_CH1889	WGS	unspecified	GENOMIC	PAIRED	0	0	ILLUMINA	Illumina HiSeq 2500	ERP139749	PRJEB54887		926085	ERS12496667	SAMEA110398472	simple	318829	Pyricularia oryzae	SAMEA110398472							no					PLANT HEALTH INSTITUTE OF MONTPELLIER	ERA16487761		public	ABD32A64629E84026553EE3D473C7D80	55C4362E48FB973C90C557CCA33F1B49
ERR9980883	2023-01-22 00:09:05	2023-08-01 05:32:00	10281195	3104920890	10281195	302	1269		https://sra-downloadb.be-md.ncbi.nlm.nih.gov/sos13/sra-pub-zq-1305/ERR009/9980/ERR9980883/ERR9980883.lite.1	ERX9521844	lib_CH1857	WGS	unspecified	GENOMIC	PAIRED	0	0	ILLUMINA	Illumina HiSeq 2500	ERP139749	PRJEB54887		926085	ERS12496668	SAMEA110398473	simple	318829	Pyricularia oryzae	SAMEA110398473							no					PLANT HEALTH INSTITUTE OF MONTPELLIER	ERA16487761		public	95E155C683E42DD96DCAC5BC8B8FD683	7DBA13B1FAC9D50134471FAF0AAC436F
ERR9980884	2023-01-22 00:09:05	2023-08-01 05:31:26	9263699	2797637098	9263699	302	1148		https://sra-downloadb.be-md.ncbi.nlm.nih.gov/sos13/sra-pub-zq-1305/ERR009/9980/ERR9980884/ERR9980884.lite.1	ERX9521845	lib_CH1858	WGS	unspecified	GENOMIC	PAIRED	0	0	ILLUMINA	Illumina HiSeq 2500	ERP139749	PRJEB54887		926085	ERS12496669	SAMEA110398474	simple	318829	Pyricularia oryzae	SAMEA110398474							no					PLANT HEALTH INSTITUTE OF MONTPELLIER	ERA16487761		public	60F90872E8262E338F419C104BD1CBFF	149A44E2240AFA1F65357A59861F1A6D
ERR9980885	2023-01-22 00:09:05	2023-08-01 05:29:24	9273195	2800504890	9273195	302	1146		https://sra-downloadb.be-md.ncbi.nlm.nih.gov/sos13/sra-pub-zq-1305/ERR009/9980/ERR9980885/ERR9980885.lite.1	ERX9521846	lib_CH1862	WGS	unspecified	GENOMIC	PAIRED	0	0	ILLUMINA	Illumina HiSeq 2500	ERP139749	PRJEB54887		926085	ERS12496670	SAMEA110398475	simple	318829	Pyricularia oryzae	SAMEA110398475							no					PLANT HEALTH INSTITUTE OF MONTPELLIER	ERA16487761		public	5DE5D837CB7535E62BB64B26AF0BC50B	E6761142E42C4416FF451D66F90876CD
ERR9980886	2023-01-22 00:09:05	2023-08-01 05:30:22	9361607	2827205314	9361607	302	1152		https://sra-downloadb.be-md.ncbi.nlm.nih.gov/sos13/sra-pub-zq-1305/ERR009/9980/ERR9980886/ERR9980886.lite.1	ERX9521847	lib_CH1863	WGS	unspecified	GENOMIC	PAIRED	0	0	ILLUMINA	Illumina HiSeq 2500	ERP139749	PRJEB54887		926085	ERS12496671	SAMEA110398476	simple	318829	Pyricularia oryzae	SAMEA110398476							no					PLANT HEALTH INSTITUTE OF MONTPELLIER	ERA16487761		public	812BE68C90932DA21DA64F9C73BB13D8	DBDCB30D16D78BE1FF2EC3E8BAC01643
ERR9980887	2023-01-22 00:09:05	2023-08-01 05:30:17	7099501	2144049302	7099501	302	884		https://sra-downloadb.be-md.ncbi.nlm.nih.gov/sos13/sra-pub-zq-1305/ERR009/9980/ERR9980887/ERR9980887.lite.1	ERX9521848	lib_CH1865	WGS	unspecified	GENOMIC	PAIRED	0	0	ILLUMINA	Illumina HiSeq 2500	ERP139749	PRJEB54887		926085	ERS12496672	SAMEA110398477	simple	318829	Pyricularia oryzae	SAMEA110398477							no					PLANT HEALTH INSTITUTE OF MONTPELLIER	ERA16487761		public	A8C264F6468C46B3812F51D7C9D50483	9F243F27797C00A63D28EC0D81BA2B4D
ERR9980888	2023-01-22 00:09:05	2023-08-01 05:30:23	8054092	2432335784	8054092	302	993		https://sra-downloadb.be-md.ncbi.nlm.nih.gov/sos13/sra-pub-zq-1305/ERR009/9980/ERR9980888/ERR9980888.lite.1	ERX9521849	lib_CH1866	WGS	unspecified	GENOMIC	PAIRED	0	0	ILLUMINA	Illumina HiSeq 2500	ERP139749	PRJEB54887		926085	ERS12496673	SAMEA110398478	simple	318829	Pyricularia oryzae	SAMEA110398478							no					PLANT HEALTH INSTITUTE OF MONTPELLIER	ERA16487761		public	72B6A32DCB181BFB8C3C171C8B717805	952F37EF7A4A521D48CB08DACB680845
ERR9980889	2023-01-22 00:09:05	2023-08-01 05:32:02	8450150	2551945300	8450150	302	1038		https://sra-downloadb.be-md.ncbi.nlm.nih.gov/sos13/sra-pub-zq-1305/ERR009/9980/ERR9980889/ERR9980889.lite.1	ERX9521850	lib_CH1871	WGS	unspecified	GENOMIC	PAIRED	0	0	ILLUMINA	Illumina HiSeq 2500	ERP139749	PRJEB54887		926085	ERS12496674	SAMEA110398479	simple	318829	Pyricularia oryzae	SAMEA110398479							no					PLANT HEALTH INSTITUTE OF MONTPELLIER	ERA16487761		public	0E6B69A81E49CB040E84CC29F05877E8	98ECA077C35EF0E215B877B5EF0B53FF
ERR9980890	2023-01-22 00:09:05	2023-08-01 05:31:36	8587647	2593469394	8587647	302	1058		https://sra-downloadb.be-md.ncbi.nlm.nih.gov/sos13/sra-pub-zq-1305/ERR009/9980/ERR9980890/ERR9980890.lite.1	ERX9521851	lib_CH1873	WGS	unspecified	GENOMIC	PAIRED	0	0	ILLUMINA	Illumina HiSeq 2500	ERP139749	PRJEB54887		926085	ERS12496675	SAMEA110398480	simple	318829	Pyricularia oryzae	SAMEA110398480							no					PLANT HEALTH INSTITUTE OF MONTPELLIER	ERA16487761		public	34CCFC34E22895E623F83702F74E3364	9A07CA034CB923C9AB64482416D7C4C3
ERR9980891	2023-01-22 00:09:05	2023-08-01 05:31:42	8617513	2602488926	8617513	302	1063		https://sra-downloadb.be-md.ncbi.nlm.nih.gov/sos13/sra-pub-zq-1305/ERR009/9980/ERR9980891/ERR9980891.lite.1	ERX9521852	lib_CH1876	WGS	unspecified	GENOMIC	PAIRED	0	0	ILLUMINA	Illumina HiSeq 2500	ERP139749	PRJEB54887		926085	ERS12496676	SAMEA110398481	simple	318829	Pyricularia oryzae	SAMEA110398481							no					PLANT HEALTH INSTITUTE OF MONTPELLIER	ERA16487761		public	2AC92798E5ED110A6E285E271D419B6D	4DE0FAD7F8208DECCA76270D97B60D32
ERR9980892	2023-01-22 00:09:05	2023-08-01 05:32:21	8722222	2634111044	8722222	302	1077		https://sra-downloadb.be-md.ncbi.nlm.nih.gov/sos13/sra-pub-zq-1305/ERR009/9980/ERR9980892/ERR9980892.lite.1	ERX9521853	lib_CH1878	WGS	unspecified	GENOMIC	PAIRED	0	0	ILLUMINA	Illumina HiSeq 2500	ERP139749	PRJEB54887		926085	ERS12496677	SAMEA110398482	simple	318829	Pyricularia oryzae	SAMEA110398482							no					PLANT HEALTH INSTITUTE OF MONTPELLIER	ERA16487761		public	D121976983D8550EEFD9EE61F44B7A58	89B10DA01B210F1E028FC0834E846ECA
ERR9980893	2023-01-22 00:09:05	2023-08-01 05:30:47	6901801	2084343902	6901801	302	852		https://sra-downloadb.be-md.ncbi.nlm.nih.gov/sos13/sra-pub-zq-1305/ERR009/9980/ERR9980893/ERR9980893.lite.1	ERX9521854	lib_CH1879	WGS	unspecified	GENOMIC	PAIRED	0	0	ILLUMINA	Illumina HiSeq 2500	ERP139749	PRJEB54887		926085	ERS12496678	SAMEA110398483	simple	318829	Pyricularia oryzae	SAMEA110398483							no					PLANT HEALTH INSTITUTE OF MONTPELLIER	ERA16487761		public	9A7C984C97BABE4D2CF042CB3F297C96	C2C301DE107608CE6A16C16F7B954CD2
ERR9980894	2023-01-22 00:09:05	2023-08-01 05:32:09	9089678	2745082756	9089678	302	1128		https://sra-downloadb.be-md.ncbi.nlm.nih.gov/sos13/sra-pub-zq-1305/ERR009/9980/ERR9980894/ERR9980894.lite.1	ERX9521855	lib_CH1883	WGS	unspecified	GENOMIC	PAIRED	0	0	ILLUMINA	Illumina HiSeq 2500	ERP139749	PRJEB54887		926085	ERS12496679	SAMEA110398484	simple	318829	Pyricularia oryzae	SAMEA110398484							no					PLANT HEALTH INSTITUTE OF MONTPELLIER	ERA16487761		public	7349DE590D84684585E60B2E66682A00	6ED5142D62809A8C9E1F0D22B09F8813
ERR9980895	2023-01-22 00:09:05	2023-08-01 05:32:03	9260343	2796623586	9260343	302	1142		https://sra-downloadb.be-md.ncbi.nlm.nih.gov/sos13/sra-pub-zq-1305/ERR009/9980/ERR9980895/ERR9980895.lite.1	ERX9521856	lib_CH1884	WGS	unspecified	GENOMIC	PAIRED	0	0	ILLUMINA	Illumina HiSeq 2500	ERP139749	PRJEB54887		926085	ERS12496680	SAMEA110398485	simple	318829	Pyricularia oryzae	SAMEA110398485							no					PLANT HEALTH INSTITUTE OF MONTPELLIER	ERA16487761		public	CE89177CCD9DA38EF7DF311B46F38F30	322414F74C3CB83F2ED0DB2316C9D940
ERR9980896	2023-01-22 00:09:05	2023-08-01 05:31:24	7420876	2241104552	7420876	302	916		https://sra-downloadb.be-md.ncbi.nlm.nih.gov/sos13/sra-pub-zq-1305/ERR009/9980/ERR9980896/ERR9980896.lite.1	ERX9521857	lib_CH1886	WGS	unspecified	GENOMIC	PAIRED	0	0	ILLUMINA	Illumina HiSeq 2500	ERP139749	PRJEB54887		926085	ERS12496681	SAMEA110398486	simple	318829	Pyricularia oryzae	SAMEA110398486							no					PLANT HEALTH INSTITUTE OF MONTPELLIER	ERA16487761		public	6DA5CCA05EE9026071B5CAD9C7A023A4	1E31D94A21372AEB01B87729AB8E715E
ERR9980897	2023-01-22 00:09:05	2023-08-01 05:31:00	7155419	2160936538	7155419	302	889		https://sra-downloadb.be-md.ncbi.nlm.nih.gov/sos13/sra-pub-zq-1305/ERR009/9980/ERR9980897/ERR9980897.lite.1	ERX9521858	lib_CH1887	WGS	unspecified	GENOMIC	PAIRED	0	0	ILLUMINA	Illumina HiSeq 2500	ERP139749	PRJEB54887		926085	ERS12496682	SAMEA110398487	simple	318829	Pyricularia oryzae	SAMEA110398487							no					PLANT HEALTH INSTITUTE OF MONTPELLIER	ERA16487761		public	0F2576291594982BC6CFF4983638BE46	B11442AEC11BDADDFF2A45F7EA907FFD
ERR9980898	2023-01-22 00:09:05	2023-08-01 05:33:02	9164936	2767810672	9164936	302	1129		https://sra-downloadb.be-md.ncbi.nlm.nih.gov/sos13/sra-pub-zq-1305/ERR009/9980/ERR9980898/ERR9980898.lite.1	ERX9521859	lib_CH1891	WGS	unspecified	GENOMIC	PAIRED	0	0	ILLUMINA	Illumina HiSeq 2500	ERP139749	PRJEB54887		926085	ERS12496683	SAMEA110398488	simple	318829	Pyricularia oryzae	SAMEA110398488							no					PLANT HEALTH INSTITUTE OF MONTPELLIER	ERA16487761		public	0439CBCC451F3EF8026112E1E5CDBFEA	517037229CF118BAA1D7859C753557B0
ERR9980899	2023-01-22 00:09:05	2023-08-01 05:32:32	7836176	2366525152	7836176	302	968		https://sra-downloadb.be-md.ncbi.nlm.nih.gov/sos13/sra-pub-zq-1305/ERR009/9980/ERR9980899/ERR9980899.lite.1	ERX9521860	lib_CH1895	WGS	unspecified	GENOMIC	PAIRED	0	0	ILLUMINA	Illumina HiSeq 2500	ERP139749	PRJEB54887		926085	ERS12496684	SAMEA110398489	simple	318829	Pyricularia oryzae	SAMEA110398489							no					PLANT HEALTH INSTITUTE OF MONTPELLIER	ERA16487761		public	6EB45ACBE226320EAAA84B8829302823	358D284C9F9BEDA79EE667CAA8EEFECD
ERR9980900	2023-01-22 00:09:05	2023-08-01 05:31:48	8615460	2601868920	8615460	302	1064		https://sra-downloadb.be-md.ncbi.nlm.nih.gov/sos13/sra-pub-zq-1305/ERR009/9980/ERR9980900/ERR9980900.lite.1	ERX9521861	lib_CH1896	WGS	unspecified	GENOMIC	PAIRED	0	0	ILLUMINA	Illumina HiSeq 2500	ERP139749	PRJEB54887		926085	ERS12496685	SAMEA110398490	simple	318829	Pyricularia oryzae	SAMEA110398490							no					PLANT HEALTH INSTITUTE OF MONTPELLIER	ERA16487761		public	FD60CA6658F61811D012345E527509A6	5F6B0E114F405CEC2083001E064799E1
ERR9980901	2023-01-22 00:09:05	2023-08-01 05:32:20	9419207	2844600514	9419207	302	1175		https://sra-downloadb.be-md.ncbi.nlm.nih.gov/sos13/sra-pub-zq-1305/ERR009/9980/ERR9980901/ERR9980901.lite.1	ERX9521862	lib_CH1901	WGS	unspecified	GENOMIC	PAIRED	0	0	ILLUMINA	Illumina HiSeq 2500	ERP139749	PRJEB54887		926085	ERS12496686	SAMEA110398491	simple	318829	Pyricularia oryzae	SAMEA110398491							no					PLANT HEALTH INSTITUTE OF MONTPELLIER	ERA16487761		public	F416E69B410BD3C800DA225A8BE34BA4	C3F809F40EEB0322367D178C2C947DFC
ERR9980902	2023-01-22 00:09:05	2023-08-01 05:31:49	8449989	2551896678	8449989	302	1040		https://sra-downloadb.be-md.ncbi.nlm.nih.gov/sos13/sra-pub-zq-1305/ERR009/9980/ERR9980902/ERR9980902.lite.1	ERX9521863	lib_CH1902	WGS	unspecified	GENOMIC	PAIRED	0	0	ILLUMINA	Illumina HiSeq 2500	ERP139749	PRJEB54887		926085	ERS12496687	SAMEA110398492	simple	318829	Pyricularia oryzae	SAMEA110398492							no					PLANT HEALTH INSTITUTE OF MONTPELLIER	ERA16487761		public	13001B8859180D10405793CC023C9735	3BF9C212985549349682DF57F7CB1E11
ERR9980903	2023-01-22 00:09:05	2023-08-01 05:31:03	6926859	2091911418	6926859	302	859		https://sra-downloadb.be-md.ncbi.nlm.nih.gov/sos13/sra-pub-zq-1305/ERR009/9980/ERR9980903/ERR9980903.lite.1	ERX9521864	lib_CH1903	WGS	unspecified	GENOMIC	PAIRED	0	0	ILLUMINA	Illumina HiSeq 2500	ERP139749	PRJEB54887		926085	ERS12496688	SAMEA110398493	simple	318829	Pyricularia oryzae	SAMEA110398493							no					PLANT HEALTH INSTITUTE OF MONTPELLIER	ERA16487761		public	7D57557A87B726B9B87757EE2DD2E795	F82FD9C8F103EC2ACE9E9D5C2A3A71CC
ERR9980904	2023-01-22 00:09:05	2023-08-01 05:31:08	7354876	2221172552	7354876	302	911		https://sra-downloadb.be-md.ncbi.nlm.nih.gov/sos13/sra-pub-zq-1305/ERR009/9980/ERR9980904/ERR9980904.lite.1	ERX9521865	lib_CH1904	WGS	unspecified	GENOMIC	PAIRED	0	0	ILLUMINA	Illumina HiSeq 2500	ERP139749	PRJEB54887		926085	ERS12496689	SAMEA110398494	simple	318829	Pyricularia oryzae	SAMEA110398494							no					PLANT HEALTH INSTITUTE OF MONTPELLIER	ERA16487761		public	588A247D4461DE81D50473B254F1B083	4A67AEB9AF8B875DA32922766298FC3F
ERR9980905	2023-01-22 00:09:05	2023-08-01 05:32:11	8663978	2616521356	8663978	302	1054		https://sra-downloadb.be-md.ncbi.nlm.nih.gov/sos13/sra-pub-zq-1305/ERR009/9980/ERR9980905/ERR9980905.lite.1	ERX9521866	lib_CH1905	WGS	unspecified	GENOMIC	PAIRED	0	0	ILLUMINA	Illumina HiSeq 2500	ERP139749	PRJEB54887		926085	ERS12496690	SAMEA110398495	simple	318829	Pyricularia oryzae	SAMEA110398495							no					PLANT HEALTH INSTITUTE OF MONTPELLIER	ERA16487761		public	37C5570631EB663E1D546A1BFBD1B488	CC402436EA9607EFC1E5BE7BB0547D28
ERR9980906	2023-01-22 00:09:05	2023-08-01 05:34:00	10042020	3032690040	10042020	302	1228		https://sra-downloadb.be-md.ncbi.nlm.nih.gov/sos13/sra-pub-zq-1305/ERR009/9980/ERR9980906/ERR9980906.lite.1	ERX9521867	lib_CH1906	WGS	unspecified	GENOMIC	PAIRED	0	0	ILLUMINA	Illumina HiSeq 2500	ERP139749	PRJEB54887		926085	ERS12496691	SAMEA110398496	simple	318829	Pyricularia oryzae	SAMEA110398496							no					PLANT HEALTH INSTITUTE OF MONTPELLIER	ERA16487761		public	177887FDA22DD105699D047C9FCFCA32	E492DCF02A6092789C90AC8DD4FB248D
ERR9980907	2023-01-22 00:09:05	2023-08-01 05:32:06	9067909	2738508518	9067909	302	1112		https://sra-downloadb.be-md.ncbi.nlm.nih.gov/sos13/sra-pub-zq-1305/ERR009/9980/ERR9980907/ERR9980907.lite.1	ERX9521868	lib_CH1907	WGS	unspecified	GENOMIC	PAIRED	0	0	ILLUMINA	Illumina HiSeq 2500	ERP139749	PRJEB54887		926085	ERS12496692	SAMEA110398497	simple	318829	Pyricularia oryzae	SAMEA110398497							no					PLANT HEALTH INSTITUTE OF MONTPELLIER	ERA16487761		public	8E159DA935F5E9726545CAAEB184B680	462D3D986865C8868B92FDB5313723BC
ERR9980908	2023-01-22 00:09:05	2023-08-01 05:32:31	9293294	2806574788	9293294	302	1153		https://sra-downloadb.be-md.ncbi.nlm.nih.gov/sos13/sra-pub-zq-1305/ERR009/9980/ERR9980908/ERR9980908.lite.1	ERX9521869	lib_CH1910	WGS	unspecified	GENOMIC	PAIRED	0	0	ILLUMINA	Illumina HiSeq 2500	ERP139749	PRJEB54887		926085	ERS12496693	SAMEA110398498	simple	318829	Pyricularia oryzae	SAMEA110398498							no					PLANT HEALTH INSTITUTE OF MONTPELLIER	ERA16487761		public	3F9C1E0DB2E3761644971D9D8E9592D7	268D15147B098247B592A3A6EA250367
ERR9980909	2023-01-22 00:09:05	2023-08-01 05:31:37	9448657	2853494414	9448657	302	1180		https://sra-downloadb.be-md.ncbi.nlm.nih.gov/sos13/sra-pub-zq-1305/ERR009/9980/ERR9980909/ERR9980909.lite.1	ERX9521870	lib_CH1911	WGS	unspecified	GENOMIC	PAIRED	0	0	ILLUMINA	Illumina HiSeq 2500	ERP139749	PRJEB54887		926085	ERS12496694	SAMEA110398499	simple	318829	Pyricularia oryzae	SAMEA110398499							no					PLANT HEALTH INSTITUTE OF MONTPELLIER	ERA16487761		public	4AAADDBC5FA1998247A8F8EB695F93BB	1EEA5B800ABF77A0D5542FCDD619BD1B
ERR9980910	2023-01-22 00:09:05	2023-08-01 05:31:33	9224825	2785897150	9224825	302	1126		https://sra-downloadb.be-md.ncbi.nlm.nih.gov/sos13/sra-pub-zq-1305/ERR009/9980/ERR9980910/ERR9980910.lite.1	ERX9521871	lib_CH1913	WGS	unspecified	GENOMIC	PAIRED	0	0	ILLUMINA	Illumina HiSeq 2500	ERP139749	PRJEB54887		926085	ERS12496695	SAMEA110398500	simple	318829	Pyricularia oryzae	SAMEA110398500							no					PLANT HEALTH INSTITUTE OF MONTPELLIER	ERA16487761		public	AB158AFA51B17A89287D75D106E6342A	B78BE17566F7A604F9FDB4422318373E
ERR9980911	2023-01-22 00:09:05	2023-08-01 05:31:55	10367274	3130916748	10367274	302	1266		https://sra-downloadb.be-md.ncbi.nlm.nih.gov/sos13/sra-pub-zq-1305/ERR009/9980/ERR9980911/ERR9980911.lite.1	ERX9521872	lib_CH1915	WGS	unspecified	GENOMIC	PAIRED	0	0	ILLUMINA	Illumina HiSeq 2500	ERP139749	PRJEB54887		926085	ERS12496696	SAMEA110398501	simple	318829	Pyricularia oryzae	SAMEA110398501							no					PLANT HEALTH INSTITUTE OF MONTPELLIER	ERA16487761		public	FF154E710D15578B6C385ACDE7D0885E	32E053173DD62E81FC59C776BEF1BEEA
ERR9980912	2023-01-22 00:09:05	2023-08-01 05:31:50	9362728	2827543856	9362728	302	1160		https://sra-downloadb.be-md.ncbi.nlm.nih.gov/sos13/sra-pub-zq-1305/ERR009/9980/ERR9980912/ERR9980912.lite.1	ERX9521873	lib_CH1859	WGS	unspecified	GENOMIC	PAIRED	0	0	ILLUMINA	Illumina HiSeq 2500	ERP139749	PRJEB54887		926085	ERS12496697	SAMEA110398502	simple	318829	Pyricularia oryzae	SAMEA110398502							no					PLANT HEALTH INSTITUTE OF MONTPELLIER	ERA16487761		public	882C44D576E1D8F79DFBCA725C7F4B6E	F568024A08FDB7A99BB394DE003E59FF
ERR9980913	2023-01-22 00:09:05	2023-08-01 05:31:43	8867048	2677848496	8867048	302	1087		https://sra-downloadb.be-md.ncbi.nlm.nih.gov/sos13/sra-pub-zq-1305/ERR009/9980/ERR9980913/ERR9980913.lite.1	ERX9521874	lib_CH1890	WGS	unspecified	GENOMIC	PAIRED	0	0	ILLUMINA	Illumina HiSeq 2500	ERP139749	PRJEB54887		926085	ERS12496698	SAMEA110398503	simple	318829	Pyricularia oryzae	SAMEA110398503							no					PLANT HEALTH INSTITUTE OF MONTPELLIER	ERA16487761		public	B2FB677F54ABD8A6C8D25BB33187DC40	4B2630ABD7ABC28F64454EE02438F388
ERR9980914	2023-01-22 00:09:05	2023-08-01 05:31:19	8195677	2475094454	8195677	302	1020		https://sra-downloadb.be-md.ncbi.nlm.nih.gov/sos13/sra-pub-zq-1305/ERR009/9980/ERR9980914/ERR9980914.lite.1	ERX9521875	lib_CH1897	WGS	unspecified	GENOMIC	PAIRED	0	0	ILLUMINA	Illumina HiSeq 2500	ERP139749	PRJEB54887		926085	ERS12496699	SAMEA110398504	simple	318829	Pyricularia oryzae	SAMEA110398504							no					PLANT HEALTH INSTITUTE OF MONTPELLIER	ERA16487761		public	A8A4E435E4FC46F7806E3A582C6D0B12	9E1D68A41F14C246200B31DE2EF761CD
ERR9980915	2023-01-22 00:09:05	2023-08-01 05:32:31	9128330	2756755660	9128330	302	1131		https://sra-downloadb.be-md.ncbi.nlm.nih.gov/sos13/sra-pub-zq-1305/ERR009/9980/ERR9980915/ERR9980915.lite.1	ERX9521876	lib_CH1898	WGS	unspecified	GENOMIC	PAIRED	0	0	ILLUMINA	Illumina HiSeq 2500	ERP139749	PRJEB54887		926085	ERS12496700	SAMEA110398505	simple	318829	Pyricularia oryzae	SAMEA110398505							no					PLANT HEALTH INSTITUTE OF MONTPELLIER	ERA16487761		public	6048557F9FA2E95550E1BC7F0702ABE3	348408E139C1141B4ED205E946FF7C1C
ERR9980916	2023-01-22 00:09:05	2023-08-01 05:32:48	10449314	3155692828	10449314	302	1304		https://sra-downloadb.be-md.ncbi.nlm.nih.gov/sos13/sra-pub-zq-1305/ERR009/9980/ERR9980916/ERR9980916.lite.1	ERX9521877	lib_CH1900	WGS	unspecified	GENOMIC	PAIRED	0	0	ILLUMINA	Illumina HiSeq 2500	ERP139749	PRJEB54887		926085	ERS12496701	SAMEA110398506	simple	318829	Pyricularia oryzae	SAMEA110398506							no					PLANT HEALTH INSTITUTE OF MONTPELLIER	ERA16487761		public	E98F6AEF958B83330638E3E425158AFD	2358F5364B6F2A3F7D2A92F3C29BEB49
ERR9980917	2023-01-22 00:09:05	2023-08-01 05:32:25	9206764	2780442728	9206764	302	1134		https://sra-downloadb.be-md.ncbi.nlm.nih.gov/sos13/sra-pub-zq-1305/ERR009/9980/ERR9980917/ERR9980917.lite.1	ERX9521878	lib_CH1861	WGS	unspecified	GENOMIC	PAIRED	0	0	ILLUMINA	Illumina HiSeq 2500	ERP139749	PRJEB54887		926085	ERS12496702	SAMEA110398507	simple	318829	Pyricularia oryzae	SAMEA110398507							no					PLANT HEALTH INSTITUTE OF MONTPELLIER	ERA16487761		public	0759310192CEA1FA7DF4C147DEDD4192	4A896593FB1A9CD97EBB8C6FF55C3769
ERR9980918	2023-01-22 00:09:05	2023-08-01 05:31:37	8866318	2677628036	8866318	302	1094		https://sra-downloadb.be-md.ncbi.nlm.nih.gov/sos13/sra-pub-zq-1305/ERR009/9980/ERR9980918/ERR9980918.lite.1	ERX9521879	lib_CH1868	WGS	unspecified	GENOMIC	PAIRED	0	0	ILLUMINA	Illumina HiSeq 2500	ERP139749	PRJEB54887		926085	ERS12496703	SAMEA110398508	simple	318829	Pyricularia oryzae	SAMEA110398508							no					PLANT HEALTH INSTITUTE OF MONTPELLIER	ERA16487761		public	6796B24406690EC95374B8AFFF67535D	322B9A5F5F4AE2203F9434FF8CB38600
ERR9980919	2023-01-22 00:09:05	2023-08-01 05:31:50	9312364	2812333928	9312364	302	1144		https://sra-downloadb.be-md.ncbi.nlm.nih.gov/sos13/sra-pub-zq-1305/ERR009/9980/ERR9980919/ERR9980919.lite.1	ERX9521880	lib_CH1892	WGS	unspecified	GENOMIC	PAIRED	0	0	ILLUMINA	Illumina HiSeq 2500	ERP139749	PRJEB54887		926085	ERS12496704	SAMEA110398509	simple	318829	Pyricularia oryzae	SAMEA110398509							no					PLANT HEALTH INSTITUTE OF MONTPELLIER	ERA16487761		public	E675A796DC1200A1F367929090489CBE	E75A76A2203CD1E40E9C2485BAA63509
ERR2672597	2022-11-21 22:53:59		0	0	0	0	0			ERX2687695	unspecified	WGS	RANDOM	GENOMIC	PAIRED	504	0	ILLUMINA	Illumina HiSeq 2500	ERP109573	PRJEB27492		903702	ERS2582774	SAMEA4762806	simple	318829	Pyricularia oryzae	SAMEA4762806							no					UNIVERSITY OF EXETER	ERA1526776		public		
ERR2672598	2022-11-21 22:53:59		0	0	0	0	0			ERX2687696	unspecified	WGS	RANDOM	GENOMIC	PAIRED	528	0	ILLUMINA	Illumina HiSeq 2500	ERP109573	PRJEB27492		903702	ERS2582775	SAMEA4762807	simple	318829	Pyricularia oryzae	SAMEA4762807							no					UNIVERSITY OF EXETER	ERA1526776		public		
ERR2672599	2022-11-21 22:53:59		0	0	0	0	0			ERX2687697	unspecified	WGS	RANDOM	GENOMIC	PAIRED	523	0	ILLUMINA	Illumina HiSeq 2500	ERP109573	PRJEB27492		903702	ERS2582776	SAMEA4762808	simple	318829	Pyricularia oryzae	SAMEA4762808							no					UNIVERSITY OF EXETER	ERA1526776		public		
ERR2672600	2022-11-21 22:53:59		0	0	0	0	0			ERX2687698	unspecified	WGS	RANDOM	GENOMIC	PAIRED	569	0	ILLUMINA	Illumina HiSeq 2500	ERP109573	PRJEB27492		903702	ERS2582777	SAMEA4762809	simple	318829	Pyricularia oryzae	SAMEA4762809							no					UNIVERSITY OF EXETER	ERA1526776		public		
ERR2672601	2022-11-21 22:53:59		0	0	0	0	0			ERX2687699	unspecified	WGS	RANDOM	GENOMIC	PAIRED	511	0	ILLUMINA	Illumina HiSeq 2500	ERP109573	PRJEB27492		903702	ERS2582778	SAMEA4762810	simple	318829	Pyricularia oryzae	SAMEA4762810							no					UNIVERSITY OF EXETER	ERA1526776		public		
ERR9883078	2022-09-20 22:16:24	2022-09-27 02:21:56	19835451	5950635300	19835451	300	1845		https://sra-downloadb.be-md.ncbi.nlm.nih.gov/sos1/sra-pub-zq-38/ERR009/9883/ERR9883078/ERR9883078.lite.1	ERX9428222		WGS	unspecified	GENOMIC	PAIRED	0	0	ILLUMINA	Illumina NovaSeq 6000	ERP138621	PRJEB53806		882327	ERS12276076	SAMEA110177268	simple	318829	Pyricularia oryzae	SAMEA110177268							no					THE JOHN INNES CENTRE	ERA15971394		public	B50BA9047B7067DF57586DF8BCB67B5C	56084C8AFF478ABDC41FD49DA07ED1AC
ERR9883079	2022-09-20 22:16:24	2022-09-27 02:19:27	17445594	5233678200	17445594	300	1622		https://sra-downloadb.be-md.ncbi.nlm.nih.gov/sos1/sra-pub-zq-38/ERR009/9883/ERR9883079/ERR9883079.lite.1	ERX9428223		WGS	unspecified	GENOMIC	PAIRED	0	0	ILLUMINA	Illumina NovaSeq 6000	ERP138621	PRJEB53806		882327	ERS12276077	SAMEA110177269	simple	318829	Pyricularia oryzae	SAMEA110177269							no					THE JOHN INNES CENTRE	ERA15971394		public	D3A78901A129DCE15339D4274205687A	50DCE7A8782B5F5573BC131A26AD03C0
ERR9883080	2022-09-20 22:16:24	2022-09-27 02:25:39	22941291	6882387300	22941291	300	2142		https://sra-downloadb.be-md.ncbi.nlm.nih.gov/sos1/sra-pub-zq-38/ERR009/9883/ERR9883080/ERR9883080.lite.1	ERX9428224		WGS	unspecified	GENOMIC	PAIRED	0	0	ILLUMINA	Illumina NovaSeq 6000	ERP138621	PRJEB53806		882327	ERS12276078	SAMEA110177270	simple	318829	Pyricularia oryzae	SAMEA110177270							no					THE JOHN INNES CENTRE	ERA15971394		public	615B686ED8CD28785EECC87E5F8B9A19	796E6938796890BEE2DC89AB46A7A09F
ERR9883081	2022-09-20 22:16:24	2022-09-27 02:20:59	17306683	5192004900	17306683	300	1610		https://sra-downloadb.be-md.ncbi.nlm.nih.gov/sos1/sra-pub-zq-38/ERR009/9883/ERR9883081/ERR9883081.lite.1	ERX9428225		WGS	unspecified	GENOMIC	PAIRED	0	0	ILLUMINA	Illumina NovaSeq 6000	ERP138621	PRJEB53806		882327	ERS12276079	SAMEA110177271	simple	318829	Pyricularia oryzae	SAMEA110177271							no					THE JOHN INNES CENTRE	ERA15971394		public	381C64F1DB270D5585CB394C9FEDD356	CC176751DBF4438ECA564210218794E8
ERR9883082	2022-09-20 22:16:24	2022-09-27 02:17:14	15612749	4683824700	15612749	300	1451		https://sra-downloadb.be-md.ncbi.nlm.nih.gov/sos1/sra-pub-zq-38/ERR009/9883/ERR9883082/ERR9883082.lite.1	ERX9428226		WGS	unspecified	GENOMIC	PAIRED	0	0	ILLUMINA	Illumina NovaSeq 6000	ERP138621	PRJEB53806		882327	ERS12276080	SAMEA110177272	simple	318829	Pyricularia oryzae	SAMEA110177272							no					THE JOHN INNES CENTRE	ERA15971394		public	4884A126A6BE39B1EEB6B830FA17F474	07A38FC18FD13FE67587E1F224EB8EB1
ERR9883083	2022-09-20 22:16:24	2022-09-27 02:24:50	17822938	5346881400	17822938	300	1652		https://sra-downloadb.be-md.ncbi.nlm.nih.gov/sos1/sra-pub-zq-38/ERR009/9883/ERR9883083/ERR9883083.lite.1	ERX9428227		WGS	unspecified	GENOMIC	PAIRED	0	0	ILLUMINA	Illumina NovaSeq 6000	ERP138621	PRJEB53806		882327	ERS12276081	SAMEA110177273	simple	318829	Pyricularia oryzae	SAMEA110177273							no					THE JOHN INNES CENTRE	ERA15971394		public	CA02090C90CC1F8700C1404DF2B3466B	2B2D62D1404E6DB1210D83793CB9657E
ERR9883084	2022-09-20 22:16:24	2022-09-27 02:21:28	20404467	6121340100	20404467	300	1901		https://sra-downloadb.be-md.ncbi.nlm.nih.gov/sos1/sra-pub-zq-38/ERR009/9883/ERR9883084/ERR9883084.lite.1	ERX9428228		WGS	unspecified	GENOMIC	PAIRED	0	0	ILLUMINA	Illumina NovaSeq 6000	ERP138621	PRJEB53806		882327	ERS12276082	SAMEA110177274	simple	318829	Pyricularia oryzae	SAMEA110177274							no					THE JOHN INNES CENTRE	ERA15971394		public	2A957B43137248B90D350BF6C55A415B	1413CF64CD841FF936D348C313773F84
ERR9883085	2022-09-20 22:16:24	2022-09-27 02:21:27	16318446	4895533800	16318446	300	1498		https://sra-downloadb.be-md.ncbi.nlm.nih.gov/sos1/sra-pub-zq-38/ERR009/9883/ERR9883085/ERR9883085.lite.1	ERX9428229		WGS	unspecified	GENOMIC	PAIRED	0	0	ILLUMINA	Illumina NovaSeq 6000	ERP138621	PRJEB53806		882327	ERS12276083	SAMEA110177275	simple	318829	Pyricularia oryzae	SAMEA110177275							no					THE JOHN INNES CENTRE	ERA15971394		public	76B9B2DD932CADDDDF7CA3CC08DF9211	322BAAB2C092B98FE7A6BDB79453C168
ERR9883086	2022-09-20 22:16:24	2022-09-27 02:32:06	19400568	5820170400	19400568	300	1803		https://sra-downloadb.be-md.ncbi.nlm.nih.gov/sos1/sra-pub-zq-38/ERR009/9883/ERR9883086/ERR9883086.lite.1	ERX9428230		WGS	unspecified	GENOMIC	PAIRED	0	0	ILLUMINA	Illumina NovaSeq 6000	ERP138621	PRJEB53806		882327	ERS12276084	SAMEA110177276	simple	318829	Pyricularia oryzae	SAMEA110177276							no					THE JOHN INNES CENTRE	ERA15971394		public	D3DA09A582C9A62D0E72E0AAC14A42BA	AB6A6FD51A7D4AA231E176E3DF3EB36E
ERR9883087	2022-09-20 22:16:24	2022-09-27 02:22:52	19120159	5736047700	19120159	300	1768		https://sra-downloadb.be-md.ncbi.nlm.nih.gov/sos1/sra-pub-zq-38/ERR009/9883/ERR9883087/ERR9883087.lite.1	ERX9428231		WGS	unspecified	GENOMIC	PAIRED	0	0	ILLUMINA	Illumina NovaSeq 6000	ERP138621	PRJEB53806		882327	ERS12276085	SAMEA110177277	simple	318829	Pyricularia oryzae	SAMEA110177277							no					THE JOHN INNES CENTRE	ERA15971394		public	47E42C97E4E7F94F508511C2A3F91E75	7F1D9B5B6490CCDCF0AA6FBB525AD14E
ERR9883088	2022-09-20 22:16:24	2022-09-27 02:21:20	20422516	6126754800	20422516	300	1897		https://sra-downloadb.be-md.ncbi.nlm.nih.gov/sos1/sra-pub-zq-38/ERR009/9883/ERR9883088/ERR9883088.lite.1	ERX9428232		WGS	unspecified	GENOMIC	PAIRED	0	0	ILLUMINA	Illumina NovaSeq 6000	ERP138621	PRJEB53806		882327	ERS12276086	SAMEA110177278	simple	318829	Pyricularia oryzae	SAMEA110177278							no					THE JOHN INNES CENTRE	ERA15971394		public	7078E67460519CA9B35111A7D74B8397	C8B0EAE27F8D1C472CD124DEB8338DBF
ERR9883089	2022-09-20 22:16:24	2022-09-27 02:22:09	19344180	5803254000	19344180	300	1782		https://sra-downloadb.be-md.ncbi.nlm.nih.gov/sos1/sra-pub-zq-38/ERR009/9883/ERR9883089/ERR9883089.lite.1	ERX9428233		WGS	unspecified	GENOMIC	PAIRED	0	0	ILLUMINA	Illumina NovaSeq 6000	ERP138621	PRJEB53806		882327	ERS12276087	SAMEA110177279	simple	318829	Pyricularia oryzae	SAMEA110177279							no					THE JOHN INNES CENTRE	ERA15971394		public	18E0409FB18D6AEEDCABBD9EF3C51695	B380D3C77C130EA759A0253B4347E33B
ERR9883090	2022-09-20 22:16:24	2022-09-27 02:20:36	21413180	6423954000	21413180	300	1979		https://sra-downloadb.be-md.ncbi.nlm.nih.gov/sos1/sra-pub-zq-38/ERR009/9883/ERR9883090/ERR9883090.lite.1	ERX9428234		WGS	unspecified	GENOMIC	PAIRED	0	0	ILLUMINA	Illumina NovaSeq 6000	ERP138621	PRJEB53806		882327	ERS12276088	SAMEA110177280	simple	318829	Pyricularia oryzae	SAMEA110177280							no					THE JOHN INNES CENTRE	ERA15971394		public	84FDD05ED94E4D9DA552B074E2BD3EB6	D52FAD29D6EC664502063A1608F574C1
ERR9883091	2022-09-20 22:16:24	2022-09-27 02:29:59	27524153	8257245900	27524153	300	2560		https://sra-downloadb.be-md.ncbi.nlm.nih.gov/sos1/sra-pub-zq-38/ERR009/9883/ERR9883091/ERR9883091.lite.1	ERX9428235		WGS	unspecified	GENOMIC	PAIRED	0	0	ILLUMINA	Illumina NovaSeq 6000	ERP138621	PRJEB53806		882327	ERS12276089	SAMEA110177281	simple	318829	Pyricularia oryzae	SAMEA110177281							no					THE JOHN INNES CENTRE	ERA15971394		public	972672788FDAD43B5C848F6821334666	0C4468AD685A0E933CE202B62D5F4CE8
ERR9883092	2022-09-20 22:16:24	2022-09-27 02:20:33	20037256	6011176800	20037256	300	1860		https://sra-downloadb.be-md.ncbi.nlm.nih.gov/sos1/sra-pub-zq-38/ERR009/9883/ERR9883092/ERR9883092.lite.1	ERX9428236		WGS	unspecified	GENOMIC	PAIRED	0	0	ILLUMINA	Illumina NovaSeq 6000	ERP138621	PRJEB53806		882327	ERS12276090	SAMEA110177282	simple	318829	Pyricularia oryzae	SAMEA110177282							no					THE JOHN INNES CENTRE	ERA15971394		public	D053B170A29A532A37D563DA42E1C15A	E28508779726939AA06EB14ECE0AA4B0
ERR9883093	2022-09-20 22:16:24	2022-09-27 02:22:45	18750274	5625082200	18750274	300	1746		https://sra-downloadb.be-md.ncbi.nlm.nih.gov/sos1/sra-pub-zq-38/ERR009/9883/ERR9883093/ERR9883093.lite.1	ERX9428237		WGS	unspecified	GENOMIC	PAIRED	0	0	ILLUMINA	Illumina NovaSeq 6000	ERP138621	PRJEB53806		882327	ERS12276091	SAMEA110177283	simple	318829	Pyricularia oryzae	SAMEA110177283							no					THE JOHN INNES CENTRE	ERA15971394		public	0DD955428203E15566E3D2926054CB58	93A4B378A2806A44DAD3E4F23B4110F7
ERR9883094	2022-09-20 22:16:24	2022-09-27 02:13:48	7678328	2303498400	7678328	300	724		https://sra-downloadb.be-md.ncbi.nlm.nih.gov/sos1/sra-pub-zq-38/ERR009/9883/ERR9883094/ERR9883094.lite.1	ERX9428238		WGS	unspecified	GENOMIC	PAIRED	0	0	ILLUMINA	Illumina NovaSeq 6000	ERP138621	PRJEB53806		882327	ERS12276092	SAMEA110177284	simple	318829	Pyricularia oryzae	SAMEA110177284							no					THE JOHN INNES CENTRE	ERA15971394		public	0CE58E2577F0A7453B99D055A04417A3	61E85C8AA9A4024ABCE505433C2762A2
ERR9883095	2022-09-20 22:16:24	2022-09-27 02:18:28	13855501	4156650300	13855501	300	1336		https://sra-downloadb.be-md.ncbi.nlm.nih.gov/sos1/sra-pub-zq-38/ERR009/9883/ERR9883095/ERR9883095.lite.1	ERX9428239		WGS	unspecified	GENOMIC	PAIRED	0	0	ILLUMINA	Illumina NovaSeq 6000	ERP138621	PRJEB53806		882327	ERS12276092	SAMEA110177284	simple	318829	Pyricularia oryzae	SAMEA110177284							no					THE JOHN INNES CENTRE	ERA15971394		public	32C47B73F07B30422381CCE700995EE1	39137F86DA5385B254CBEB7D9B55D076
ERR9883096	2022-09-20 22:16:24	2022-09-27 02:21:36	19028767	5708630100	19028767	300	1757		https://sra-downloadb.be-md.ncbi.nlm.nih.gov/sos1/sra-pub-zq-38/ERR009/9883/ERR9883096/ERR9883096.lite.1	ERX9428240		WGS	unspecified	GENOMIC	PAIRED	0	0	ILLUMINA	Illumina NovaSeq 6000	ERP138621	PRJEB53806		882327	ERS12276093	SAMEA110177285	simple	318829	Pyricularia oryzae	SAMEA110177285							no					THE JOHN INNES CENTRE	ERA15971394		public	0FABB54B95C99897557CB56CD9342151	0047610BED7D682F7D43DCDEA3A3C10D
ERR9883097	2022-09-20 22:16:24	2022-09-27 02:22:43	21166575	6349972500	21166575	300	1941		https://sra-downloadb.be-md.ncbi.nlm.nih.gov/sos1/sra-pub-zq-38/ERR009/9883/ERR9883097/ERR9883097.lite.1	ERX9428241		WGS	unspecified	GENOMIC	PAIRED	0	0	ILLUMINA	Illumina NovaSeq 6000	ERP138621	PRJEB53806		882327	ERS12276094	SAMEA110177286	simple	318829	Pyricularia oryzae	SAMEA110177286							no					THE JOHN INNES CENTRE	ERA15971394		public	6316396565622FC56DB0C6C73566E8FC	5A451CCD9DC58504CC151EDAE31D741F
ERR9883098	2022-09-20 22:16:24	2022-09-27 02:26:01	21739177	6521753100	21739177	300	2016		https://sra-downloadb.be-md.ncbi.nlm.nih.gov/sos1/sra-pub-zq-38/ERR009/9883/ERR9883098/ERR9883098.lite.1	ERX9428242		WGS	unspecified	GENOMIC	PAIRED	0	0	ILLUMINA	Illumina NovaSeq 6000	ERP138621	PRJEB53806		882327	ERS12276095	SAMEA110177287	simple	318829	Pyricularia oryzae	SAMEA110177287							no					THE JOHN INNES CENTRE	ERA15971394		public	D9CCCF55B8D2DB43B4EED1454AA0FAB0	2A559F97525EACC176758468D80EB9DA
ERR9883099	2022-09-20 22:16:24	2022-09-27 02:26:24	22341650	6702495000	22341650	300	2063		https://sra-downloadb.be-md.ncbi.nlm.nih.gov/sos1/sra-pub-zq-38/ERR009/9883/ERR9883099/ERR9883099.lite.1	ERX9428243		WGS	unspecified	GENOMIC	PAIRED	0	0	ILLUMINA	Illumina NovaSeq 6000	ERP138621	PRJEB53806		882327	ERS12276096	SAMEA110177288	simple	318829	Pyricularia oryzae	SAMEA110177288							no					THE JOHN INNES CENTRE	ERA15971394		public	780EEEB07A8CD697FF1A9690B0DE27BA	E867A59D51CDCDA6EBAFA73207FB2915
ERR9883100	2022-09-20 22:16:24	2022-09-27 02:26:50	22804174	6841252200	22804174	300	2105		https://sra-downloadb.be-md.ncbi.nlm.nih.gov/sos1/sra-pub-zq-38/ERR009/9883/ERR9883100/ERR9883100.lite.1	ERX9428244		WGS	unspecified	GENOMIC	PAIRED	0	0	ILLUMINA	Illumina NovaSeq 6000	ERP138621	PRJEB53806		882327	ERS12276097	SAMEA110177289	simple	318829	Pyricularia oryzae	SAMEA110177289							no					THE JOHN INNES CENTRE	ERA15971394		public	389DEE3469812D7C11149958D33750F6	DCDAC0A9942AAEB9D55826AF60E7B17B
ERR9883101	2022-09-20 22:16:24	2022-09-27 02:24:15	19163555	5749066500	19163555	300	1796		https://sra-downloadb.be-md.ncbi.nlm.nih.gov/sos1/sra-pub-zq-38/ERR009/9883/ERR9883101/ERR9883101.lite.1	ERX9428245		WGS	unspecified	GENOMIC	PAIRED	0	0	ILLUMINA	Illumina NovaSeq 6000	ERP138621	PRJEB53806		882327	ERS12276098	SAMEA110177290	simple	318829	Pyricularia oryzae	SAMEA110177290							no					THE JOHN INNES CENTRE	ERA15971394		public	704159F0CBDBB3A9EFD85A6062C8DF45	69F1A17F47D002B49B5F1A1A9443B00C
ERR9883102	2022-09-20 22:16:24	2022-09-27 02:23:46	19637874	5891362200	19637874	300	1814		https://sra-downloadb.be-md.ncbi.nlm.nih.gov/sos1/sra-pub-zq-38/ERR009/9883/ERR9883102/ERR9883102.lite.1	ERX9428246		WGS	unspecified	GENOMIC	PAIRED	0	0	ILLUMINA	Illumina NovaSeq 6000	ERP138621	PRJEB53806		882327	ERS12276099	SAMEA110177291	simple	318829	Pyricularia oryzae	SAMEA110177291							no					THE JOHN INNES CENTRE	ERA15971394		public	105B91901D142AA7C6CF0075A0F9C8B0	2B13A73C9E44C731F3C9582FA13BF84E
ERR9980874	2023-01-22 00:09:05	2023-08-01 05:30:24	10728723	3240074346	10728723	302	1298		https://sra-downloadb.be-md.ncbi.nlm.nih.gov/sos13/sra-pub-zq-1305/ERR009/9980/ERR9980874/ERR9980874.lite.1	ERX9521835	lib_CH1869	WGS	unspecified	GENOMIC	PAIRED	0	0	ILLUMINA	Illumina HiSeq 2500	ERP139749	PRJEB54887		926085	ERS12496659	SAMEA110398464	simple	318829	Pyricularia oryzae	SAMEA110398464							no					PLANT HEALTH INSTITUTE OF MONTPELLIER	ERA16487761		public	283A1BD6E231EA00C894F47239CF27AD	2668D8D29CEE507FEE6F628E561C5A44
ERR9980875	2023-01-22 00:09:05	2023-08-01 05:30:53	8681235	2621732970	8681235	302	1084		https://sra-downloadb.be-md.ncbi.nlm.nih.gov/sos13/sra-pub-zq-1305/ERR009/9980/ERR9980875/ERR9980875.lite.1	ERX9521836	lib_CH1874	WGS	unspecified	GENOMIC	PAIRED	0	0	ILLUMINA	Illumina HiSeq 2500	ERP139749	PRJEB54887		926085	ERS12496660	SAMEA110398465	simple	318829	Pyricularia oryzae	SAMEA110398465							no					PLANT HEALTH INSTITUTE OF MONTPELLIER	ERA16487761		public	F256DAD275C8788C96CB1E43E64E3109	D9D426DCC6D3E4F7B62519F5D14F5088
ERR9980876	2023-01-22 00:09:05	2023-08-01 05:31:08	9448534	2853457268	9448534	302	1172		https://sra-downloadb.be-md.ncbi.nlm.nih.gov/sos13/sra-pub-zq-1305/ERR009/9980/ERR9980876/ERR9980876.lite.1	ERX9521837	lib_CH1899	WGS	unspecified	GENOMIC	PAIRED	0	0	ILLUMINA	Illumina HiSeq 2500	ERP139749	PRJEB54887		926085	ERS12496661	SAMEA110398466	simple	318829	Pyricularia oryzae	SAMEA110398466							no					PLANT HEALTH INSTITUTE OF MONTPELLIER	ERA16487761		public	524222B21EB217C393711900C960229A	A7C42BAB9FF5870FC8D437C765F54C7E
ERR9980877	2023-01-22 00:09:05	2023-08-01 05:30:59	8330010	2515663020	8330010	302	1027		https://sra-downloadb.be-md.ncbi.nlm.nih.gov/sos13/sra-pub-zq-1305/ERR009/9980/ERR9980877/ERR9980877.lite.1	ERX9521838	lib_CH1877	WGS	unspecified	GENOMIC	PAIRED	0	0	ILLUMINA	Illumina HiSeq 2500	ERP139749	PRJEB54887		926085	ERS12496662	SAMEA110398467	simple	318829	Pyricularia oryzae	SAMEA110398467							no					PLANT HEALTH INSTITUTE OF MONTPELLIER	ERA16487761		public	B97FFE2754283DFA5DB7CB06535E74A8	4E23630929A2F3449CF05B8D303E1546
ERR9980878	2023-01-22 00:09:05	2023-08-01 05:31:06	9801054	2959918308	9801054	302	1202		https://sra-downloadb.be-md.ncbi.nlm.nih.gov/sos13/sra-pub-zq-1305/ERR009/9980/ERR9980878/ERR9980878.lite.1	ERX9521839	lib_CH1882	WGS	unspecified	GENOMIC	PAIRED	0	0	ILLUMINA	Illumina HiSeq 2500	ERP139749	PRJEB54887		926085	ERS12496663	SAMEA110398468	simple	318829	Pyricularia oryzae	SAMEA110398468							no					PLANT HEALTH INSTITUTE OF MONTPELLIER	ERA16487761		public	BCF0AD6EB8A220C557EB376A29279E08	AF93094A08A10D8A82263E1553EC5851
ERR9980879	2023-01-22 00:09:05	2023-08-01 05:30:02	9307368	2810825136	9307368	302	1147		https://sra-downloadb.be-md.ncbi.nlm.nih.gov/sos13/sra-pub-zq-1305/ERR009/9980/ERR9980879/ERR9980879.lite.1	ERX9521840	lib_CH1885	WGS	unspecified	GENOMIC	PAIRED	0	0	ILLUMINA	Illumina HiSeq 2500	ERP139749	PRJEB54887		926085	ERS12496664	SAMEA110398469	simple	318829	Pyricularia oryzae	SAMEA110398469							no					PLANT HEALTH INSTITUTE OF MONTPELLIER	ERA16487761		public	718CF279E3C3536AF0708AC8B4514B52	4CCFFA98F0642DFD68A042140053E1B6
ERR9980880	2023-01-22 00:09:05	2023-08-01 05:30:25	9610468	2902361336	9610468	302	1184		https://sra-downloadb.be-md.ncbi.nlm.nih.gov/sos13/sra-pub-zq-1305/ERR009/9980/ERR9980880/ERR9980880.lite.1	ERX9521841	lib_CH1893	WGS	unspecified	GENOMIC	PAIRED	0	0	ILLUMINA	Illumina HiSeq 2500	ERP139749	PRJEB54887		926085	ERS12496665	SAMEA110398470	simple	318829	Pyricularia oryzae	SAMEA110398470							no					PLANT HEALTH INSTITUTE OF MONTPELLIER	ERA16487761		public	12FACE3892B9E6FF543D0E2D41ECB7EB	639B2BF83794A859572434CAEBF562A2
ERR9980881	2023-01-22 00:09:05	2023-08-01 05:29:49	8852628	2673493656	8852628	302	1098		https://sra-downloadb.be-md.ncbi.nlm.nih.gov/sos13/sra-pub-zq-1305/ERR009/9980/ERR9980881/ERR9980881.lite.1	ERX9521842	lib_CH1908	WGS	unspecified	GENOMIC	PAIRED	0	0	ILLUMINA	Illumina HiSeq 2500	ERP139749	PRJEB54887		926085	ERS12496666	SAMEA110398471	simple	318829	Pyricularia oryzae	SAMEA110398471							no					PLANT HEALTH INSTITUTE OF MONTPELLIER	ERA16487761		public	3EA86FA7EEF7598018ADCCB2183E8B6E	96A678D2AB2CF25AC0DE84D17BDA428B
ERR10176137	2022-10-04 23:29:16	2022-10-08 02:11:13	1683641	378989543	1683641	225	196		https://sra-downloadb.be-md.ncbi.nlm.nih.gov/sos1/sra-pub-zq-38/ERR010/10176/ERR10176137/ERR10176137.lite.1	ERX9712610		WGS	RANDOM	GENOMIC	PAIRED	0	0	ILLUMINA	Illumina MiSeq	ERP140562	PRJEB55643		886944	ERS13444956	SAMEA111347406	simple	318829	Pyricularia oryzae	SAMEA111347406							no					UNIVERSITY OF TURIN	ERA17901452		public	3313FE756EF2C425044F773CB6E0A420	5551DCD62F2411272D6721C745AA78AF
ERR10176471	2022-10-04 23:29:16	2022-10-08 02:11:13	1562173	347945119	1562173	222	180		https://sra-downloadb.be-md.ncbi.nlm.nih.gov/sos1/sra-pub-zq-38/ERR010/10176/ERR10176471/ERR10176471.lite.1	ERX9712944		WGS	RANDOM	GENOMIC	PAIRED	0	0	ILLUMINA	Illumina MiSeq	ERP140562	PRJEB55643		886944	ERS13444957	SAMEA111347407	simple	318829	Pyricularia oryzae	SAMEA111347407							no					UNIVERSITY OF TURIN	ERA17901468		public	84249F861C80D768A7C6F92BAD58BB3A	9BC27D84384C3731E94D34F20B6869C3
ERR10176472	2022-10-04 23:29:16	2022-10-09 20:29:21	2388434	526555263	2388434	220	275		https://sra-downloadb.be-md.ncbi.nlm.nih.gov/sos1/sra-pub-zq-38/ERR010/10176/ERR10176472/ERR10176472.lite.1	ERX9712945		WGS	RANDOM	GENOMIC	PAIRED	0	0	ILLUMINA	Illumina MiSeq	ERP140562	PRJEB55643		886944	ERS13444958	SAMEA111347408	simple	318829	Pyricularia oryzae	SAMEA111347408							no					UNIVERSITY OF TURIN	ERA17901469		public	76D892DAA58119B221A2DC853A82DF71	D33DCDAD5D5FDC1797A9677B2CD607B6
SRR21640535	2022-09-20 13:30:41	2022-09-20 13:14:21	18954493	5686347900	18954493	300	1830		https://sra-downloadb.be-md.ncbi.nlm.nih.gov/sos1/sra-pub-zq-38/SRR021/21640/SRR21640535/SRR21640535.lite.1	SRX17640674	DG_001_600	WGS	RANDOM PCR	GENOMIC	PAIRED	0	0	ILLUMINA	Illumina NovaSeq 6000	SRP398240	PRJNA881958		881958	SRS15174973	SAMN30921126	simple	318829	Pyricularia oryzae	KEN54-20							no					THE SAINSBURY LABORATORY	SRA1501840		public	3FAD8A296DD9ABD0F979804F4F9A6F0C	AD21819C1AADF93000665BB7AD6AF350
SRR21640536	2022-09-20 13:30:41	2022-09-20 13:13:05	18879500	5663850000	18879500	300	1684		https://sra-downloadb.be-md.ncbi.nlm.nih.gov/sos1/sra-pub-zq-38/SRR021/21640/SRR21640536/SRR21640536.lite.1	SRX17640673	DG_001_400	WGS	RANDOM PCR	GENOMIC	PAIRED	0	0	ILLUMINA	Illumina NovaSeq 6000	SRP398240	PRJNA881958		881958	SRS15174973	SAMN30921126	simple	318829	Pyricularia oryzae	KEN54-20							no					THE SAINSBURY LABORATORY	SRA1501840		public	4BA355CC5AB365D624D802B841B81C1A	FC6217B2034B2AD4286703208ABFA859
SRR21641442	2022-09-20 17:03:27	2022-09-20 15:19:10	8994120	2698236000	8994120	300	872		https://sra-downloadb.be-md.ncbi.nlm.nih.gov/sos1/sra-pub-zq-38/SRR021/21641/SRR21641442/SRR21641442.lite.1	SRX17641579	DG_009_5_L4	WGS	RANDOM PCR	GENOMIC	PAIRED	0	0	ILLUMINA	Illumina NovaSeq 6000	SRP398240	PRJNA881958		881958	SRS15175601	SAMN30935043	simple	318829	Pyricularia oryzae	MoKen5420M65							no					THE SAINSBURY LABORATORY	SRA1501983		public	42D584F198F81B4D6D564B3FE8A29814	D5EEA2296CC8130EEA89DE5E568B7F95
SRR21641446	2022-09-20 17:03:26	2022-09-20 15:16:55	5729309	1718792700	5729309	300	536		https://sra-downloadb.be-md.ncbi.nlm.nih.gov/sos1/sra-pub-zq-38/SRR021/21641/SRR21641446/SRR21641446.lite.1	SRX17641575	DG_009_2_L1	WGS	RANDOM PCR	GENOMIC	PAIRED	0	0	ILLUMINA	Illumina NovaSeq 6000	SRP398240	PRJNA881958		881958	SRS15175605	SAMN30935040	simple	318829	Pyricularia oryzae	MoKen5420M44							no					THE SAINSBURY LABORATORY	SRA1501983		public	4F57846D20EE12AA42115F1E6AABA046	DF576A675556B05657E93245B96B8025
SRR21641447	2022-09-20 17:03:26	2022-09-20 15:19:33	9079078	2723723400	9079078	300	884		https://sra-downloadb.be-md.ncbi.nlm.nih.gov/sos1/sra-pub-zq-38/SRR021/21641/SRR21641447/SRR21641447.lite.1	SRX17641574	DG_009_2_L4	WGS	RANDOM PCR	GENOMIC	PAIRED	0	0	ILLUMINA	Illumina NovaSeq 6000	SRP398240	PRJNA881958		881958	SRS15175605	SAMN30935040	simple	318829	Pyricularia oryzae	MoKen5420M44							no					THE SAINSBURY LABORATORY	SRA1501983		public	245F9CFBFF6E8294B3733C5AAB77F8FB	0F6B8010A74642D4D25CAF119B1636F1
SRR21641444	2022-09-20 17:03:26	2022-09-20 15:17:26	6561912	1968573600	6561912	300	615		https://sra-downloadb.be-md.ncbi.nlm.nih.gov/sos1/sra-pub-zq-38/SRR021/21641/SRR21641444/SRR21641444.lite.1	SRX17641577	DG_009_3_L1	WGS	RANDOM PCR	GENOMIC	PAIRED	0	0	ILLUMINA	Illumina NovaSeq 6000	SRP398240	PRJNA881958		881958	SRS15175606	SAMN30935041	simple	318829	Pyricularia oryzae	MoKen5420M61							no					THE SAINSBURY LABORATORY	SRA1501983		public	3D91554BC4A31389992FB759D61265C8	9EB4B6350C201A9253EF1CE08092A03F
SRR21641445	2022-09-20 17:03:26	2022-09-20 15:18:33	8519091	2555727300	8519091	300	831		https://sra-downloadb.be-md.ncbi.nlm.nih.gov/sos1/sra-pub-zq-38/SRR021/21641/SRR21641445/SRR21641445.lite.1	SRX17641576	DG_009_3_L4	WGS	RANDOM PCR	GENOMIC	PAIRED	0	0	ILLUMINA	Illumina NovaSeq 6000	SRP398240	PRJNA881958		881958	SRS15175606	SAMN30935041	simple	318829	Pyricularia oryzae	MoKen5420M61							no					THE SAINSBURY LABORATORY	SRA1501983		public	5B6BD01CD1EBC9EB3D6CFCFD0F174911	4831955800D7ABF15B2EC57AE9B39B5B
SRR21641443	2022-09-20 17:03:27	2022-09-20 15:20:27	10578853	3173655900	10578853	300	1031		https://sra-downloadb.be-md.ncbi.nlm.nih.gov/sos1/sra-pub-zq-38/SRR021/21641/SRR21641443/SRR21641443.lite.1	SRX17641578	DG_009_4_L4	WGS	RANDOM PCR	GENOMIC	PAIRED	0	0	ILLUMINA	Illumina NovaSeq 6000	SRP398240	PRJNA881958		881958	SRS15175607	SAMN30935042	simple	318829	Pyricularia oryzae	MoKen5420M64							no					THE SAINSBURY LABORATORY	SRA1501983		public	870A31373F9E86C29C818667A8ABF41A	A08CAEA9A635DE254B30906669D8DAC7
SRR21641440	2022-09-20 17:03:27	2022-09-20 15:17:18	5920807	1776242100	5920807	300	558		https://sra-downloadb.be-md.ncbi.nlm.nih.gov/sos1/sra-pub-zq-38/SRR021/21641/SRR21641440/SRR21641440.lite.1	SRX17641581	DG_009_9_L1	WGS	RANDOM PCR	GENOMIC	PAIRED	0	0	ILLUMINA	Illumina NovaSeq 6000	SRP398240	PRJNA881958		881958	SRS15175608	SAMN30935047	simple	318829	Pyricularia oryzae	MoKen5420M73							no					THE SAINSBURY LABORATORY	SRA1501983		public	5D99BC8C1E7E66691BA8CD4C7A534AC3	FB220A84BCBD9CE5F2B9D287C9C6AADC
SRR21641456	2022-09-20 17:03:26	2022-09-20 15:25:25	16040711	4812213300	16040711	300	1429		https://sra-downloadb.be-md.ncbi.nlm.nih.gov/sos1/sra-pub-zq-38/SRR021/21641/SRR21641456/SRR21641456.lite.1	SRX17641565	DG_002_400	WGS	RANDOM PCR	GENOMIC	PAIRED	0	0	ILLUMINA	Illumina NovaSeq 6000	SRP398240	PRJNA881958		881958	SRS15175600	SAMN30935038	simple	318829	Pyricularia oryzae	MoKen5420M01							no					THE SAINSBURY LABORATORY	SRA1501983		public	854509168E854F55C058874306CF6D62	BF18D37470D48226DE2432F86BE82AD6
SRR21641455	2022-09-20 17:03:26	2022-09-20 15:23:02	17877894	5363368200	17877894	300	1744		https://sra-downloadb.be-md.ncbi.nlm.nih.gov/sos1/sra-pub-zq-38/SRR021/21641/SRR21641455/SRR21641455.lite.1	SRX17641566	DG_002_600	WGS	RANDOM PCR	GENOMIC	PAIRED	0	0	ILLUMINA	Illumina NovaSeq 6000	SRP398240	PRJNA881958		881958	SRS15175600	SAMN30935038	simple	318829	Pyricularia oryzae	MoKen5420M01							no					THE SAINSBURY LABORATORY	SRA1501983		public	E69BDF947BF56B2DAD43907796688BAC	3363EAC89C5DE9E5923F0CABDCFB38E5
SRR21641454	2022-09-20 17:03:26	2022-09-20 15:17:22	6014480	1804344000	6014480	300	559		https://sra-downloadb.be-md.ncbi.nlm.nih.gov/sos1/sra-pub-zq-38/SRR021/21641/SRR21641454/SRR21641454.lite.1	SRX17641567	DG_009_5_L1	WGS	RANDOM PCR	GENOMIC	PAIRED	0	0	ILLUMINA	Illumina NovaSeq 6000	SRP398240	PRJNA881958		881958	SRS15175601	SAMN30935043	simple	318829	Pyricularia oryzae	MoKen5420M65							no					THE SAINSBURY LABORATORY	SRA1501983		public	E226681A3F802A7FD8A2B82D1B07088B	2F4CEDE889BF581286A032F2818DAEE2
SRR21641453	2022-09-20 17:03:26	2022-09-20 15:18:56	9830272	2949081600	9830272	300	954		https://sra-downloadb.be-md.ncbi.nlm.nih.gov/sos1/sra-pub-zq-38/SRR021/21641/SRR21641453/SRR21641453.lite.1	SRX17641568	DG_009_6_L4	WGS	RANDOM PCR	GENOMIC	PAIRED	0	0	ILLUMINA	Illumina NovaSeq 6000	SRP398240	PRJNA881958		881958	SRS15175602	SAMN30935044	simple	318829	Pyricularia oryzae	MoKen5420M66							no					THE SAINSBURY LABORATORY	SRA1501983		public	91AA6DB2EA4F762A765C81AF462CA811	234035FBA77B2901EEC5702D14122B51
SRR21641452	2022-09-20 17:03:26	2022-09-20 15:17:22	5875738	1762721400	5875738	300	548		https://sra-downloadb.be-md.ncbi.nlm.nih.gov/sos1/sra-pub-zq-38/SRR021/21641/SRR21641452/SRR21641452.lite.1	SRX17641569	DG_009_6_L1	WGS	RANDOM PCR	GENOMIC	PAIRED	0	0	ILLUMINA	Illumina NovaSeq 6000	SRP398240	PRJNA881958		881958	SRS15175602	SAMN30935044	simple	318829	Pyricularia oryzae	MoKen5420M66							no					THE SAINSBURY LABORATORY	SRA1501983		public	4E9DDCB4C9D7BD268F38FC37AC83D315	D2DC0BC229306BD00F68A62883FC440F
SRR21641451	2022-09-20 17:03:26	2022-09-20 15:18:43	8278166	2483449800	8278166	300	804		https://sra-downloadb.be-md.ncbi.nlm.nih.gov/sos1/sra-pub-zq-38/SRR021/21641/SRR21641451/SRR21641451.lite.1	SRX17641570	DG_009_7_L4	WGS	RANDOM PCR	GENOMIC	PAIRED	0	0	ILLUMINA	Illumina NovaSeq 6000	SRP398240	PRJNA881958		881958	SRS15175603	SAMN30935045	simple	318829	Pyricularia oryzae	MoKen5420M70							no					THE SAINSBURY LABORATORY	SRA1501983		public	2482EA8C6EDF86E53D5929064BDEEC11	899C1A4D3081EE2798D211C1837F3915
SRR21641450	2022-09-20 17:03:26	2022-09-20 15:17:24	6506033	1951809900	6506033	300	607		https://sra-downloadb.be-md.ncbi.nlm.nih.gov/sos1/sra-pub-zq-38/SRR021/21641/SRR21641450/SRR21641450.lite.1	SRX17641571	DG_009_7_L1	WGS	RANDOM PCR	GENOMIC	PAIRED	0	0	ILLUMINA	Illumina NovaSeq 6000	SRP398240	PRJNA881958		881958	SRS15175603	SAMN30935045	simple	318829	Pyricularia oryzae	MoKen5420M70							no					THE SAINSBURY LABORATORY	SRA1501983		public	FCB96F232E863915500E6E2D07C35552	D51584EE53090380379DED8CC7332825
SRR21641449	2022-09-20 17:03:26	2022-09-20 15:30:29	9462794	2838838200	9462794	300	919		https://sra-downloadb.be-md.ncbi.nlm.nih.gov/sos1/sra-pub-zq-38/SRR021/21641/SRR21641449/SRR21641449.lite.1	SRX17641572	DG_009_8_L4	WGS	RANDOM PCR	GENOMIC	PAIRED	0	0	ILLUMINA	Illumina NovaSeq 6000	SRP398240	PRJNA881958		881958	SRS15175604	SAMN30935046	simple	318829	Pyricularia oryzae	MoKen5420M71							no					THE SAINSBURY LABORATORY	SRA1501983		public	F730EE095C2480F7FA96B290C7C2A264	5122284A4C3ACB7839443818D52204B5
SRR21641448	2022-09-20 17:03:26	2022-09-20 15:16:53	6316310	1894893000	6316310	300	590		https://sra-downloadb.be-md.ncbi.nlm.nih.gov/sos1/sra-pub-zq-38/SRR021/21641/SRR21641448/SRR21641448.lite.1	SRX17641573	DG_009_8_L1	WGS	RANDOM PCR	GENOMIC	PAIRED	0	0	ILLUMINA	Illumina NovaSeq 6000	SRP398240	PRJNA881958		881958	SRS15175604	SAMN30935046	simple	318829	Pyricularia oryzae	MoKen5420M71							no					THE SAINSBURY LABORATORY	SRA1501983		public	7EFEAC5456134022A0CBA39CEE313835	80B03D1098E7D24441D56234909DB096
SRR21641441	2022-09-20 17:03:27	2022-09-20 15:18:28	9713001	2913900300	9713001	300	952		https://sra-downloadb.be-md.ncbi.nlm.nih.gov/sos1/sra-pub-zq-38/SRR021/21641/SRR21641441/SRR21641441.lite.1	SRX17641580	DG_009_9_L4	WGS	RANDOM PCR	GENOMIC	PAIRED	0	0	ILLUMINA	Illumina NovaSeq 6000	SRP398240	PRJNA881958		881958	SRS15175608	SAMN30935047	simple	318829	Pyricularia oryzae	MoKen5420M73							no					THE SAINSBURY LABORATORY	SRA1501983		public	C7777577EDD9C56823A3F87D670C8C84	5310ACCF49777B5D2C399EC15873851B
SRR21641437	2022-09-20 17:03:27	2022-09-20 15:17:49	5410250	1623075000	5410250	300	507		https://sra-downloadb.be-md.ncbi.nlm.nih.gov/sos1/sra-pub-zq-38/SRR021/21641/SRR21641437/SRR21641437.lite.1	SRX17641584	DG_009_10_L1	WGS	RANDOM PCR	GENOMIC	PAIRED	0	0	ILLUMINA	Illumina NovaSeq 6000	SRP398240	PRJNA881958		881958	SRS15175609	SAMN30935048	simple	318829	Pyricularia oryzae	MoKen5420M74							no					THE SAINSBURY LABORATORY	SRA1501983		public	1D793D8D7692A8EE09A1E267A654F324	136298D09D7EB05C5E3C26ADCD48591D
SRR21641439	2022-09-20 17:03:27	2022-09-20 15:18:42	9493862	2848158600	9493862	300	926		https://sra-downloadb.be-md.ncbi.nlm.nih.gov/sos1/sra-pub-zq-38/SRR021/21641/SRR21641439/SRR21641439.lite.1	SRX17641582	DG_009_10_L4	WGS	RANDOM PCR	GENOMIC	PAIRED	0	0	ILLUMINA	Illumina NovaSeq 6000	SRP398240	PRJNA881958		881958	SRS15175609	SAMN30935048	simple	318829	Pyricularia oryzae	MoKen5420M74							no					THE SAINSBURY LABORATORY	SRA1501983		public	73FC6FEFBEFDFE9941223CAA7CC4B162	19503C202A69DCE9DCF9A8415E585748
SRR21641438	2022-09-20 17:03:27	2022-09-20 15:17:36	7990653	2397195900	7990653	300	779		https://sra-downloadb.be-md.ncbi.nlm.nih.gov/sos1/sra-pub-zq-38/SRR021/21641/SRR21641438/SRR21641438.lite.1	SRX17641583	DG_009_1_L4	WGS	RANDOM PCR	GENOMIC	PAIRED	0	0	ILLUMINA	Illumina NovaSeq 6000	SRP398240	PRJNA881958		881958	SRS15175610	SAMN30935039	simple	318829	Pyricularia oryzae	MoKen5420M43							no					THE SAINSBURY LABORATORY	SRA1501983		public	D79FBC5ADA280802B95CEFA7159CC85E	74E8166E66693C67B147B3C73211CF2F
SRR21641434	2022-09-20 17:03:27	2022-09-20 15:17:44	6136116	1840834800	6136116	300	574		https://sra-downloadb.be-md.ncbi.nlm.nih.gov/sos1/sra-pub-zq-38/SRR021/21641/SRR21641434/SRR21641434.lite.1	SRX17641587	DG_009_1_L1	WGS	RANDOM PCR	GENOMIC	PAIRED	0	0	ILLUMINA	Illumina NovaSeq 6000	SRP398240	PRJNA881958		881958	SRS15175610	SAMN30935039	simple	318829	Pyricularia oryzae	MoKen5420M43							no					THE SAINSBURY LABORATORY	SRA1501983		public	4B6D74E3C82692766B943A469E92EB24	27FF73B9FA5861B863F9769FB3BC2AAE
SRR21641435	2022-09-20 17:03:27	2022-09-20 15:17:19	6088449	1826534700	6088449	300	573		https://sra-downloadb.be-md.ncbi.nlm.nih.gov/sos1/sra-pub-zq-38/SRR021/21641/SRR21641435/SRR21641435.lite.1	SRX17641586	DG_009_11_L1	WGS	RANDOM PCR	GENOMIC	PAIRED	0	0	ILLUMINA	Illumina NovaSeq 6000	SRP398240	PRJNA881958		881958	SRS15175611	SAMN30935049	simple	318829	Pyricularia oryzae	MoKen5420M75							no					THE SAINSBURY LABORATORY	SRA1501983		public	6B5A9863E363AE904A9E36E786AD1613	0ED44E5687B98F0A80FB2A163E8B88C4
SRR21641436	2022-09-20 17:03:27	2022-09-20 15:17:54	8199978	2459993400	8199978	300	806		https://sra-downloadb.be-md.ncbi.nlm.nih.gov/sos1/sra-pub-zq-38/SRR021/21641/SRR21641436/SRR21641436.lite.1	SRX17641585	DG_009_11_L4	WGS	RANDOM PCR	GENOMIC	PAIRED	0	0	ILLUMINA	Illumina NovaSeq 6000	SRP398240	PRJNA881958		881958	SRS15175611	SAMN30935049	simple	318829	Pyricularia oryzae	MoKen5420M75							no					THE SAINSBURY LABORATORY	SRA1501983		public	B255654DBA738B92A865A78BD406A5CC	FAE146A6595713EFBCB36530E07195D8
DRR342044	2022-07-05 12:40:35	2022-07-05 12:45:41	3332000	1976787087	3332000	593	1249		https://sra-downloadb.be-md.ncbi.nlm.nih.gov/sos9/sra-pub-zq-924/DRR000/342/DRR342044/DRR342044.lite.1	DRX331000		WGS	RANDOM	GENOMIC	PAIRED	550	0	ILLUMINA	Illumina MiSeq	DRP008731	PRJDB12884		856157	DRS245247	SAMD00439211	simple	318829	Pyricularia oryzae	SAMD00439211							no					IBRC	DRA013364		public	DD1B4DE3BE39C79F38DFB41A92F19081	E86BA9E686D703D0914BECDD9A85EDCC
DRR342045	2022-07-05 12:40:35	2022-07-05 12:44:05	2917495	1739872629	2917495	596	1103		https://sra-downloadb.be-md.ncbi.nlm.nih.gov/sos8/sra-pub-zq-818/DRR000/342/DRR342045/DRR342045.lite.1	DRX331001		WGS	RANDOM	GENOMIC	PAIRED	550	0	ILLUMINA	Illumina MiSeq	DRP008731	PRJDB12884		856157	DRS245248	SAMD00439212	simple	318829	Pyricularia oryzae	SAMD00439212							no					IBRC	DRA013364		public	1D8CE3397A4C9B44AD2DCB0C84E8D087	573786E82069733AF4D92F2D7A5A72C0
DRR342046	2022-07-05 12:40:35	2022-07-05 12:43:30	1944272	959811429	1944272	493	577		https://sra-downloadb.be-md.ncbi.nlm.nih.gov/sos8/sra-pub-zq-818/DRR000/342/DRR342046/DRR342046.lite.1	DRX331002		WGS	RANDOM	GENOMIC	PAIRED	550	0	ILLUMINA	Illumina MiSeq	DRP008731	PRJDB12884		856157	DRS245249	SAMD00439213	simple	318829	Pyricularia oryzae	SAMD00439213							no					IBRC	DRA013364		public	0A308B6404C84565B3F61F3C3BE0F7D5	5537F1C1993A8F87BB8AD829A63AB4E4
DRR342047	2022-07-05 12:40:35	2022-07-05 12:46:55	3329588	1662001783	3329588	499	989		https://sra-downloadb.be-md.ncbi.nlm.nih.gov/sos8/sra-pub-zq-818/DRR000/342/DRR342047/DRR342047.lite.1	DRX331003		WGS	RANDOM	GENOMIC	PAIRED	550	0	ILLUMINA	Illumina MiSeq	DRP008731	PRJDB12884		856157	DRS245250	SAMD00439214	simple	318829	Pyricularia oryzae	SAMD00439214							no					IBRC	DRA013364		public	E15A99368B48265CD160D55D8D2F95E5	77A5C0999593353E75038FBEBFD1C24A
DRR342048	2022-07-05 12:40:35	2022-07-05 12:47:58	3340994	1657463798	3340994	496	968		https://sra-downloadb.be-md.ncbi.nlm.nih.gov/sos8/sra-pub-zq-818/DRR000/342/DRR342048/DRR342048.lite.1	DRX331004		WGS	RANDOM	GENOMIC	PAIRED	550	0	ILLUMINA	Illumina MiSeq	DRP008731	PRJDB12884		856157	DRS245251	SAMD00439215	simple	318829	Pyricularia oryzae	SAMD00439215							no					IBRC	DRA013364		public	E4EBB8953283E662DA6CDA9D7A9420A2	2BCFEB2E394A5A150E6C0DEFAF929304
DRR342049	2022-07-05 12:40:35	2022-07-05 12:45:03	3516696	1611351920	3516696	458	774		https://sra-downloadb.be-md.ncbi.nlm.nih.gov/sos8/sra-pub-zq-820/DRR000/342/DRR342049/DRR342049.lite.1	DRX331005		WGS	RANDOM	GENOMIC	PAIRED	550	0	ILLUMINA	Illumina MiSeq	DRP008731	PRJDB12884		856157	DRS245252	SAMD00439216	simple	318829	Pyricularia oryzae	SAMD00439216							no					IBRC	DRA013364		public	65CA1F961315A37D82CEB8B759C2E2C8	84D04C335285A19004745B91745C4DF1
DRR342050	2022-07-05 12:40:35	2022-07-05 12:43:03	3134839	1563184156	3134839	498	914		https://sra-downloadb.be-md.ncbi.nlm.nih.gov/sos8/sra-pub-zq-820/DRR000/342/DRR342050/DRR342050.lite.1	DRX331006		WGS	RANDOM	GENOMIC	PAIRED	550	0	ILLUMINA	Illumina MiSeq	DRP008731	PRJDB12884		856157	DRS245253	SAMD00439217	simple	318829	Pyricularia oryzae	SAMD00439217							no					IBRC	DRA013364		public	88BC516523383F54A073895D864AE314	2E5D35CD2BB7094A44C98304DC5891D2
DRR342051	2022-07-05 12:40:35	2022-07-05 12:44:36	3210429	1590460866	3210429	495	928		https://sra-downloadb.be-md.ncbi.nlm.nih.gov/sos8/sra-pub-zq-820/DRR000/342/DRR342051/DRR342051.lite.1	DRX331007		WGS	RANDOM	GENOMIC	PAIRED	550	0	ILLUMINA	Illumina MiSeq	DRP008731	PRJDB12884		856157	DRS245254	SAMD00439218	simple	318829	Pyricularia oryzae	SAMD00439218							no					IBRC	DRA013364		public	4312B65DFF9868264305BCCFBB1FD226	3381C4E923CB314D1A96833B5C70F81D
DRR342052	2022-07-05 12:40:35	2022-07-05 12:47:26	3376578	1685728043	3376578	499	994		https://sra-downloadb.be-md.ncbi.nlm.nih.gov/sos8/sra-pub-zq-818/DRR000/342/DRR342052/DRR342052.lite.1	DRX331008		WGS	RANDOM	GENOMIC	PAIRED	550	0	ILLUMINA	Illumina MiSeq	DRP008731	PRJDB12884		856157	DRS245255	SAMD00439219	simple	318829	Pyricularia oryzae	SAMD00439219							no					IBRC	DRA013364		public	6068A416EE255699E1646816FE4987B9	8B6737F5BE4C355E6C069F039A6A52F1
ERR9872200	2022-06-27 20:48:55	2022-06-29 12:47:03	9344705	2803411500	9344705	300	845		https://sra-downloadb.be-md.ncbi.nlm.nih.gov/sos8/sra-pub-zq-820/ERR009/9872/ERR9872200/ERR9872200.lite.1	ERX9417432	Novogene	WGS	unspecified	GENOMIC	PAIRED	0	0	ILLUMINA	Illumina NovaSeq 6000	ERP138521	PRJEB53707		853696	ERS12271838	SAMEA110173038	simple	318829	Pyricularia oryzae	SAMEA110173038							no					THE JOHN INNES CENTRE	ERA15907843		public	7835B8A684F4476F715D35041CB863BA	8AE48A0895425208152F57E9E97FFB3E
ERR9872278	2022-06-27 20:48:56	2022-06-29 13:38:29	10578393	3173517900	10578393	300	964		https://sra-downloadb.be-md.ncbi.nlm.nih.gov/sos1/sra-pub-zq-38/ERR009/9872/ERR9872278/ERR9872278.lite.1	ERX9417510	Novogene	WGS	unspecified	GENOMIC	PAIRED	0	0	ILLUMINA	Illumina NovaSeq 6000	ERP138521	PRJEB53707		853696	ERS12271840	SAMEA110173041	simple	318829	Pyricularia oryzae	SAMEA110173041							no					THE JOHN INNES CENTRE	ERA15908117		public	F968FD6C3F26DBC75EA080DEB6F58B67	E41B45D605EA07D8C1086347389A1C5C
ERR9872277	2022-06-27 20:48:56	2022-06-29 12:47:18	11146360	3343908000	11146360	300	1017		https://sra-downloadb.be-md.ncbi.nlm.nih.gov/sos9/sra-pub-zq-924/ERR009/9872/ERR9872277/ERR9872277.lite.1	ERX9417509	Novogene	WGS	unspecified	GENOMIC	PAIRED	0	0	ILLUMINA	Illumina NovaSeq 6000	ERP138521	PRJEB53707		853696	ERS12271842	SAMEA110173043	simple	318829	Pyricularia oryzae	SAMEA110173043							no					THE JOHN INNES CENTRE	ERA15908117		public	BA08B86300141C2F747AEE7DAFC5A612	BDDBF055D8C7AD46C53DC04CB08E421D
ERR9872274	2022-06-27 20:48:56	2022-06-29 13:38:57	10937166	3281149800	0	300	991		https://sra-downloadb.be-md.ncbi.nlm.nih.gov/sos8/sra-pub-zq-820/ERR009/9872/ERR9872274/ERR9872274.lite.1	ERX9417506	Novogene	WGS	unspecified	GENOMIC	PAIRED	0	0	ILLUMINA	Illumina NovaSeq 6000	ERP138521	PRJEB53707		853696	ERS12271843	SAMEA110173044	simple	318829	Pyricularia oryzae	SAMEA110173044							no					THE JOHN INNES CENTRE	ERA15908117		public	65269089E220AEDC7F2257DADF441878	3165440FE99FBE6A58795F63003EEEA9
ERR9872276	2022-06-27 20:48:56	2022-06-29 12:44:57	10928486	3278545800	10928486	300	987		https://sra-downloadb.be-md.ncbi.nlm.nih.gov/sos8/sra-pub-zq-820/ERR009/9872/ERR9872276/ERR9872276.lite.1	ERX9417508	Novogene	WGS	unspecified	GENOMIC	PAIRED	0	0	ILLUMINA	Illumina NovaSeq 6000	ERP138521	PRJEB53707		853696	ERS12271844	SAMEA110173045	simple	318829	Pyricularia oryzae	SAMEA110173045							no					THE JOHN INNES CENTRE	ERA15908117		public	D8F0EA97FE216D336FC90A7AC5FA245A	1F363EEFB424EA8A580B73605762D5EF
ERR9872275	2022-06-27 20:48:56	2022-06-29 12:32:38	10568170	3170451000	10568170	300	958		https://sra-downloadb.be-md.ncbi.nlm.nih.gov/sos13/sra-pub-zq-1301/ERR009/9872/ERR9872275/ERR9872275.lite.1	ERX9417507	Novogene	WGS	unspecified	GENOMIC	PAIRED	0	0	ILLUMINA	Illumina NovaSeq 6000	ERP138521	PRJEB53707		853696	ERS12271845	SAMEA110173046	simple	318829	Pyricularia oryzae	SAMEA110173046							no					THE JOHN INNES CENTRE	ERA15908117		public	5D761F6FDA24224E57DF974FEC3E974F	DDB8175A0426D9EE992A4F612555842D
ERR9872273	2022-06-27 20:48:56	2022-06-29 13:14:12	10030812	3009243600	10030812	300	908		https://sra-downloadb.be-md.ncbi.nlm.nih.gov/sos13/sra-pub-zq-1301/ERR009/9872/ERR9872273/ERR9872273.lite.1	ERX9417505	Novogene	WGS	unspecified	GENOMIC	PAIRED	0	0	ILLUMINA	Illumina NovaSeq 6000	ERP138521	PRJEB53707		853696	ERS12271846	SAMEA110173047	simple	318829	Pyricularia oryzae	SAMEA110173047							no					THE JOHN INNES CENTRE	ERA15908117		public	08979FE37E77DE72A87AEB3F455AA945	8C4FF869B345188592EB85D572702CC1
ERR9872206	2022-06-27 20:48:56	2022-06-29 12:47:01	11990848	3597254400	11990848	300	1088		https://sra-downloadb.be-md.ncbi.nlm.nih.gov/sos1/sra-pub-zq-38/ERR009/9872/ERR9872206/ERR9872206.lite.1	ERX9417438	Novogene	WGS	unspecified	GENOMIC	PAIRED	0	0	ILLUMINA	Illumina NovaSeq 6000	ERP138521	PRJEB53707		853696	ERS12271849	SAMEA110173050	simple	318829	Pyricularia oryzae	SAMEA110173050							no					THE JOHN INNES CENTRE	ERA15907873		public	B3E78CAE9C63D012D1B761469FF1D0A0	33934DE7DAD619E580CE03A52A833EE1
SRR20852131	2022-08-05 02:46:40	2022-08-05 02:43:09	35612757	10683827100	35612757	300	4797		https://sra-downloadb.be-md.ncbi.nlm.nih.gov/sos9/sra-pub-zq-924/SRR020/20852/SRR20852131/SRR20852131.lite.1	SRX16871385	5K_PE150	WGS	RANDOM PCR	GENOMIC	PAIRED	0	0	ILLUMINA	Illumina HiSeq 2000	SRP390056	PRJNA866295		866295	SRS14459052	SAMN30160189	simple	318829	Pyricularia oryzae	Mycelium							no					ZHEJIANG ACADEMY OF AGRICULTURAL SCIENCES	SRA1469474		public	DC0AF60E7DE9840AE8CA0D69569D8A57	DF2C88DF7DB4898D3E2D2BFD2A96DFB7
SRR20852132	2022-08-05 02:36:15	2022-08-05 02:31:12	11932573	5966286500	11932573	500	3247		https://sra-downloadb.be-md.ncbi.nlm.nih.gov/sos9/sra-pub-zq-924/SRR020/20852/SRR20852132/SRR20852132.lite.1	SRX16871384	500_PE250	WGS	RANDOM PCR	GENOMIC	PAIRED	0	0	ILLUMINA	Illumina HiSeq 2000	SRP390056	PRJNA866295		866295	SRS14459052	SAMN30160189	simple	318829	Pyricularia oryzae	Mycelium							no					ZHEJIANG ACADEMY OF AGRICULTURAL SCIENCES	SRA1469474		public	E2B7BD922EAC146DBCCED46A5B6C60CA	3D2EF04B156FB575C36FA4B3B1C8EA22
SRR20852133	2022-08-05 02:43:45	2022-08-05 02:40:47	33597459	10079237700	33597459	300	4705		https://sra-downloadb.be-md.ncbi.nlm.nih.gov/sos8/sra-pub-zq-818/SRR020/20852/SRR20852133/SRR20852133.lite.1	SRX16871383	500_PE150	WGS	RANDOM PCR	GENOMIC	PAIRED	0	0	ILLUMINA	Illumina HiSeq 2000	SRP390056	PRJNA866295		866295	SRS14459052	SAMN30160189	simple	318829	Pyricularia oryzae	Mycelium							no					ZHEJIANG ACADEMY OF AGRICULTURAL SCIENCES	SRA1469474		public	0B68D75B1C04AD89EF1C3FF9A64B0061	9736221C92E32D22B9D75A15CE9BE93A
ERR9866173	2022-06-22 20:59:47	2022-06-28 16:52:43	8544156	2563246800	8544156	300	827		https://sra-downloadb.be-md.ncbi.nlm.nih.gov/sos1/sra-pub-zq-38/ERR009/9866/ERR9866173/ERR9866173.lite.1	ERX9411170		WGS	unspecified	GENOMIC	PAIRED	0	0	ILLUMINA	Illumina NovaSeq 6000	ERP138469	PRJEB53658		851687	ERS12252183	SAMEA110153376	simple	318829	Pyricularia oryzae	SAMEA110153376							no					THE JOHN INNES CENTRE	ERA15768759		public	D16D4767639D51EB56B3B37BC1D98A77	1F2E2C232633EF39A5C97FE7A193D89A
ERR9866254	2022-06-22 20:59:47	2022-06-28 16:56:45	8712861	2613858300	8712861	300	850		https://sra-downloadb.be-md.ncbi.nlm.nih.gov/sos8/sra-pub-zq-818/ERR009/9866/ERR9866254/ERR9866254.lite.1	ERX9411212		WGS	unspecified	GENOMIC	PAIRED	0	0	ILLUMINA	Illumina NovaSeq 6000	ERP138469	PRJEB53658		851687	ERS12252184	SAMEA110153377	simple	318829	Pyricularia oryzae	SAMEA110153377							no					THE JOHN INNES CENTRE	ERA15770118		public	4CB943C67BFAECCB8D45FE18AB7A1BEF	ED908F0DE004C37667777C837AF838B2
ERR9871130	2022-06-27 20:48:55	2022-06-29 12:47:43	9774089	2932226700	9774089	300	884		https://sra-downloadb.be-md.ncbi.nlm.nih.gov/sos8/sra-pub-zq-820/ERR009/9871/ERR9871130/ERR9871130.lite.1	ERX9416099		WGS	unspecified	GENOMIC	PAIRED	0	0	ILLUMINA	Illumina NovaSeq 6000	ERP138521	PRJEB53707		853696	ERS12271837	SAMEA110173037	simple	318829	Pyricularia oryzae	SAMEA110173037							no					THE JOHN INNES CENTRE	ERA15890391		public	42FC5E81E3208B420089B3DA40767641	B82CBC3EFE3CE7AAE161816691B2A913
ERR9872156	2022-06-27 20:48:55	2022-06-29 12:28:18	9443673	2833101900	9443673	300	857		https://sra-downloadb.be-md.ncbi.nlm.nih.gov/sos9/sra-pub-zq-924/ERR009/9872/ERR9872156/ERR9872156.lite.1	ERX9417388	Novogene	WGS	unspecified	GENOMIC	PAIRED	0	0	ILLUMINA	Illumina NovaSeq 6000	ERP138521	PRJEB53707		853696	ERS12271839	SAMEA110173039	simple	318829	Pyricularia oryzae	SAMEA110173039							no					THE JOHN INNES CENTRE	ERA15907831		public	8AB839B070C7DB40B7B1F8F7CEB27FBB	3A243F882D1E2DB7133281C90335578B
ERR9872149	2022-06-27 20:48:55	2022-06-29 12:46:30	10545666	3163699800	10545666	300	962		https://sra-downloadb.be-md.ncbi.nlm.nih.gov/sos8/sra-pub-zq-820/ERR009/9872/ERR9872149/ERR9872149.lite.1	ERX9417381	Novogene	WGS	unspecified	GENOMIC	PAIRED	0	0	ILLUMINA	Illumina NovaSeq 6000	ERP138521	PRJEB53707		853696	ERS12271841	SAMEA110173042	simple	318829	Pyricularia oryzae	SAMEA110173042							no					THE JOHN INNES CENTRE	ERA15907774		public	81514E65CB62BA6EB442F1E766BF1FD8	4636FB79D1302DC01203F96B99F07527
ERR9872120	2022-06-27 20:48:55	2022-06-29 12:46:40	9383094	2814928200	9383094	300	848		https://sra-downloadb.be-md.ncbi.nlm.nih.gov/sos8/sra-pub-zq-820/ERR009/9872/ERR9872120/ERR9872120.lite.1	ERX9417352	Novogene	WGS	unspecified	GENOMIC	PAIRED	0	0	ILLUMINA	Illumina NovaSeq 6000	ERP138521	PRJEB53707		853696	ERS12271847	SAMEA110173048	simple	318829	Pyricularia oryzae	SAMEA110173048							no					THE JOHN INNES CENTRE	ERA15907606		public	F7B49AADD77B53A075D9E391A4F192FF	423F4F2CA634BC3735CA49CDDAC3E569
ERR9872127	2022-06-27 20:48:55	2022-06-29 11:41:51	10498544	3149563200	10498544	300	954		https://sra-downloadb.be-md.ncbi.nlm.nih.gov/sos13/sra-pub-zq-1301/ERR009/9872/ERR9872127/ERR9872127.lite.1	ERX9417359	Novogene	WGS	unspecified	GENOMIC	PAIRED	0	0	ILLUMINA	Illumina NovaSeq 6000	ERP138521	PRJEB53707		853696	ERS12271848	SAMEA110173049	simple	318829	Pyricularia oryzae	SAMEA110173049							no					THE JOHN INNES CENTRE	ERA15907641		public	9E61B34EDF1218C0F5656CC1563606EA	80625101C77C10873D3975B80F913D3A
SRR19854871	2022-06-26 18:43:56	2022-06-26 18:41:34	21449914	6434974200	0	300	1787		https://sra-downloadb.be-md.ncbi.nlm.nih.gov/sos1/sra-pub-zq-38/SRR019/19854/SRR19854871/SRR19854871.lite.1	SRX15898429	ZM2-1a	WGS	RANDOM	GENOMIC	PAIRED	0	0	ILLUMINA	Illumina NovaSeq 6000	SRP383627	PRJNA849580		849580	SRS13587267	SAMN29254578	simple	318829	Pyricularia oryzae	ZM2-1a							no					KANSAS STATE UNIVERSITY	SRA1443802		public	A4E2D9AF10DC038D29421A9B009F4B14	F6DE91457769012A0167E9A670D2CCD5
SRR19854872	2022-06-26 19:16:21	2022-06-26 19:14:24	20351155	6105346500	20351155	300	1774		https://sra-downloadb.be-md.ncbi.nlm.nih.gov/sos8/sra-pub-zq-820/SRR019/19854/SRR19854872/SRR19854872.lite.1	SRX15898430	ZM1-2a	WGS	RANDOM	GENOMIC	PAIRED	0	0	ILLUMINA	Illumina NovaSeq 6000	SRP383628	PRJNA849498		849498	SRS13587268	SAMN29254576	simple	318829	Pyricularia oryzae	ZM1-2a							no					KANSAS STATE UNIVERSITY	SRA1443806		public	47C864BEF305DDA9228BA9FB34592E1F	CA089E0CFFB899E135FDD61C60E8DC4D
SRR18092169	2023-07-21 15:39:12	2022-02-23 13:56:42	7535945	1522260890	7535945	202	1058		https://sra-downloadb.be-md.ncbi.nlm.nih.gov/sos8/sra-pub-zq-820/SRR018/18092/SRR18092169/SRR18092169.lite.1	SRX14243290	YN365	WGS	RANDOM	GENOMIC	PAIRED	0	0	ILLUMINA	Illumina HiSeq 2000	SRP360840	PRJNA748547		748547	SRS12063797	SAMN26000530	simple	318829	Pyricularia oryzae	YN365							no					YUNNAN AGRICULTURAL UNIVERSITY	SRA1375495		public	4A1D6B1ED279F230807416642EE0AFD4	97DC6E03AC9C01CFF568C1A401274578
SRR18092170	2023-07-21 15:39:12	2022-02-23 13:49:54	11724707	2368390814	11724707	202	1535		https://sra-downloadb.be-md.ncbi.nlm.nih.gov/sos1/sra-pub-zq-38/SRR018/18092/SRR18092170/SRR18092170.lite.1	SRX14243289	YN359	WGS	RANDOM	GENOMIC	PAIRED	0	0	ILLUMINA	Illumina HiSeq 2000	SRP360840	PRJNA748547		748547	SRS12063796	SAMN26000529	simple	318829	Pyricularia oryzae	YN359							no					YUNNAN AGRICULTURAL UNIVERSITY	SRA1375495		public	31866C41959181EF8234DA5D7CFDA30C	5670A624BBB7B4281366D4C0888B9368
SRR18092171	2023-07-21 15:39:12	2022-02-23 13:47:57	11780239	2379608278	11780239	202	1642		https://sra-downloadb.be-md.ncbi.nlm.nih.gov/sos1/sra-pub-zq-38/SRR018/18092/SRR18092171/SRR18092171.lite.1	SRX14243288	YN358	WGS	RANDOM	GENOMIC	PAIRED	0	0	ILLUMINA	Illumina HiSeq 2000	SRP360840	PRJNA748547		748547	SRS12063795	SAMN26000528	simple	318829	Pyricularia oryzae	YN358							no					YUNNAN AGRICULTURAL UNIVERSITY	SRA1375495		public	C6576109AF852C3BE5F4D000DF9AEC33	D042D6D66EFA43A5D5653F24BB7E0090
SRR18092172	2023-07-21 15:39:12	2022-02-23 13:58:37	19051160	3848334320	19051160	202	2410		https://sra-downloadb.be-md.ncbi.nlm.nih.gov/sos1/sra-pub-zq-38/SRR018/18092/SRR18092172/SRR18092172.lite.1	SRX14243287	YN355	WGS	RANDOM	GENOMIC	PAIRED	0	0	ILLUMINA	Illumina HiSeq 2000	SRP360840	PRJNA748547		748547	SRS12063794	SAMN26000527	simple	318829	Pyricularia oryzae	YN355							no					YUNNAN AGRICULTURAL UNIVERSITY	SRA1375495		public	0BC85A8B4C5A5354EE8417E74855706D	50B6EBC02C82E77AD8EB39221977B382
SRR18092173	2023-07-21 15:39:12	2022-02-23 13:54:42	7568802	1528898004	7568802	202	949		https://sra-downloadb.be-md.ncbi.nlm.nih.gov/sos9/sra-pub-zq-924/SRR018/18092/SRR18092173/SRR18092173.lite.1	SRX14243286	Hei-3	WGS	RANDOM	GENOMIC	PAIRED	0	0	ILLUMINA	Illumina HiSeq 2000	SRP360840	PRJNA748547		748547	SRS12063793	SAMN26000594	simple	318829	Pyricularia oryzae	Hei-3							no					YUNNAN AGRICULTURAL UNIVERSITY	SRA1375495		public	74A3F97D523E14EBE2943654AF4B60B9	8185F408E61D813D2957FEE6014A6CC8
SRR18092174	2023-07-21 15:39:12	2022-02-23 13:57:18	20785804	4198732408	20785804	202	2644		https://sra-downloadb.be-md.ncbi.nlm.nih.gov/sos8/sra-pub-zq-820/SRR018/18092/SRR18092174/SRR18092174.lite.1	SRX14243285	YN352	WGS	RANDOM	GENOMIC	PAIRED	0	0	ILLUMINA	Illumina HiSeq 2000	SRP360840	PRJNA748547		748547	SRS12063792	SAMN26000526	simple	318829	Pyricularia oryzae	YN352							no					YUNNAN AGRICULTURAL UNIVERSITY	SRA1375495		public	43C9CB3BB2701591574E6F687CEF0044	1486A561786F7A896C28420EDB855E79
SRR18092175	2023-07-21 15:39:12	2022-02-23 13:49:57	12462750	2517475500	12462750	202	1631		https://sra-downloadb.be-md.ncbi.nlm.nih.gov/sos8/sra-pub-zq-820/SRR018/18092/SRR18092175/SRR18092175.lite.1	SRX14243284	YN314	WGS	RANDOM	GENOMIC	PAIRED	0	0	ILLUMINA	Illumina HiSeq 2000	SRP360840	PRJNA748547		748547	SRS12063791	SAMN26000525	simple	318829	Pyricularia oryzae	YN314							no					YUNNAN AGRICULTURAL UNIVERSITY	SRA1375495		public	F46142601CC019EB19DB319EB8B6B093	30D358864D43A64CFED35B6E5B8A484D
SRR18092176	2023-07-21 15:39:12	2022-02-23 13:46:45	9366760	1892085520	9366760	202	1149		https://sra-downloadb.be-md.ncbi.nlm.nih.gov/sos8/sra-pub-zq-820/SRR018/18092/SRR18092176/SRR18092176.lite.1	SRX14243283	YN311	WGS	RANDOM	GENOMIC	PAIRED	0	0	ILLUMINA	Illumina HiSeq 2000	SRP360840	PRJNA748547		748547	SRS12063790	SAMN26000524	simple	318829	Pyricularia oryzae	YN311							no					YUNNAN AGRICULTURAL UNIVERSITY	SRA1375495		public	984481A120E9C504F6A6A1576AC86EC4	7A59D5C0F6158FAA8DD0B0DD734F134C
SRR18092177	2023-07-21 15:39:12	2022-02-23 13:59:04	26621372	5377517144	26621372	202	3301		https://sra-downloadb.be-md.ncbi.nlm.nih.gov/sos1/sra-pub-zq-38/SRR018/18092/SRR18092177/SRR18092177.lite.1	SRX14243282	YN283	WGS	RANDOM	GENOMIC	PAIRED	0	0	ILLUMINA	Illumina HiSeq 2000	SRP360840	PRJNA748547		748547	SRS12063789	SAMN26000523	simple	318829	Pyricularia oryzae	YN283							no					YUNNAN AGRICULTURAL UNIVERSITY	SRA1375495		public	151D0D7C4EB8072EC465856F7657F49B	A0F9E820F58C8CF7F7E7201111D9A57F
SRR18092178	2023-07-21 15:39:12	2022-02-23 14:02:08	30327721	6126199642	30327721	202	3754		https://sra-downloadb.be-md.ncbi.nlm.nih.gov/sos12/sra-pub-zq-1216/SRR018/18092/SRR18092178/SRR18092178.lite.1	SRX14243281	YN271	WGS	RANDOM	GENOMIC	PAIRED	0	0	ILLUMINA	Illumina HiSeq 2000	SRP360840	PRJNA748547		748547	SRS12063788	SAMN26000522	simple	318829	Pyricularia oryzae	YN271							no					YUNNAN AGRICULTURAL UNIVERSITY	SRA1375495		public	CD836877A48167C337985C32607EB870	44DCDB00D3787DB320399FD7038E7EC3
SRR18092179	2023-07-21 15:39:12	2022-02-23 13:52:46	10544633	2130015866	10544633	202	1409		https://sra-downloadb.be-md.ncbi.nlm.nih.gov/sos8/sra-pub-zq-820/SRR018/18092/SRR18092179/SRR18092179.lite.1	SRX14243280	YN268	WGS	RANDOM	GENOMIC	PAIRED	0	0	ILLUMINA	Illumina HiSeq 2000	SRP360840	PRJNA748547		748547	SRS12063787	SAMN26000521	simple	318829	Pyricularia oryzae	YN268							no					YUNNAN AGRICULTURAL UNIVERSITY	SRA1375495		public	11B43F0993DF0005BA99596D7B7277F3	2AE2D19B16428F254E34768C7360D6BF
SRR18092180	2023-07-21 15:39:12	2022-02-23 14:35:11	19362221	3911168642	19362221	202	2736		https://sra-downloadb.be-md.ncbi.nlm.nih.gov/sos8/sra-pub-zq-820/SRR018/18092/SRR18092180/SRR18092180.lite.1	SRX14243279	YN247	WGS	RANDOM	GENOMIC	PAIRED	0	0	ILLUMINA	Illumina HiSeq 2000	SRP360840	PRJNA748547		748547	SRS12063786	SAMN26000520	simple	318829	Pyricularia oryzae	YN247							no					YUNNAN AGRICULTURAL UNIVERSITY	SRA1375495		public	8F568EB8AA2B19126E6804F5B0E24BCE	348F2D3FF2F1EE12ADAFC92CEBC16B9A
SRR18092181	2023-07-21 15:39:12	2022-02-23 14:03:58	31750123	6413524846	31750123	202	3984		https://sra-downloadb.be-md.ncbi.nlm.nih.gov/sos8/sra-pub-zq-820/SRR018/18092/SRR18092181/SRR18092181.lite.1	SRX14243278	YN239	WGS	RANDOM	GENOMIC	PAIRED	0	0	ILLUMINA	Illumina HiSeq 2000	SRP360840	PRJNA748547		748547	SRS12063785	SAMN26000519	simple	318829	Pyricularia oryzae	YN239							no					YUNNAN AGRICULTURAL UNIVERSITY	SRA1375495		public	016117FFB1CB65884588E915DD7EBD30	1E68EEACDB64908023F27EC0C1C34282
SRR18092182	2023-07-21 15:39:12	2022-02-23 14:00:18	32230074	6510474948	32230074	202	4590		https://sra-downloadb.be-md.ncbi.nlm.nih.gov/sos12/sra-pub-zq-1216/SRR018/18092/SRR18092182/SRR18092182.lite.1	SRX14243277	YN232	WGS	RANDOM	GENOMIC	PAIRED	0	0	ILLUMINA	Illumina HiSeq 2000	SRP360840	PRJNA748547		748547	SRS12063784	SAMN26000518	simple	318829	Pyricularia oryzae	YN232							no					YUNNAN AGRICULTURAL UNIVERSITY	SRA1375495		public	BADBF2837DC699483FE0DDDED2927D11	CF9E26B39F53F7D9B32C2FD26FA46216
SRR18092183	2023-07-21 15:39:12	2022-02-23 13:52:40	13866935	2801120870	13866935	202	1726		https://sra-downloadb.be-md.ncbi.nlm.nih.gov/sos1/sra-pub-zq-38/SRR018/18092/SRR18092183/SRR18092183.lite.1	SRX14243276	YN228	WGS	RANDOM	GENOMIC	PAIRED	0	0	ILLUMINA	Illumina HiSeq 2000	SRP360840	PRJNA748547		748547	SRS12063783	SAMN26000517	simple	318829	Pyricularia oryzae	YN228							no					YUNNAN AGRICULTURAL UNIVERSITY	SRA1375495		public	CF71EF3CB0EDF2FA47AE98F65AD8EC6E	F395F3578123AB8719958C8EA870266C
SRR18092184	2023-07-21 15:39:12	2022-02-23 13:53:05	11352697	2293244794	11352697	202	851		https://sra-downloadb.be-md.ncbi.nlm.nih.gov/sos9/sra-pub-zq-924/SRR018/18092/SRR18092184/SRR18092184.lite.1	SRX14243275	Hei-2	WGS	RANDOM	GENOMIC	PAIRED	0	0	ILLUMINA	Illumina HiSeq 2000	SRP360840	PRJNA748547		748547	SRS12063782	SAMN26000593	simple	318829	Pyricularia oryzae	Hei-2							no					YUNNAN AGRICULTURAL UNIVERSITY	SRA1375495		public	312A157778E575FD6F0D3E230DDB758B	D673424EBBE8D6787EA4332F5D26AC1C
SRR18092263	2023-07-21 15:39:11	2022-02-23 13:56:54	14538435	2936763870	14538435	202	1296		https://sra-downloadb.be-md.ncbi.nlm.nih.gov/sos1/sra-pub-zq-38/SRR018/18092/SRR18092263/SRR18092263.lite.1	SRX14243197	RB22	WGS	RANDOM	GENOMIC	PAIRED	0	0	ILLUMINA	Illumina HiSeq 2000	SRP360840	PRJNA748547		748547	SRS12063704	SAMN26000588	simple	318829	Pyricularia oryzae	RB22							no					YUNNAN AGRICULTURAL UNIVERSITY	SRA1375495		public	9A548D1BB899130C2876BE3E931058B5	44B84841FBD0D9477ADD90CE8A0CC976
SRR18092262	2023-07-21 15:39:11	2022-02-23 13:52:48	13598883	2746974366	13598883	202	1893		https://sra-downloadb.be-md.ncbi.nlm.nih.gov/sos8/sra-pub-zq-820/SRR018/18092/SRR18092262/SRR18092262.lite.1	SRX14243198	S-1	WGS	RANDOM	GENOMIC	PAIRED	0	0	ILLUMINA	Illumina HiSeq 2000	SRP360840	PRJNA748547		748547	SRS12063705	SAMN26000601	simple	318829	Pyricularia oryzae	S-1							no					YUNNAN AGRICULTURAL UNIVERSITY	SRA1375495		public	EB551BAD97AFCEF9895077176EE3993C	4C7F2E9195B17179DF8321F597DE89AA
SRR18092249	2023-07-21 15:39:11	2022-02-23 13:51:35	7370539	1488848878	7370539	202	957		https://sra-downloadb.be-md.ncbi.nlm.nih.gov/sos8/sra-pub-zq-820/SRR018/18092/SRR18092249/SRR18092249.lite.1	SRX14243211	Su-1	WGS	RANDOM	GENOMIC	PAIRED	0	0	ILLUMINA	Illumina HiSeq 2000	SRP360840	PRJNA748547		748547	SRS12063718	SAMN26000602	simple	318829	Pyricularia oryzae	Su-1							no					YUNNAN AGRICULTURAL UNIVERSITY	SRA1375495		public	A5EB344A68B1BB03E0FAD67E8A2A4563	F699734785BF3AADA7A34041B386CC61
SRR18092248	2023-07-21 15:39:11	2022-02-23 13:51:16	10924819	2206813438	10924819	202	981		https://sra-downloadb.be-md.ncbi.nlm.nih.gov/sos8/sra-pub-zq-820/SRR018/18092/SRR18092248/SRR18092248.lite.1	SRX14243212	T-1	WGS	RANDOM	GENOMIC	PAIRED	0	0	ILLUMINA	Illumina HiSeq 2000	SRP360840	PRJNA748547		748547	SRS12063719	SAMN26000604	simple	318829	Pyricularia oryzae	T-1							no					YUNNAN AGRICULTURAL UNIVERSITY	SRA1375495		public	376C86F2E831AEC23807D94332FD0B75	3EF27A5910FE2D3EE5F0EBCD4ED5CD27
SRR18092185	2023-07-21 15:39:12	2022-02-23 13:48:03	9275399	1873630598	9275399	202	1188		https://sra-downloadb.be-md.ncbi.nlm.nih.gov/sos8/sra-pub-zq-820/SRR018/18092/SRR18092185/SRR18092185.lite.1	SRX14243274	YN226	WGS	RANDOM	GENOMIC	PAIRED	0	0	ILLUMINA	Illumina HiSeq 2000	SRP360840	PRJNA748547		748547	SRS12063781	SAMN26000516	simple	318829	Pyricularia oryzae	YN226							no					YUNNAN AGRICULTURAL UNIVERSITY	SRA1375495		public	DFC261015B4CC0EA606E94FCC4CB73DA	30B7A0651C26D6DC652EB4B8A7EACF65
SRR18092220	2023-07-21 15:39:12	2022-02-23 13:52:03	14541862	2937456124	14541862	202	2053		https://sra-downloadb.be-md.ncbi.nlm.nih.gov/sos1/sra-pub-zq-38/SRR018/18092/SRR18092220/SRR18092220.lite.1	SRX14243291	YN376	WGS	RANDOM	GENOMIC	PAIRED	0	0	ILLUMINA	Illumina HiSeq 2000	SRP360840	PRJNA748547		748547	SRS12063798	SAMN26000531	simple	318829	Pyricularia oryzae	YN376							no					YUNNAN AGRICULTURAL UNIVERSITY	SRA1375495		public	D92BB20B50CCC29C0F45BA97842284B0	89CB256F3F02376BA48E2D2D30FEA198
SRR18767177	2022-07-24 22:27:19	2022-04-18 15:19:31	20524941	6156237284	20524941	299	2401		https://sra-downloadb.be-md.ncbi.nlm.nih.gov/sos1/sra-pub-zq-38/SRR018/18767/SRR18767177/SRR18767177.lite.1	SRX14866598	R07	WGS	RANDOM	GENOMIC	PAIRED	0	0	ILLUMINA	Illumina HiSeq 2000	SRP370426	PRJNA826999		826999	SRS12620785	SAMN27593851	simple	318829	Pyricularia oryzae	R07							no					AGRICULTURAL ENVIRONMENT AND RESOURCES RESEARCH INSTITUTE	SRA1404865		public	227174A08C129B1720FA4A8B4808ADA5	A1A99C762371AB2351582DD07E5F5738
SRR18767176	2022-07-24 22:27:19	2022-04-18 15:14:16	14858229	4455890424	14858229	299	1766		https://sra-downloadb.be-md.ncbi.nlm.nih.gov/sos1/sra-pub-zq-38/SRR018/18767/SRR18767176/SRR18767176.lite.1	SRX14866599	R03	WGS	RANDOM	GENOMIC	PAIRED	0	0	ILLUMINA	Illumina HiSeq 2000	SRP370426	PRJNA826999		826999	SRS12620786	SAMN27593852	simple	318829	Pyricularia oryzae	R03							no					AGRICULTURAL ENVIRONMENT AND RESOURCES RESEARCH INSTITUTE	SRA1404865		public	96AAB959E1C3DA12ABDDAC8EE7D5917A	469B1A0272D5B44D34321EA9F79FB1C6
SRR18767175	2022-07-24 22:27:19	2022-04-18 15:15:15	14128635	4261562800	14128635	301	1701		https://sra-downloadb.be-md.ncbi.nlm.nih.gov/sos8/sra-pub-zq-820/SRR018/18767/SRR18767175/SRR18767175.lite.1	SRX14866600	R02	WGS	RANDOM	GENOMIC	PAIRED	0	0	ILLUMINA	Illumina HiSeq 2000	SRP370426	PRJNA826999		826999	SRS12620787	SAMN27593853	simple	318829	Pyricularia oryzae	R02							no					AGRICULTURAL ENVIRONMENT AND RESOURCES RESEARCH INSTITUTE	SRA1404865		public	1ED6ADA71D31DFFBAEFA83C1EE1482DD	2C30CE2E97D9A1FCDCA50A270D6F8D2B
SRR18767174	2022-07-24 22:27:19	2022-04-18 15:14:32	14474342	4341502684	14474342	299	1728		https://sra-downloadb.be-md.ncbi.nlm.nih.gov/sos8/sra-pub-zq-820/SRR018/18767/SRR18767174/SRR18767174.lite.1	SRX14866601	R04	WGS	RANDOM	GENOMIC	PAIRED	0	0	ILLUMINA	Illumina HiSeq 2000	SRP370426	PRJNA826999		826999	SRS12620788	SAMN27593854	simple	318829	Pyricularia oryzae	R04							no					AGRICULTURAL ENVIRONMENT AND RESOURCES RESEARCH INSTITUTE	SRA1404865		public	4BA16AD3E062463C8F8540E598110757	EAA73FFE13503F8E53E3A39DD6D62595
SRR18767173	2022-07-24 22:27:19	2022-04-18 15:17:19	17740940	5321503286	17740940	299	2099		https://sra-downloadb.be-md.ncbi.nlm.nih.gov/sos1/sra-pub-zq-38/SRR018/18767/SRR18767173/SRR18767173.lite.1	SRX14866602	R01	WGS	RANDOM	GENOMIC	PAIRED	0	0	ILLUMINA	Illumina HiSeq 2000	SRP370426	PRJNA826999		826999	SRS12620789	SAMN27593855	simple	318829	Pyricularia oryzae	R01							no					AGRICULTURAL ENVIRONMENT AND RESOURCES RESEARCH INSTITUTE	SRA1404865		public	3405C40BFA6AFD3FF95E01E755C45E88	625A4865A77473E4C2002CE6EB683808
SRR18767172	2022-07-24 22:27:19	2022-04-18 15:17:12	18014220	5402883286	18014220	299	2106		https://sra-downloadb.be-md.ncbi.nlm.nih.gov/sos1/sra-pub-zq-38/SRR018/18767/SRR18767172/SRR18767172.lite.1	SRX14866603	R05	WGS	RANDOM	GENOMIC	PAIRED	0	0	ILLUMINA	Illumina HiSeq 2000	SRP370426	PRJNA826999		826999	SRS12620790	SAMN27593856	simple	318829	Pyricularia oryzae	R05							no					AGRICULTURAL ENVIRONMENT AND RESOURCES RESEARCH INSTITUTE	SRA1404865		public	F4DAD5CAE2D9B0598BDBE9216ADA625D	29817A9D4F2094DC9474F983DEDBDC48
SRR18767171	2022-07-24 22:27:19	2022-04-18 15:12:03	17264225	5178631858	17264225	299	2038		https://sra-downloadb.be-md.ncbi.nlm.nih.gov/sos9/sra-pub-zq-922/SRR018/18767/SRR18767171/SRR18767171.lite.1	SRX14866604	R06	WGS	RANDOM	GENOMIC	PAIRED	0	0	ILLUMINA	Illumina HiSeq 2000	SRP370426	PRJNA826999		826999	SRS12620791	SAMN27593857	simple	318829	Pyricularia oryzae	R06							no					AGRICULTURAL ENVIRONMENT AND RESOURCES RESEARCH INSTITUTE	SRA1404865		public	8343F88BF9C5D752E842553F3EEA8B15	ED9FC8723C58E9427138F7788CBEFE9F
SRR18767170	2022-07-24 22:27:19	2022-04-18 15:12:16	18210504	5462423238	18210504	299	2117		https://sra-downloadb.be-md.ncbi.nlm.nih.gov/sos8/sra-pub-zq-820/SRR018/18767/SRR18767170/SRR18767170.lite.1	SRX14866605	R08	WGS	RANDOM	GENOMIC	PAIRED	0	0	ILLUMINA	Illumina HiSeq 2000	SRP370426	PRJNA826999		826999	SRS12620792	SAMN27593858	simple	318829	Pyricularia oryzae	R08							no					AGRICULTURAL ENVIRONMENT AND RESOURCES RESEARCH INSTITUTE	SRA1404865		public	1495A3F841EA271980181D1A06420C57	952FDA18EC0504917EDF5EC31F989E37
SRR18092186	2023-07-21 15:39:12	2022-02-23 13:52:52	7624625	1540174250	7624625	202	1071		https://sra-downloadb.be-md.ncbi.nlm.nih.gov/sos1/sra-pub-zq-38/SRR018/18092/SRR18092186/SRR18092186.lite.1	SRX14243273	YN220	WGS	RANDOM	GENOMIC	PAIRED	0	0	ILLUMINA	Illumina HiSeq 2000	SRP360840	PRJNA748547		748547	SRS12063780	SAMN26000515	simple	318829	Pyricularia oryzae	YN220							no					YUNNAN AGRICULTURAL UNIVERSITY	SRA1375495		public	819596689F01DD36EC789B730E2100DC	2DD180A2889F846B7A410DD8DA3700C5
SRR18092187	2023-07-21 15:39:12	2022-02-23 14:05:28	15204364	4591717928	15204364	302	1915		https://sra-downloadb.be-md.ncbi.nlm.nih.gov/sos1/sra-pub-zq-38/SRR018/18092/SRR18092187/SRR18092187.lite.1	SRX14243272	YN217	WGS	RANDOM	GENOMIC	PAIRED	0	0	ILLUMINA	Illumina HiSeq 2000	SRP360840	PRJNA748547		748547	SRS12063779	SAMN26000514	simple	318829	Pyricularia oryzae	YN217							no					YUNNAN AGRICULTURAL UNIVERSITY	SRA1375495		public	E93CC4E04BEEC88749CC9F18783AE844	4CD15632F2E13B7073DAA3DC2654EC1C
SRR18092188	2023-07-21 15:39:12	2022-02-23 13:50:00	10967543	2215443686	10967543	202	1245		https://sra-downloadb.be-md.ncbi.nlm.nih.gov/sos1/sra-pub-zq-38/SRR018/18092/SRR18092188/SRR18092188.lite.1	SRX14243271	YN208	WGS	RANDOM	GENOMIC	PAIRED	0	0	ILLUMINA	Illumina HiSeq 2000	SRP360840	PRJNA748547		748547	SRS12063778	SAMN26000513	simple	318829	Pyricularia oryzae	YN208							no					YUNNAN AGRICULTURAL UNIVERSITY	SRA1375495		public	FBCD9A0F60386F7A7F479BD470CD8995	E085CFE57F6932FE9492236D29F82A03
SRR18092189	2023-07-21 15:39:12	2022-02-23 13:51:17	22811919	4608007638	22811919	202	3307		https://sra-downloadb.be-md.ncbi.nlm.nih.gov/sos8/sra-pub-zq-820/SRR018/18092/SRR18092189/SRR18092189.lite.1	SRX14243270	YN199	WGS	RANDOM	GENOMIC	PAIRED	0	0	ILLUMINA	Illumina HiSeq 2000	SRP360840	PRJNA748547		748547	SRS12063777	SAMN26000512	simple	318829	Pyricularia oryzae	YN199							no					YUNNAN AGRICULTURAL UNIVERSITY	SRA1375495		public	91D786E3C796670DE8AF228ADB999AFD	08830E23F4E41722A5338AA984B32647
SRR18092190	2023-07-21 15:39:12	2022-02-23 13:58:43	26520303	5357101206	26520303	202	3650		https://sra-downloadb.be-md.ncbi.nlm.nih.gov/sos1/sra-pub-zq-38/SRR018/18092/SRR18092190/SRR18092190.lite.1	SRX14243269	YN179	WGS	RANDOM	GENOMIC	PAIRED	0	0	ILLUMINA	Illumina HiSeq 2000	SRP360840	PRJNA748547		748547	SRS12063776	SAMN26000511	simple	318829	Pyricularia oryzae	YN179							no					YUNNAN AGRICULTURAL UNIVERSITY	SRA1375495		public	BF79059C9A51320AFC68972BDC5C9475	498231F84722A42A31FFE2D637DF027A
SRR18092191	2023-07-21 15:39:12	2022-02-23 13:55:44	18398903	3716578406	18398903	202	2639		https://sra-downloadb.be-md.ncbi.nlm.nih.gov/sos8/sra-pub-zq-820/SRR018/18092/SRR18092191/SRR18092191.lite.1	SRX14243268	YN166	WGS	RANDOM	GENOMIC	PAIRED	0	0	ILLUMINA	Illumina HiSeq 2000	SRP360840	PRJNA748547		748547	SRS12063775	SAMN26000510	simple	318829	Pyricularia oryzae	YN166							no					YUNNAN AGRICULTURAL UNIVERSITY	SRA1375495		public	59B9D2E0BD78FFC7C19EC29C23EB3C83	559F970B06A81C26EF89C719A50F80FB
SRR18092192	2023-07-21 15:39:12	2022-02-23 13:52:06	15059920	3042103840	15059920	202	1644		https://sra-downloadb.be-md.ncbi.nlm.nih.gov/sos8/sra-pub-zq-820/SRR018/18092/SRR18092192/SRR18092192.lite.1	SRX14243267	YN540	WGS	RANDOM	GENOMIC	PAIRED	0	0	ILLUMINA	Illumina HiSeq 2000	SRP360840	PRJNA748547		748547	SRS12063774	SAMN26000556	simple	318829	Pyricularia oryzae	YN540							no					YUNNAN AGRICULTURAL UNIVERSITY	SRA1375495		public	384D22AB6C28B070007854A44EF5D3C7	4AB6E052EFF4AB2038089B2BD9FD5CC7
SRR18092193	2023-07-21 15:39:12	2022-02-23 13:55:11	11964691	2416867582	11964691	202	1423		https://sra-downloadb.be-md.ncbi.nlm.nih.gov/sos1/sra-pub-zq-38/SRR018/18092/SRR18092193/SRR18092193.lite.1	SRX14243266	YN490	WGS	RANDOM	GENOMIC	PAIRED	0	0	ILLUMINA	Illumina HiSeq 2000	SRP360840	PRJNA748547		748547	SRS12063773	SAMN26000555	simple	318829	Pyricularia oryzae	YN490							no					YUNNAN AGRICULTURAL UNIVERSITY	SRA1375495		public	C80ACE57943F6F1DFF646969EEC9B5A3	E64F4E6633EDD870BADBE50A02E76047
SRR18092194	2023-07-21 15:39:12	2022-02-23 13:51:03	16906803	3415174206	16906803	202	2650		https://sra-downloadb.be-md.ncbi.nlm.nih.gov/sos8/sra-pub-zq-820/SRR018/18092/SRR18092194/SRR18092194.lite.1	SRX14243265	YN487	WGS	RANDOM	GENOMIC	PAIRED	0	0	ILLUMINA	Illumina HiSeq 2000	SRP360840	PRJNA748547		748547	SRS12063772	SAMN26000554	simple	318829	Pyricularia oryzae	YN487							no					YUNNAN AGRICULTURAL UNIVERSITY	SRA1375495		public	C4FCC366A6EF7CA8EDA431C7299435C7	202B77516747D1EAD8A770FFBDDE7F69
SRR18092195	2023-07-21 15:39:12	2022-02-23 14:09:45	18617560	3760747120	18617560	202	2637		https://sra-downloadb.be-md.ncbi.nlm.nih.gov/sos1/sra-pub-zq-38/SRR018/18092/SRR18092195/SRR18092195.lite.1	SRX14243264	YN485	WGS	RANDOM	GENOMIC	PAIRED	0	0	ILLUMINA	Illumina HiSeq 2000	SRP360840	PRJNA748547		748547	SRS12063771	SAMN26000553	simple	318829	Pyricularia oryzae	YN485							no					YUNNAN AGRICULTURAL UNIVERSITY	SRA1375495		public	602C539C981E7925BA31F847F401845D	FF933C81167D242313A62FE5BB16333A
SRR18092196	2023-07-21 15:39:12	2022-02-23 13:59:42	14239590	2876397180	14239590	202	1959		https://sra-downloadb.be-md.ncbi.nlm.nih.gov/sos1/sra-pub-zq-38/SRR018/18092/SRR18092196/SRR18092196.lite.1	SRX14243263	YN480	WGS	RANDOM	GENOMIC	PAIRED	0	0	ILLUMINA	Illumina HiSeq 2000	SRP360840	PRJNA748547		748547	SRS12063770	SAMN26000552	simple	318829	Pyricularia oryzae	YN480							no					YUNNAN AGRICULTURAL UNIVERSITY	SRA1375495		public	4E6C4A2795EA09D781E26C10EB6A11D6	42A6D8DCE30E40240CE71B2B72E29323
SRR18092197	2023-07-21 15:39:12	2022-02-23 14:09:57	13457766	2718468732	13457766	202	2117		https://sra-downloadb.be-md.ncbi.nlm.nih.gov/sos8/sra-pub-zq-820/SRR018/18092/SRR18092197/SRR18092197.lite.1	SRX14243262	YN477	WGS	RANDOM	GENOMIC	PAIRED	0	0	ILLUMINA	Illumina HiSeq 2000	SRP360840	PRJNA748547		748547	SRS12063769	SAMN26000551	simple	318829	Pyricularia oryzae	YN477							no					YUNNAN AGRICULTURAL UNIVERSITY	SRA1375495		public	17BD562A8077D8203708FD95097B9AC5	44B1414E2C5980EEFEB3CF21F157577A
SRR18092198	2023-07-21 15:39:12	2022-02-23 13:55:35	14144519	2857192838	14144519	202	1867		https://sra-downloadb.be-md.ncbi.nlm.nih.gov/sos1/sra-pub-zq-38/SRR018/18092/SRR18092198/SRR18092198.lite.1	SRX14243261	YN476	WGS	RANDOM	GENOMIC	PAIRED	0	0	ILLUMINA	Illumina HiSeq 2000	SRP360840	PRJNA748547		748547	SRS12063768	SAMN26000550	simple	318829	Pyricularia oryzae	YN476							no					YUNNAN AGRICULTURAL UNIVERSITY	SRA1375495		public	3A391DFBC2D1CB4A19BA3C73C4FF2A7F	D518A3ECD102A3A56BFAA1B69799CC13
SRR18092199	2023-07-21 15:39:12	2022-02-23 13:50:05	12506448	2526302496	12506448	202	1554		https://sra-downloadb.be-md.ncbi.nlm.nih.gov/sos9/sra-pub-zq-924/SRR018/18092/SRR18092199/SRR18092199.lite.1	SRX14243260	YN468	WGS	RANDOM	GENOMIC	PAIRED	0	0	ILLUMINA	Illumina HiSeq 2000	SRP360840	PRJNA748547		748547	SRS12063767	SAMN26000549	simple	318829	Pyricularia oryzae	YN468							no					YUNNAN AGRICULTURAL UNIVERSITY	SRA1375495		public	6BA1B70B4C1BCE750CCD44F099711AA8	B55DB16344B4C0E7264252D0866015BF
SRR18092200	2023-07-21 15:39:12	2022-02-23 13:50:53	12018689	2427775178	12018689	202	1464		https://sra-downloadb.be-md.ncbi.nlm.nih.gov/sos1/sra-pub-zq-38/SRR018/18092/SRR18092200/SRR18092200.lite.1	SRX14243259	YN463	WGS	RANDOM	GENOMIC	PAIRED	0	0	ILLUMINA	Illumina HiSeq 2000	SRP360840	PRJNA748547		748547	SRS12063766	SAMN26000548	simple	318829	Pyricularia oryzae	YN463							no					YUNNAN AGRICULTURAL UNIVERSITY	SRA1375495		public	5B3A6EED7FA7CE86BB804104CCBEDD17	229E4384287AAD38200E5854A5025FC2
SRR18092201	2023-07-21 15:39:12	2022-02-23 13:47:16	12450838	2515069276	12450838	202	1847		https://sra-downloadb.be-md.ncbi.nlm.nih.gov/sos8/sra-pub-zq-820/SRR018/18092/SRR18092201/SRR18092201.lite.1	SRX14243258	YN462	WGS	RANDOM	GENOMIC	PAIRED	0	0	ILLUMINA	Illumina HiSeq 2000	SRP360840	PRJNA748547		748547	SRS12063765	SAMN26000547	simple	318829	Pyricularia oryzae	YN462							no					YUNNAN AGRICULTURAL UNIVERSITY	SRA1375495		public	3E5B1CF9839EFA81829F5943408A3C02	B294AB8A383CE76B453D0897B0B7D107
SRR18092202	2023-07-21 15:39:12	2022-02-23 14:01:21	7439477	1502774354	7439477	202	923		https://sra-downloadb.be-md.ncbi.nlm.nih.gov/sos1/sra-pub-zq-38/SRR018/18092/SRR18092202/SRR18092202.lite.1	SRX14243257	Hu-2	WGS	RANDOM	GENOMIC	PAIRED	0	0	ILLUMINA	Illumina HiSeq 2000	SRP360840	PRJNA748547		748547	SRS12063764	SAMN26000596	simple	318829	Pyricularia oryzae	Hu-2							no					YUNNAN AGRICULTURAL UNIVERSITY	SRA1375495		public	CEDE89028C5F51BE14B7517864B8C97D	14C8AD4E4D0C6FC8DDDB000FF4224157
SRR18092237	2023-07-21 15:39:11	2022-02-23 13:56:29	9886927	1997159254	9886927	202	1281		https://sra-downloadb.be-md.ncbi.nlm.nih.gov/sos8/sra-pub-zq-818/SRR018/18092/SRR18092237/SRR18092237.lite.1	SRX14243223	YN084	WGS	RANDOM	GENOMIC	PAIRED	0	0	ILLUMINA	Illumina HiSeq 2000	SRP360840	PRJNA748547		748547	SRS12063730	SAMN26000494	simple	318829	Pyricularia oryzae	YN084							no					YUNNAN AGRICULTURAL UNIVERSITY	SRA1375495		public	5D61B8058E4DEC3C154FB7D7CCE647CD	F40D3E8EA12893958B161166FA1158DA
SRR18092236	2023-07-21 15:39:11	2022-02-23 13:51:44	14141477	2856578354	14141477	202	1871		https://sra-downloadb.be-md.ncbi.nlm.nih.gov/sos8/sra-pub-zq-820/SRR018/18092/SRR18092236/SRR18092236.lite.1	SRX14243224	YN093	WGS	RANDOM	GENOMIC	PAIRED	0	0	ILLUMINA	Illumina HiSeq 2000	SRP360840	PRJNA748547		748547	SRS12063731	SAMN26000495	simple	318829	Pyricularia oryzae	YN093							no					YUNNAN AGRICULTURAL UNIVERSITY	SRA1375495		public	21821814834DB05F42DCABDCC9E36F87	7316386C626D18DA54FB1BD8DE3DD276
SRR18092235	2023-07-21 15:39:11	2022-02-23 13:48:01	10088214	2037819228	10088214	202	1430		https://sra-downloadb.be-md.ncbi.nlm.nih.gov/sos1/sra-pub-zq-38/SRR018/18092/SRR18092235/SRR18092235.lite.1	SRX14243225	YN094	WGS	RANDOM	GENOMIC	PAIRED	0	0	ILLUMINA	Illumina HiSeq 2000	SRP360840	PRJNA748547		748547	SRS12063732	SAMN26000496	simple	318829	Pyricularia oryzae	YN094							no					YUNNAN AGRICULTURAL UNIVERSITY	SRA1375495		public	8311519292B79255C90AEF09B99795AE	E89E9F90669DF30B987D45D3F6859CE1
SRR18092234	2023-07-21 15:39:11	2022-02-23 13:50:29	12802343	2586073286	12802343	202	1149		https://sra-downloadb.be-md.ncbi.nlm.nih.gov/sos1/sra-pub-zq-38/SRR018/18092/SRR18092234/SRR18092234.lite.1	SRX14243226	H-2	WGS	RANDOM	GENOMIC	PAIRED	0	0	ILLUMINA	Illumina HiSeq 2000	SRP360840	PRJNA748547		748547	SRS12063733	SAMN26000591	simple	318829	Pyricularia oryzae	H-2							no					YUNNAN AGRICULTURAL UNIVERSITY	SRA1375495		public	50FE7B78264537B3AAD6DDEC263D4854	3BF2C4ADBE20F6EA75A73E7EF12F2473
SRR18092233	2023-07-21 15:39:11	2022-02-23 13:52:38	22730526	4591566252	22730526	202	3039		https://sra-downloadb.be-md.ncbi.nlm.nih.gov/sos1/sra-pub-zq-38/SRR018/18092/SRR18092233/SRR18092233.lite.1	SRX14243227	YN097	WGS	RANDOM	GENOMIC	PAIRED	0	0	ILLUMINA	Illumina HiSeq 2000	SRP360840	PRJNA748547		748547	SRS12063734	SAMN26000497	simple	318829	Pyricularia oryzae	YN097							no					YUNNAN AGRICULTURAL UNIVERSITY	SRA1375495		public	0C3C27C26637FC32786F7631BB7FE67D	C0836AB63BBAD06CB62E25AFD8C9939E
SRR18092232	2023-07-21 15:39:11	2022-02-23 13:50:20	10482860	3165823720	10482860	302	1424		https://sra-downloadb.be-md.ncbi.nlm.nih.gov/sos1/sra-pub-zq-38/SRR018/18092/SRR18092232/SRR18092232.lite.1	SRX14243228	YN098	WGS	RANDOM	GENOMIC	PAIRED	0	0	ILLUMINA	Illumina HiSeq 2000	SRP360840	PRJNA748547		748547	SRS12063735	SAMN26000498	simple	318829	Pyricularia oryzae	YN098							no					YUNNAN AGRICULTURAL UNIVERSITY	SRA1375495		public	8C897F5E71C22500E6FDBFD37BA12A02	5C084A4C846B8A50204BC7AA11714DC5
SRR18092231	2023-07-21 15:39:11	2022-02-23 13:50:00	10116241	3055104782	10116241	302	1292		https://sra-downloadb.be-md.ncbi.nlm.nih.gov/sos1/sra-pub-zq-38/SRR018/18092/SRR18092231/SRR18092231.lite.1	SRX14243229	YN099	WGS	RANDOM	GENOMIC	PAIRED	0	0	ILLUMINA	Illumina HiSeq 2000	SRP360840	PRJNA748547		748547	SRS12063736	SAMN26000499	simple	318829	Pyricularia oryzae	YN099							no					YUNNAN AGRICULTURAL UNIVERSITY	SRA1375495		public	21B1F2600F5B79925EA28B298CAB7DB2	9129BE35C592CD872BE58725F53ED434
SRR18092230	2023-07-21 15:39:11	2022-02-23 13:55:45	12686420	3831298840	12686420	302	1606		https://sra-downloadb.be-md.ncbi.nlm.nih.gov/sos1/sra-pub-zq-38/SRR018/18092/SRR18092230/SRR18092230.lite.1	SRX14243230	YN100	WGS	RANDOM	GENOMIC	PAIRED	0	0	ILLUMINA	Illumina HiSeq 2000	SRP360840	PRJNA748547		748547	SRS12063737	SAMN26000500	simple	318829	Pyricularia oryzae	YN100							no					YUNNAN AGRICULTURAL UNIVERSITY	SRA1375495		public	0C276F6DBCF5E5654B732DD73AFA3576	4DEF10FB8046CD0274DE43525A104E47
SRR18092246	2023-07-21 15:39:11	2022-02-23 13:54:16	13595044	2746198888	13595044	202	1206		https://sra-downloadb.be-md.ncbi.nlm.nih.gov/sos1/sra-pub-zq-38/SRR018/18092/SRR18092246/SRR18092246.lite.1	SRX14243214	T-3	WGS	RANDOM	GENOMIC	PAIRED	0	0	ILLUMINA	Illumina HiSeq 2000	SRP360840	PRJNA748547		748547	SRS12063721	SAMN26000603	simple	318829	Pyricularia oryzae	T-3							no					YUNNAN AGRICULTURAL UNIVERSITY	SRA1375495		public	73487B0B62F0AEF1F65528FA2418AEFB	E7F7F071A60374DBDB62A8E4CA5BF789
SRR18092245	2023-07-21 15:39:11	2022-02-23 14:04:08	13896250	2807042500	13896250	202	1145		https://sra-downloadb.be-md.ncbi.nlm.nih.gov/sos1/sra-pub-zq-38/SRR018/18092/SRR18092245/SRR18092245.lite.1	SRX14243215	H-1	WGS	RANDOM	GENOMIC	PAIRED	0	0	ILLUMINA	Illumina HiSeq 2000	SRP360840	PRJNA748547		748547	SRS12063722	SAMN26000590	simple	318829	Pyricularia oryzae	H-1							no					YUNNAN AGRICULTURAL UNIVERSITY	SRA1375495		public	82DA029756EA542E320302B5042DBD76	DC789BED49ABC5E151D8CD4B34579FAE
SRR18092244	2023-07-21 15:39:11	2022-02-23 14:04:19	25005640	5051139280	25005640	202	3736		https://sra-downloadb.be-md.ncbi.nlm.nih.gov/sos1/sra-pub-zq-38/SRR018/18092/SRR18092244/SRR18092244.lite.1	SRX14243216	YN010	WGS	RANDOM	GENOMIC	PAIRED	0	0	ILLUMINA	Illumina HiSeq 2000	SRP360840	PRJNA748547		748547	SRS12063723	SAMN26000487	simple	318829	Pyricularia oryzae	YN010							no					YUNNAN AGRICULTURAL UNIVERSITY	SRA1375495		public	00A2DC3D7092D80CFF0AC6604AE656FD	29680A1AAA78117CB3AC4DB17F663926
SRR18092243	2023-07-21 15:39:11	2022-02-23 13:49:26	10059555	2032030110	10059555	202	871		https://sra-downloadb.be-md.ncbi.nlm.nih.gov/sos1/sra-pub-zq-38/SRR018/18092/SRR18092243/SRR18092243.lite.1	SRX14243217	YN027	WGS	RANDOM	GENOMIC	PAIRED	0	0	ILLUMINA	Illumina HiSeq 2000	SRP360840	PRJNA748547		748547	SRS12063724	SAMN26000488	simple	318829	Pyricularia oryzae	YN027							no					YUNNAN AGRICULTURAL UNIVERSITY	SRA1375495		public	62E21ED4A93E3AC03CFDB56A5E8A1A7E	792C79A5C3086512649160547A1465F3
SRR18092242	2023-07-21 15:39:11	2022-02-23 13:54:22	12257359	2475986518	12257359	202	1093		https://sra-downloadb.be-md.ncbi.nlm.nih.gov/sos1/sra-pub-zq-38/SRR018/18092/SRR18092242/SRR18092242.lite.1	SRX14243218	YN029	WGS	RANDOM	GENOMIC	PAIRED	0	0	ILLUMINA	Illumina HiSeq 2000	SRP360840	PRJNA748547		748547	SRS12063725	SAMN26000489	simple	318829	Pyricularia oryzae	YN029							no					YUNNAN AGRICULTURAL UNIVERSITY	SRA1375495		public	98A88C02ABE5461BBB3977D224E9EF76	9544329F27E742D882D3469B10AEF7A4
SRR18092241	2023-07-21 15:39:11	2022-02-23 13:54:03	14205558	2869522716	14205558	202	1270		https://sra-downloadb.be-md.ncbi.nlm.nih.gov/sos8/sra-pub-zq-818/SRR018/18092/SRR18092241/SRR18092241.lite.1	SRX14243219	YN030	WGS	RANDOM	GENOMIC	PAIRED	0	0	ILLUMINA	Illumina HiSeq 2000	SRP360840	PRJNA748547		748547	SRS12063726	SAMN26000490	simple	318829	Pyricularia oryzae	YN030							no					YUNNAN AGRICULTURAL UNIVERSITY	SRA1375495		public	6ED027D2595FE67D530B113C2304E9E6	FD6B51199C806541808AB8222640597A
SRR18092240	2023-07-21 15:39:11	2022-02-23 13:51:53	12231530	2470769060	12231530	202	1053		https://sra-downloadb.be-md.ncbi.nlm.nih.gov/sos1/sra-pub-zq-38/SRR018/18092/SRR18092240/SRR18092240.lite.1	SRX14243220	YN033	WGS	RANDOM	GENOMIC	PAIRED	0	0	ILLUMINA	Illumina HiSeq 2000	SRP360840	PRJNA748547		748547	SRS12063727	SAMN26000491	simple	318829	Pyricularia oryzae	YN033							no					YUNNAN AGRICULTURAL UNIVERSITY	SRA1375495		public	D8CE50D2E7D8BD0DB4114D11BD545745	6B819B416C1ABDB886FD4B631DA7EE09
SRR18092239	2023-07-21 15:39:11	2022-03-05 01:34:20	25369891	5116437194	25287903	201	3630		https://sra-downloadb.be-md.ncbi.nlm.nih.gov/sos1/sra-pub-zq-38/SRR018/18092/SRR18092239/SRR18092239.lite.1	SRX14243221	YN040	WGS	RANDOM	GENOMIC	PAIRED	0	0	ILLUMINA	Illumina HiSeq 2000	SRP360840	PRJNA748547		748547	SRS12063728	SAMN26000492	simple	318829	Pyricularia oryzae	YN040							no					YUNNAN AGRICULTURAL UNIVERSITY	SRA1375495		public	53FD226EAFCFB33F4740B5CA18B98FD6	AE80338AEF2096BF53BF208B85222F08
SRR18092238	2023-07-21 15:39:11	2022-02-23 14:04:14	16799597	3393518594	16799597	202	2088		https://sra-downloadb.be-md.ncbi.nlm.nih.gov/sos8/sra-pub-zq-820/SRR018/18092/SRR18092238/SRR18092238.lite.1	SRX14243222	YN047	WGS	RANDOM	GENOMIC	PAIRED	0	0	ILLUMINA	Illumina HiSeq 2000	SRP360840	PRJNA748547		748547	SRS12063729	SAMN26000493	simple	318829	Pyricularia oryzae	YN047							no					YUNNAN AGRICULTURAL UNIVERSITY	SRA1375495		public	D7B64F4A84E64AB020F2070DC27B711C	A9F1A56314CE29231EFCE6A2A4E657A4
SRR18092229	2023-07-21 15:39:11	2022-02-23 13:53:30	15552260	4062753720	15552260	261	1956		https://sra-downloadb.be-md.ncbi.nlm.nih.gov/sos8/sra-pub-zq-820/SRR018/18092/SRR18092229/SRR18092229.lite.1	SRX14243231	YN123	WGS	RANDOM	GENOMIC	PAIRED	0	0	ILLUMINA	Illumina HiSeq 2000	SRP360840	PRJNA748547		748547	SRS12063738	SAMN26000501	simple	318829	Pyricularia oryzae	YN123							no					YUNNAN AGRICULTURAL UNIVERSITY	SRA1375495		public	3B05556D3D75FBC0D4FF4643798BF08D	CC59C57D32D618027DE7CB63BCCBF3C5
SRR18092228	2023-07-21 15:39:11	2022-02-23 14:06:59	50524004	10205848808	50524004	202	6842		https://sra-downloadb.be-md.ncbi.nlm.nih.gov/sos1/sra-pub-zq-38/SRR018/18092/SRR18092228/SRR18092228.lite.1	SRX14243232	YN125	WGS	RANDOM	GENOMIC	PAIRED	0	0	ILLUMINA	Illumina HiSeq 2000	SRP360840	PRJNA748547		748547	SRS12063739	SAMN26000502	simple	318829	Pyricularia oryzae	YN125							no					YUNNAN AGRICULTURAL UNIVERSITY	SRA1375495		public	831728C0AB0589899267F1D9BB152215	81A61DD58E2BB2CDEB48FF67EDB5AE0E
SRR18092227	2023-07-21 15:39:11	2022-02-23 13:54:14	17339728	5236597856	17339728	302	2122		https://sra-downloadb.be-md.ncbi.nlm.nih.gov/sos8/sra-pub-zq-820/SRR018/18092/SRR18092227/SRR18092227.lite.1	SRX14243233	YN132	WGS	RANDOM	GENOMIC	PAIRED	0	0	ILLUMINA	Illumina HiSeq 2000	SRP360840	PRJNA748547		748547	SRS12063740	SAMN26000503	simple	318829	Pyricularia oryzae	YN132							no					YUNNAN AGRICULTURAL UNIVERSITY	SRA1375495		public	6380A6C9305F1085A087773C682C6219	7B0B880405F06654E715453C33124228
SRR18092226	2023-07-21 15:39:11	2022-02-23 13:55:56	23264006	4699329212	23264006	202	2863		https://sra-downloadb.be-md.ncbi.nlm.nih.gov/sos8/sra-pub-zq-820/SRR018/18092/SRR18092226/SRR18092226.lite.1	SRX14243234	YN137	WGS	RANDOM	GENOMIC	PAIRED	0	0	ILLUMINA	Illumina HiSeq 2000	SRP360840	PRJNA748547		748547	SRS12063741	SAMN26000504	simple	318829	Pyricularia oryzae	YN137							no					YUNNAN AGRICULTURAL UNIVERSITY	SRA1375495		public	242D3D54D6D17FD0A4CA0EEE66A73671	B671E03F0243A28765FDDBF13083FBB7
SRR18092225	2023-07-21 15:39:11	2022-02-23 13:55:50	11054125	2232933250	11054125	202	1482		https://sra-downloadb.be-md.ncbi.nlm.nih.gov/sos8/sra-pub-zq-820/SRR018/18092/SRR18092225/SRR18092225.lite.1	SRX14243235	YN153	WGS	RANDOM	GENOMIC	PAIRED	0	0	ILLUMINA	Illumina HiSeq 2000	SRP360840	PRJNA748547		748547	SRS12063742	SAMN26000505	simple	318829	Pyricularia oryzae	YN153							no					YUNNAN AGRICULTURAL UNIVERSITY	SRA1375495		public	398B8CD4A1AB62D2C6D603D2CB2470AC	05D589525FA9DAE0FF7FFF06A22B2FC0
SRR18092224	2023-07-21 15:39:11	2022-02-23 13:51:48	16296948	3291983496	16296948	202	1459		https://sra-downloadb.be-md.ncbi.nlm.nih.gov/sos1/sra-pub-zq-38/SRR018/18092/SRR18092224/SRR18092224.lite.1	SRX14243236	YN154	WGS	RANDOM	GENOMIC	PAIRED	0	0	ILLUMINA	Illumina HiSeq 2000	SRP360840	PRJNA748547		748547	SRS12063743	SAMN26000506	simple	318829	Pyricularia oryzae	YN154							no					YUNNAN AGRICULTURAL UNIVERSITY	SRA1375495		public	D8760F42031528DB4C006F3CB5C198E9	E2B142932BDC2A3E1415BF55EDC82E28
SRR18092223	2023-07-21 15:39:11	2022-02-23 13:49:42	11546932	2332480264	11546932	202	1066		https://sra-downloadb.be-md.ncbi.nlm.nih.gov/sos8/sra-pub-zq-820/SRR018/18092/SRR18092223/SRR18092223.lite.1	SRX14243237	Hei-1	WGS	RANDOM	GENOMIC	PAIRED	0	0	ILLUMINA	Illumina HiSeq 2000	SRP360840	PRJNA748547		748547	SRS12063744	SAMN26000592	simple	318829	Pyricularia oryzae	Hei-1							no					YUNNAN AGRICULTURAL UNIVERSITY	SRA1375495		public	4BB2EEFA5A82438DD30FE815A28C5AE6	C4C6C6CC62FA086A8EF7CBF493ABEC65
SRR18092222	2023-07-21 15:39:11	2022-02-23 13:49:49	10689893	2159358386	10689893	202	1423		https://sra-downloadb.be-md.ncbi.nlm.nih.gov/sos8/sra-pub-zq-820/SRR018/18092/SRR18092222/SRR18092222.lite.1	SRX14243238	YN157	WGS	RANDOM	GENOMIC	PAIRED	0	0	ILLUMINA	Illumina HiSeq 2000	SRP360840	PRJNA748547		748547	SRS12063745	SAMN26000507	simple	318829	Pyricularia oryzae	YN157							no					YUNNAN AGRICULTURAL UNIVERSITY	SRA1375495		public	C2ACC5392C11F1E47173B6D6F5E75F48	91F4A148E820004BE035BDD16F0C884B
SRR18092221	2023-07-21 15:39:11	2022-02-23 13:50:20	8751632	1767829664	8751632	202	1047		https://sra-downloadb.be-md.ncbi.nlm.nih.gov/sos8/sra-pub-zq-820/SRR018/18092/SRR18092221/SRR18092221.lite.1	SRX14243239	YN158	WGS	RANDOM	GENOMIC	PAIRED	0	0	ILLUMINA	Illumina HiSeq 2000	SRP360840	PRJNA748547		748547	SRS12063746	SAMN26000508	simple	318829	Pyricularia oryzae	YN158							no					YUNNAN AGRICULTURAL UNIVERSITY	SRA1375495		public	AFC7C41EE30C5B1799DBF6FF08968451	1569EDE21287CC04CBB4BB9DFD8CEFF8
SRR18092219	2023-07-21 15:39:11	2022-02-23 14:25:11	20673154	4175977108	20673154	202	2927		https://sra-downloadb.be-md.ncbi.nlm.nih.gov/sos8/sra-pub-zq-820/SRR018/18092/SRR18092219/SRR18092219.lite.1	SRX14243240	YN161	WGS	RANDOM	GENOMIC	PAIRED	0	0	ILLUMINA	Illumina HiSeq 2000	SRP360840	PRJNA748547		748547	SRS12063747	SAMN26000509	simple	318829	Pyricularia oryzae	YN161							no					YUNNAN AGRICULTURAL UNIVERSITY	SRA1375495		public	3AC029B94D23831D9B19801C8BF6CFE6	669392CA4A0B6C3BAA67DA8EA5EC4206
SRR18092218	2023-07-21 15:39:11	2022-02-23 13:55:45	11678918	2359141436	11678918	202	1363		https://sra-downloadb.be-md.ncbi.nlm.nih.gov/sos8/sra-pub-zq-820/SRR018/18092/SRR18092218/SRR18092218.lite.1	SRX14243241	YN390	WGS	RANDOM	GENOMIC	PAIRED	0	0	ILLUMINA	Illumina HiSeq 2000	SRP360840	PRJNA748547		748547	SRS12063748	SAMN26000532	simple	318829	Pyricularia oryzae	YN390							no					YUNNAN AGRICULTURAL UNIVERSITY	SRA1375495		public	CEC8F9BA41652DF3FB3AF9F29C314BE9	FAAD70BB974EDF96290191B1F3AF182B
SRR18092217	2023-07-21 15:39:11	2022-02-23 13:51:02	9408688	1900554976	9408688	202	1350		https://sra-downloadb.be-md.ncbi.nlm.nih.gov/sos9/sra-pub-zq-924/SRR018/18092/SRR18092217/SRR18092217.lite.1	SRX14243242	YN391	WGS	RANDOM	GENOMIC	PAIRED	0	0	ILLUMINA	Illumina HiSeq 2000	SRP360840	PRJNA748547		748547	SRS12063749	SAMN26000533	simple	318829	Pyricularia oryzae	YN391							no					YUNNAN AGRICULTURAL UNIVERSITY	SRA1375495		public	D2F613AF7DCBAE6EEBB128E42C1EB63D	DD94BE480FDC5E4570A2FB2AE3503958
SRR18092216	2023-07-21 15:39:11	2022-02-23 14:22:45	14687940	2966963880	14687940	202	2002		https://sra-downloadb.be-md.ncbi.nlm.nih.gov/sos1/sra-pub-zq-38/SRR018/18092/SRR18092216/SRR18092216.lite.1	SRX14243243	YN395	WGS	RANDOM	GENOMIC	PAIRED	0	0	ILLUMINA	Illumina HiSeq 2000	SRP360840	PRJNA748547		748547	SRS12063750	SAMN26000534	simple	318829	Pyricularia oryzae	YN395							no					YUNNAN AGRICULTURAL UNIVERSITY	SRA1375495		public	70E234197DDA012855C4624460C09593	8236AF911B7F66BBF6C4A6632EE1D8A1
SRR18092215	2023-07-21 15:39:11	2022-02-23 13:51:42	14506201	2930252602	14506201	202	1898		https://sra-downloadb.be-md.ncbi.nlm.nih.gov/sos8/sra-pub-zq-820/SRR018/18092/SRR18092215/SRR18092215.lite.1	SRX14243244	YN396	WGS	RANDOM	GENOMIC	PAIRED	0	0	ILLUMINA	Illumina HiSeq 2000	SRP360840	PRJNA748547		748547	SRS12063751	SAMN26000535	simple	318829	Pyricularia oryzae	YN396							no					YUNNAN AGRICULTURAL UNIVERSITY	SRA1375495		public	1682E54B683E8AE6A0B753BEA34820B5	C4B46E90F6252690F3AED7B8C8BB0BAF
SRR18092214	2023-07-21 15:39:11	2022-02-23 13:50:41	9413312	1901489024	9413312	202	1223		https://sra-downloadb.be-md.ncbi.nlm.nih.gov/sos1/sra-pub-zq-38/SRR018/18092/SRR18092214/SRR18092214.lite.1	SRX14243245	YN397	WGS	RANDOM	GENOMIC	PAIRED	0	0	ILLUMINA	Illumina HiSeq 2000	SRP360840	PRJNA748547		748547	SRS12063752	SAMN26000536	simple	318829	Pyricularia oryzae	YN397							no					YUNNAN AGRICULTURAL UNIVERSITY	SRA1375495		public	526D74294B1E2D86AF33C9432B2EB539	4640B42313E76DBC079808C12775B217
SRR18092213	2023-07-21 15:39:11	2022-02-23 13:52:58	14427953	2914446506	14427953	202	1286		https://sra-downloadb.be-md.ncbi.nlm.nih.gov/sos1/sra-pub-zq-38/SRR018/18092/SRR18092213/SRR18092213.lite.1	SRX14243246	Hu-1	WGS	RANDOM	GENOMIC	PAIRED	0	0	ILLUMINA	Illumina HiSeq 2000	SRP360840	PRJNA748547		748547	SRS12063753	SAMN26000595	simple	318829	Pyricularia oryzae	Hu-1							no					YUNNAN AGRICULTURAL UNIVERSITY	SRA1375495		public	D7529D385BCDFCE8C3EDFBCAD009A115	D128A6D3E1DE3B6A6CF422A2ACDF92AD
SRR18092212	2023-07-21 15:39:11	2022-02-23 14:02:18	19494029	3937793858	19494029	202	2486		https://sra-downloadb.be-md.ncbi.nlm.nih.gov/sos8/sra-pub-zq-818/SRR018/18092/SRR18092212/SRR18092212.lite.1	SRX14243247	YN398	WGS	RANDOM	GENOMIC	PAIRED	0	0	ILLUMINA	Illumina HiSeq 2000	SRP360840	PRJNA748547		748547	SRS12063754	SAMN26000537	simple	318829	Pyricularia oryzae	YN398							no					YUNNAN AGRICULTURAL UNIVERSITY	SRA1375495		public	76C56D3721960209048EE54D9D115397	B0BFA8B7ADB9B4967A99C2A75B70FFAE
SRR18092211	2023-07-21 15:39:11	2022-02-23 13:53:32	15854551	3202619302	15854551	202	1985		https://sra-downloadb.be-md.ncbi.nlm.nih.gov/sos1/sra-pub-zq-38/SRR018/18092/SRR18092211/SRR18092211.lite.1	SRX14243248	YN406	WGS	RANDOM	GENOMIC	PAIRED	0	0	ILLUMINA	Illumina HiSeq 2000	SRP360840	PRJNA748547		748547	SRS12063755	SAMN26000538	simple	318829	Pyricularia oryzae	YN406							no					YUNNAN AGRICULTURAL UNIVERSITY	SRA1375495		public	D6E44DE3B641DA1DB03F9D432DBB7788	3D74164C9803A342BF7725E03E00490D
SRR18092210	2023-07-21 15:39:11	2022-02-23 14:02:10	14939618	3017802836	14939618	202	1908		https://sra-downloadb.be-md.ncbi.nlm.nih.gov/sos8/sra-pub-zq-818/SRR018/18092/SRR18092210/SRR18092210.lite.1	SRX14243249	YN410	WGS	RANDOM	GENOMIC	PAIRED	0	0	ILLUMINA	Illumina HiSeq 2000	SRP360840	PRJNA748547		748547	SRS12063756	SAMN26000539	simple	318829	Pyricularia oryzae	YN410							no					YUNNAN AGRICULTURAL UNIVERSITY	SRA1375495		public	341737B99DE952A186F9BF25AF68A48F	10795B598214CB7D8704DAB5ED2E3B91
SRR18092209	2023-07-21 15:39:11	2022-02-23 13:51:29	13752729	2778051258	13752729	202	1769		https://sra-downloadb.be-md.ncbi.nlm.nih.gov/sos8/sra-pub-zq-820/SRR018/18092/SRR18092209/SRR18092209.lite.1	SRX14243250	YN427	WGS	RANDOM	GENOMIC	PAIRED	0	0	ILLUMINA	Illumina HiSeq 2000	SRP360840	PRJNA748547		748547	SRS12063757	SAMN26000540	simple	318829	Pyricularia oryzae	YN427							no					YUNNAN AGRICULTURAL UNIVERSITY	SRA1375495		public	935AA2B4B94166B06AC09E122D54A8AC	54BC775E1A0CE2907ECE217AA65BCF8A
SRR18092208	2023-07-21 15:39:11	2022-02-23 13:50:59	17049445	3443987890	17049445	202	2552		https://sra-downloadb.be-md.ncbi.nlm.nih.gov/sos1/sra-pub-zq-38/SRR018/18092/SRR18092208/SRR18092208.lite.1	SRX14243251	YN435	WGS	RANDOM	GENOMIC	PAIRED	0	0	ILLUMINA	Illumina HiSeq 2000	SRP360840	PRJNA748547		748547	SRS12063758	SAMN26000541	simple	318829	Pyricularia oryzae	YN435							no					YUNNAN AGRICULTURAL UNIVERSITY	SRA1375495		public	45165B641D210502F66FD63C7FC7B1CE	BAF4D6BCCA13222AEC8225F5F955FFC7
SRR18092207	2023-07-21 15:39:11	2022-02-23 13:50:28	9553350	1929776700	9553350	202	1074		https://sra-downloadb.be-md.ncbi.nlm.nih.gov/sos1/sra-pub-zq-38/SRR018/18092/SRR18092207/SRR18092207.lite.1	SRX14243252	YN442	WGS	RANDOM	GENOMIC	PAIRED	0	0	ILLUMINA	Illumina HiSeq 2000	SRP360840	PRJNA748547		748547	SRS12063759	SAMN26000542	simple	318829	Pyricularia oryzae	YN442							no					YUNNAN AGRICULTURAL UNIVERSITY	SRA1375495		public	957D9C35203B198FAC3BC2916B2B6417	BA7A2434EE5F417E15A2865C739B153F
SRR18092206	2023-07-21 15:39:12	2022-02-23 13:52:46	15485365	4676580230	15485365	302	2016		https://sra-downloadb.be-md.ncbi.nlm.nih.gov/sos1/sra-pub-zq-38/SRR018/18092/SRR18092206/SRR18092206.lite.1	SRX14243253	YN444	WGS	RANDOM	GENOMIC	PAIRED	0	0	ILLUMINA	Illumina HiSeq 2000	SRP360840	PRJNA748547		748547	SRS12063760	SAMN26000543	simple	318829	Pyricularia oryzae	YN444							no					YUNNAN AGRICULTURAL UNIVERSITY	SRA1375495		public	980E7324FE8620728C94301E07F9D50A	0CFE47BCB1A1AE549FDA516D369A929A
SRR18092205	2023-07-21 15:39:12	2022-02-23 14:03:28	18300196	5526659192	18300196	302	2454		https://sra-downloadb.be-md.ncbi.nlm.nih.gov/sos1/sra-pub-zq-38/SRR018/18092/SRR18092205/SRR18092205.lite.1	SRX14243254	YN451	WGS	RANDOM	GENOMIC	PAIRED	0	0	ILLUMINA	Illumina HiSeq 2000	SRP360840	PRJNA748547		748547	SRS12063761	SAMN26000544	simple	318829	Pyricularia oryzae	YN451							no					YUNNAN AGRICULTURAL UNIVERSITY	SRA1375495		public	AC5041E2AF4A2FF1F2679E5D5B3A27D3	3802A8CFF29438DF46D244B80D57A73C
SRR18092204	2023-07-21 15:39:12	2022-02-23 13:48:13	11551579	2333418958	11551579	202	1688		https://sra-downloadb.be-md.ncbi.nlm.nih.gov/sos8/sra-pub-zq-820/SRR018/18092/SRR18092204/SRR18092204.lite.1	SRX14243255	YN455	WGS	RANDOM	GENOMIC	PAIRED	0	0	ILLUMINA	Illumina HiSeq 2000	SRP360840	PRJNA748547		748547	SRS12063762	SAMN26000545	simple	318829	Pyricularia oryzae	YN455							no					YUNNAN AGRICULTURAL UNIVERSITY	SRA1375495		public	77E5487614F971D870CBF475A4FDA221	4C92725295236151BEC3D8A63A143C6E
SRR18092203	2023-07-21 15:39:12	2022-02-23 13:49:35	11249264	2272351328	11249264	202	1453		https://sra-downloadb.be-md.ncbi.nlm.nih.gov/sos8/sra-pub-zq-818/SRR018/18092/SRR18092203/SRR18092203.lite.1	SRX14243256	YN460	WGS	RANDOM	GENOMIC	PAIRED	0	0	ILLUMINA	Illumina HiSeq 2000	SRP360840	PRJNA748547		748547	SRS12063763	SAMN26000546	simple	318829	Pyricularia oryzae	YN460							no					YUNNAN AGRICULTURAL UNIVERSITY	SRA1375495		public	61E26B3C725C6F9138BBCF0248766187	53666C797915F1F508E4BC32C73EAB15
SRR18092285	2023-07-21 15:39:10	2022-02-23 13:54:22	12525827	2530217054	12525827	202	930		https://sra-downloadb.be-md.ncbi.nlm.nih.gov/sos1/sra-pub-zq-38/SRR018/18092/SRR18092285/SRR18092285.lite.1	SRX14243175	L-2	WGS	RANDOM	GENOMIC	PAIRED	0	0	ILLUMINA	Illumina HiSeq 2000	SRP360840	PRJNA748547		748547	SRS12063682	SAMN26000597	simple	318829	Pyricularia oryzae	L-2							no					YUNNAN AGRICULTURAL UNIVERSITY	SRA1375495		public	2F1EE0EC66CF3B451BD293FAD6C9A0AA	B4068763F38F7905D344704584C36650
SRR18092274	2023-07-21 15:39:11	2022-02-23 13:54:12	10175010	2055352020	10175010	202	757		https://sra-downloadb.be-md.ncbi.nlm.nih.gov/sos8/sra-pub-zq-820/SRR018/18092/SRR18092274/SRR18092274.lite.1	SRX14243186	P06-6	WGS	RANDOM	GENOMIC	PAIRED	0	0	ILLUMINA	Illumina HiSeq 2000	SRP360840	PRJNA748547		748547	SRS12063693	SAMN26000598	simple	318829	Pyricularia oryzae	P06-6							no					YUNNAN AGRICULTURAL UNIVERSITY	SRA1375495		public	C6E9B9C67FE8AF14EF9D250BB69E9339	F22F2C1FC44CBDAE3E687DF735BF9517
SRR18092264	2023-07-21 15:39:11	2022-02-23 14:01:37	7842261	1584136722	7842261	202	974		https://sra-downloadb.be-md.ncbi.nlm.nih.gov/sos1/sra-pub-zq-38/SRR018/18092/SRR18092264/SRR18092264.lite.1	SRX14243196	R01-1	WGS	RANDOM	GENOMIC	PAIRED	0	0	ILLUMINA	Illumina HiSeq 2000	SRP360840	PRJNA748547		748547	SRS12063703	SAMN26000599	simple	318829	Pyricularia oryzae	R01-1							no					YUNNAN AGRICULTURAL UNIVERSITY	SRA1375495		public	24B62FDAA2B5182A2061809E013B19D1	71A2BA4A316498CF201B647F5929B9BE
SRR18092261	2023-07-21 15:39:11	2022-02-23 14:00:53	8997850	1817565700	8997850	202	741		https://sra-downloadb.be-md.ncbi.nlm.nih.gov/sos8/sra-pub-zq-820/SRR018/18092/SRR18092261/SRR18092261.lite.1	SRX14243199	S-2	WGS	RANDOM	GENOMIC	PAIRED	0	0	ILLUMINA	Illumina HiSeq 2000	SRP360840	PRJNA748547		748547	SRS12063706	SAMN26000600	simple	318829	Pyricularia oryzae	S-2							no					YUNNAN AGRICULTURAL UNIVERSITY	SRA1375495		public	A1DC3B180F97508DB66C695D7BEF9DC2	F6B51B1F8FA8BCD78B4CEF5716827899
SRR18092247	2023-07-21 15:39:11	2022-02-23 14:02:01	13138069	2653889938	13138069	202	1125		https://sra-downloadb.be-md.ncbi.nlm.nih.gov/sos8/sra-pub-zq-820/SRR018/18092/SRR18092247/SRR18092247.lite.1	SRX14243213	T-2	WGS	RANDOM	GENOMIC	PAIRED	0	0	ILLUMINA	Illumina HiSeq 2000	SRP360840	PRJNA748547		748547	SRS12063720	SAMN26000605	simple	318829	Pyricularia oryzae	T-2							no					YUNNAN AGRICULTURAL UNIVERSITY	SRA1375495		public	E1A177EE874AC0B30196FB80890CA6AE	A580BAFCA7D10502A471729F0BBA96F4
SRR18092259	2023-07-21 15:39:11	2022-02-23 13:54:52	19122004	3862644808	19122004	202	2419		https://sra-downloadb.be-md.ncbi.nlm.nih.gov/sos8/sra-pub-zq-820/SRR018/18092/SRR18092259/SRR18092259.lite.1	SRX14243201	YN541	WGS	RANDOM	GENOMIC	PAIRED	0	0	ILLUMINA	Illumina HiSeq 2000	SRP360840	PRJNA748547		748547	SRS12063708	SAMN26000557	simple	318829	Pyricularia oryzae	YN541							no					YUNNAN AGRICULTURAL UNIVERSITY	SRA1375495		public	3398C2F511A0D26A6D8378C5493F2C83	6CC467919734D9C124B81245E0BC204F
SRR18092258	2023-07-21 15:39:11	2022-02-23 14:03:04	25256607	5101834614	25256607	202	3535		https://sra-downloadb.be-md.ncbi.nlm.nih.gov/sos8/sra-pub-zq-820/SRR018/18092/SRR18092258/SRR18092258.lite.1	SRX14243202	YN544	WGS	RANDOM	GENOMIC	PAIRED	0	0	ILLUMINA	Illumina HiSeq 2000	SRP360840	PRJNA748547		748547	SRS12063709	SAMN26000558	simple	318829	Pyricularia oryzae	YN544							no					YUNNAN AGRICULTURAL UNIVERSITY	SRA1375495		public	098E17A1D64F2DAF9943A1A8A361886C	338E3E1DAE52A3452489BDCCE8B95E2A
SRR18092257	2023-07-21 15:39:11	2022-02-23 13:51:27	9042676	1826620552	9042676	202	1166		https://sra-downloadb.be-md.ncbi.nlm.nih.gov/sos9/sra-pub-zq-924/SRR018/18092/SRR18092257/SRR18092257.lite.1	SRX14243203	YN557	WGS	RANDOM	GENOMIC	PAIRED	0	0	ILLUMINA	Illumina HiSeq 2000	SRP360840	PRJNA748547		748547	SRS12063710	SAMN26000559	simple	318829	Pyricularia oryzae	YN557							no					YUNNAN AGRICULTURAL UNIVERSITY	SRA1375495		public	481A23BEAB4CEE6705E948FD3C313EA0	D9EC86D1CF3D5CC8B018AEA669589262
SRR18092256	2023-07-21 15:39:11	2022-02-23 14:07:35	43954167	8878741734	43954167	202	4953		https://sra-downloadb.be-md.ncbi.nlm.nih.gov/sos8/sra-pub-zq-820/SRR018/18092/SRR18092256/SRR18092256.lite.1	SRX14243204	YN561	WGS	RANDOM	GENOMIC	PAIRED	0	0	ILLUMINA	Illumina HiSeq 2000	SRP360840	PRJNA748547		748547	SRS12063711	SAMN26000560	simple	318829	Pyricularia oryzae	YN561							no					YUNNAN AGRICULTURAL UNIVERSITY	SRA1375495		public	622D8AC8356D73D307983FDF5323F679	860E3DCE70522937E60B7E1FB0E71F97
SRR18092255	2023-07-21 15:39:11	2022-02-23 13:52:29	11166427	2255618254	11166427	202	1468		https://sra-downloadb.be-md.ncbi.nlm.nih.gov/sos8/sra-pub-zq-820/SRR018/18092/SRR18092255/SRR18092255.lite.1	SRX14243205	YN567	WGS	RANDOM	GENOMIC	PAIRED	0	0	ILLUMINA	Illumina HiSeq 2000	SRP360840	PRJNA748547		748547	SRS12063712	SAMN26000561	simple	318829	Pyricularia oryzae	YN567							no					YUNNAN AGRICULTURAL UNIVERSITY	SRA1375495		public	C547588F09594B3BD65BF595AA8E2077	45DC7D9AC549A1AB2EB8FEF162FA6A76
SRR18092254	2023-07-21 15:39:11	2022-02-23 13:57:08	11140360	2250352720	11140360	202	1486		https://sra-downloadb.be-md.ncbi.nlm.nih.gov/sos8/sra-pub-zq-820/SRR018/18092/SRR18092254/SRR18092254.lite.1	SRX14243206	YN601	WGS	RANDOM	GENOMIC	PAIRED	0	0	ILLUMINA	Illumina HiSeq 2000	SRP360840	PRJNA748547		748547	SRS12063713	SAMN26000562	simple	318829	Pyricularia oryzae	YN601							no					YUNNAN AGRICULTURAL UNIVERSITY	SRA1375495		public	431E1DDEABB4CBBFDBFACC7F86023667	0D768571D8497EE5C1D3D13FDC4ECE9A
SRR18092253	2023-07-21 15:39:11	2022-02-23 13:52:44	13777963	2783148526	13777963	202	1657		https://sra-downloadb.be-md.ncbi.nlm.nih.gov/sos8/sra-pub-zq-820/SRR018/18092/SRR18092253/SRR18092253.lite.1	SRX14243207	YN604	WGS	RANDOM	GENOMIC	PAIRED	0	0	ILLUMINA	Illumina HiSeq 2000	SRP360840	PRJNA748547		748547	SRS12063714	SAMN26000563	simple	318829	Pyricularia oryzae	YN604							no					YUNNAN AGRICULTURAL UNIVERSITY	SRA1375495		public	10DBB9FD350F585913D960697187BADC	1F93BBDDCD0E0CFF4578B9C24A8F0E73
SRR18092252	2023-07-21 15:39:11	2022-02-23 13:51:45	10134963	2047262526	10134963	202	1251		https://sra-downloadb.be-md.ncbi.nlm.nih.gov/sos9/sra-pub-zq-924/SRR018/18092/SRR18092252/SRR18092252.lite.1	SRX14243208	YN608	WGS	RANDOM	GENOMIC	PAIRED	0	0	ILLUMINA	Illumina HiSeq 2000	SRP360840	PRJNA748547		748547	SRS12063715	SAMN26000564	simple	318829	Pyricularia oryzae	YN608							no					YUNNAN AGRICULTURAL UNIVERSITY	SRA1375495		public	46CFC0056597942CA8416E628CBE5BC8	618FD051EE6407B27444355D0CDC39ED
SRR18092251	2023-07-21 15:39:11	2022-02-23 14:09:29	17782235	3592011470	17782235	202	1858		https://sra-downloadb.be-md.ncbi.nlm.nih.gov/sos8/sra-pub-zq-818/SRR018/18092/SRR18092251/SRR18092251.lite.1	SRX14243209	YN617	WGS	RANDOM	GENOMIC	PAIRED	0	0	ILLUMINA	Illumina HiSeq 2000	SRP360840	PRJNA748547		748547	SRS12063716	SAMN26000565	simple	318829	Pyricularia oryzae	YN617							no					YUNNAN AGRICULTURAL UNIVERSITY	SRA1375495		public	D2AAD8B683EE03782A8C2587B3E74371	4AFD34CCE2855CB19F290DD6EF104769
SRR18092250	2023-07-21 15:39:11	2022-02-23 13:54:57	10714382	2164305164	10714382	202	1404		https://sra-downloadb.be-md.ncbi.nlm.nih.gov/sos9/sra-pub-zq-924/SRR018/18092/SRR18092250/SRR18092250.lite.1	SRX14243210	YN626	WGS	RANDOM	GENOMIC	PAIRED	0	0	ILLUMINA	Illumina HiSeq 2000	SRP360840	PRJNA748547		748547	SRS12063717	SAMN26000566	simple	318829	Pyricularia oryzae	YN626							no					YUNNAN AGRICULTURAL UNIVERSITY	SRA1375495		public	D95C6CFADE65A772F52FA773FE8383AC	FA46949A0E0A24799C82CFD22BD16FC5
SRR18092284	2023-07-21 15:39:10	2022-02-23 13:53:01	12381439	2501050678	12381439	202	1500		https://sra-downloadb.be-md.ncbi.nlm.nih.gov/sos9/sra-pub-zq-924/SRR018/18092/SRR18092284/SRR18092284.lite.1	SRX14243176	YN634	WGS	RANDOM	GENOMIC	PAIRED	0	0	ILLUMINA	Illumina HiSeq 2000	SRP360840	PRJNA748547		748547	SRS12063683	SAMN26000567	simple	318829	Pyricularia oryzae	YN634							no					YUNNAN AGRICULTURAL UNIVERSITY	SRA1375495		public	F873431D4BE8DDF858BFEBB2D998A776	E4FA47137DA69D28085CDFE6B67DC728
SRR18092283	2023-07-21 15:39:10	2022-02-23 13:52:45	11882171	2400198542	11882171	202	1492		https://sra-downloadb.be-md.ncbi.nlm.nih.gov/sos1/sra-pub-zq-38/SRR018/18092/SRR18092283/SRR18092283.lite.1	SRX14243177	YN635	WGS	RANDOM	GENOMIC	PAIRED	0	0	ILLUMINA	Illumina HiSeq 2000	SRP360840	PRJNA748547		748547	SRS12063684	SAMN26000568	simple	318829	Pyricularia oryzae	YN635							no					YUNNAN AGRICULTURAL UNIVERSITY	SRA1375495		public	66C778760F7B3B5DF2758B97022F496D	6CC0E252BD4598E39B3AF9648FECC4A0
SRR18092282	2023-07-21 15:39:10	2022-03-03 23:31:51	16119332	2820419950	11805618	174	1300		https://sra-downloadb.be-md.ncbi.nlm.nih.gov/sos8/sra-pub-zq-820/SRR018/18092/SRR18092282/SRR18092282.lite.1	SRX14243178	YN640	WGS	RANDOM	GENOMIC	PAIRED	0	0	ILLUMINA	Illumina HiSeq 2000	SRP360840	PRJNA748547		748547	SRS12063685	SAMN26000569	simple	318829	Pyricularia oryzae	YN640							no					YUNNAN AGRICULTURAL UNIVERSITY	SRA1375495		public	8ED816652E54A72005DBD28462257B73	C5956BB631E347E62EF888713F65798D
SRR18092281	2023-07-21 15:39:10	2022-02-23 13:53:16	10749899	2171479598	10749899	202	943		https://sra-downloadb.be-md.ncbi.nlm.nih.gov/sos8/sra-pub-zq-820/SRR018/18092/SRR18092281/SRR18092281.lite.1	SRX14243179	YN642	WGS	RANDOM	GENOMIC	PAIRED	0	0	ILLUMINA	Illumina HiSeq 2000	SRP360840	PRJNA748547		748547	SRS12063686	SAMN26000570	simple	318829	Pyricularia oryzae	YN642							no					YUNNAN AGRICULTURAL UNIVERSITY	SRA1375495		public	74BE3D37DC5F1D5AE56758CDF3186DE0	EE7C20813A060246C33A0F8AEEC7E8FA
SRR18092280	2023-07-21 15:39:10	2022-02-23 14:00:02	27321760	5518995520	27321760	202	2509		https://sra-downloadb.be-md.ncbi.nlm.nih.gov/sos8/sra-pub-zq-820/SRR018/18092/SRR18092280/SRR18092280.lite.1	SRX14243180	YN643	WGS	RANDOM	GENOMIC	PAIRED	0	0	ILLUMINA	Illumina HiSeq 2000	SRP360840	PRJNA748547		748547	SRS12063687	SAMN26000571	simple	318829	Pyricularia oryzae	YN643							no					YUNNAN AGRICULTURAL UNIVERSITY	SRA1375495		public	EC73F325E490E7BC28DF6352ACAE7B3B	C15E548DC428A4FB1975781F89458A0B
SRR18092279	2023-07-21 15:39:10	2022-02-23 13:55:39	23804792	4808567984	23804792	202	3183		https://sra-downloadb.be-md.ncbi.nlm.nih.gov/sos1/sra-pub-zq-38/SRR018/18092/SRR18092279/SRR18092279.lite.1	SRX14243181	YN651	WGS	RANDOM	GENOMIC	PAIRED	0	0	ILLUMINA	Illumina HiSeq 2000	SRP360840	PRJNA748547		748547	SRS12063688	SAMN26000572	simple	318829	Pyricularia oryzae	YN651							no					YUNNAN AGRICULTURAL UNIVERSITY	SRA1375495		public	EF2993535C68985C5956AA5E46AFD8EC	16F800C2F039084FC191C7002E83337A
SRR18092278	2023-07-21 15:39:10	2022-02-23 13:52:06	11525607	2328172614	11525607	202	1039		https://sra-downloadb.be-md.ncbi.nlm.nih.gov/sos8/sra-pub-zq-820/SRR018/18092/SRR18092278/SRR18092278.lite.1	SRX14243182	YN657	WGS	RANDOM	GENOMIC	PAIRED	0	0	ILLUMINA	Illumina HiSeq 2000	SRP360840	PRJNA748547		748547	SRS12063689	SAMN26000573	simple	318829	Pyricularia oryzae	YN657							no					YUNNAN AGRICULTURAL UNIVERSITY	SRA1375495		public	7C424224A14CCA08BBED2CA6B5CE2A60	FCF50B83E049C3720A44E97E9E01B093
SRR18092277	2023-07-21 15:39:10	2022-02-23 13:55:26	14159411	2860201022	14159411	202	1617		https://sra-downloadb.be-md.ncbi.nlm.nih.gov/sos1/sra-pub-zq-38/SRR018/18092/SRR18092277/SRR18092277.lite.1	SRX14243183	YN661	WGS	RANDOM	GENOMIC	PAIRED	0	0	ILLUMINA	Illumina HiSeq 2000	SRP360840	PRJNA748547		748547	SRS12063690	SAMN26000574	simple	318829	Pyricularia oryzae	YN661							no					YUNNAN AGRICULTURAL UNIVERSITY	SRA1375495		public	4D2B98AD24CB110F3990E173189DF018	07FE7D0FDF8932B0C8DF404678CF672C
SRR18092276	2023-07-21 15:39:10	2022-02-23 14:03:38	6937653	1401405906	6937653	202	974		https://sra-downloadb.be-md.ncbi.nlm.nih.gov/sos8/sra-pub-zq-818/SRR018/18092/SRR18092276/SRR18092276.lite.1	SRX14243184	YN670	WGS	RANDOM	GENOMIC	PAIRED	0	0	ILLUMINA	Illumina HiSeq 2000	SRP360840	PRJNA748547		748547	SRS12063691	SAMN26000575	simple	318829	Pyricularia oryzae	YN670							no					YUNNAN AGRICULTURAL UNIVERSITY	SRA1375495		public	203BD318577B96E35BEA0CAD730F79BE	23182F19DA2D882E8B2D537C7E5CB485
SRR18092275	2023-07-21 15:39:11	2022-02-23 13:54:45	15465980	3124127960	15465980	202	1988		https://sra-downloadb.be-md.ncbi.nlm.nih.gov/sos8/sra-pub-zq-820/SRR018/18092/SRR18092275/SRR18092275.lite.1	SRX14243185	YN673	WGS	RANDOM	GENOMIC	PAIRED	0	0	ILLUMINA	Illumina HiSeq 2000	SRP360840	PRJNA748547		748547	SRS12063692	SAMN26000576	simple	318829	Pyricularia oryzae	YN673							no					YUNNAN AGRICULTURAL UNIVERSITY	SRA1375495		public	AFA35F1151A207BD9752CB3387E1FDE1	7549F16DFF21AC2E621E67BB1AA80117
SRR18092273	2023-07-21 15:39:11	2022-02-23 14:13:26	34896167	7049025734	34896167	202	4917		https://sra-downloadb.be-md.ncbi.nlm.nih.gov/sos8/sra-pub-zq-820/SRR018/18092/SRR18092273/SRR18092273.lite.1	SRX14243187	YN690	WGS	RANDOM	GENOMIC	PAIRED	0	0	ILLUMINA	Illumina HiSeq 2000	SRP360840	PRJNA748547		748547	SRS12063694	SAMN26000577	simple	318829	Pyricularia oryzae	YN690							no					YUNNAN AGRICULTURAL UNIVERSITY	SRA1375495		public	59BE183E56531A1D7D794EE52CCA30F6	5AAE53EEFEEA5243FEF019A74EFF964D
SRR18092272	2023-07-21 15:39:11	2022-02-23 14:00:37	18261322	3688787044	18261322	202	2356		https://sra-downloadb.be-md.ncbi.nlm.nih.gov/sos8/sra-pub-zq-820/SRR018/18092/SRR18092272/SRR18092272.lite.1	SRX14243188	YN694	WGS	RANDOM	GENOMIC	PAIRED	0	0	ILLUMINA	Illumina HiSeq 2000	SRP360840	PRJNA748547		748547	SRS12063695	SAMN26000578	simple	318829	Pyricularia oryzae	YN694							no					YUNNAN AGRICULTURAL UNIVERSITY	SRA1375495		public	C37A6936C5D1D47EAD664EE859ACBAD3	8C30716C58BC52A7737B55047E4C27DB
SRR18092271	2023-07-21 15:39:11	2022-02-23 14:02:43	29276002	5913752404	29276002	202	3884		https://sra-downloadb.be-md.ncbi.nlm.nih.gov/sos8/sra-pub-zq-820/SRR018/18092/SRR18092271/SRR18092271.lite.1	SRX14243189	YN714	WGS	RANDOM	GENOMIC	PAIRED	0	0	ILLUMINA	Illumina HiSeq 2000	SRP360840	PRJNA748547		748547	SRS12063696	SAMN26000579	simple	318829	Pyricularia oryzae	YN714							no					YUNNAN AGRICULTURAL UNIVERSITY	SRA1375495		public	8E4F8BE5AA78EBCFCE835CDD30F7B4E1	726FDEEB823AA3F507D1001EE3AC675F
SRR18092270	2023-07-21 15:39:11	2022-02-23 14:18:58	26965161	5446962522	26965161	202	3867		https://sra-downloadb.be-md.ncbi.nlm.nih.gov/sos1/sra-pub-zq-38/SRR018/18092/SRR18092270/SRR18092270.lite.1	SRX14243190	YN716	WGS	RANDOM	GENOMIC	PAIRED	0	0	ILLUMINA	Illumina HiSeq 2000	SRP360840	PRJNA748547		748547	SRS12063697	SAMN26000580	simple	318829	Pyricularia oryzae	YN716							no					YUNNAN AGRICULTURAL UNIVERSITY	SRA1375495		public	3FCA4766042E7B0A996B2A1D6F7A2193	3703A7C6F8C6E1D8F2771F0DE51926B0
SRR18092269	2023-07-21 15:39:11	2022-02-23 14:00:45	13579629	2743085058	13579629	202	1732		https://sra-downloadb.be-md.ncbi.nlm.nih.gov/sos9/sra-pub-zq-924/SRR018/18092/SRR18092269/SRR18092269.lite.1	SRX14243191	YN718	WGS	RANDOM	GENOMIC	PAIRED	0	0	ILLUMINA	Illumina HiSeq 2000	SRP360840	PRJNA748547		748547	SRS12063698	SAMN26000581	simple	318829	Pyricularia oryzae	YN718							no					YUNNAN AGRICULTURAL UNIVERSITY	SRA1375495		public	0F8D86F4B95A9891FEAE0819D6AEB96A	969329E621A683DAE684DC84D453065C
SRR18092268	2023-07-21 15:39:11	2022-02-23 14:12:06	11326441	2287941082	11326441	202	1390		https://sra-downloadb.be-md.ncbi.nlm.nih.gov/sos8/sra-pub-zq-820/SRR018/18092/SRR18092268/SRR18092268.lite.1	SRX14243192	YN735	WGS	RANDOM	GENOMIC	PAIRED	0	0	ILLUMINA	Illumina HiSeq 2000	SRP360840	PRJNA748547		748547	SRS12063699	SAMN26000582	simple	318829	Pyricularia oryzae	YN735							no					YUNNAN AGRICULTURAL UNIVERSITY	SRA1375495		public	A64195A64374D70554558FAD570E9AB2	CDF7524FDCC011319690CCDA16F1B6A5
SRR18092267	2023-07-21 15:39:11	2022-02-23 13:57:08	8412109	1699246018	8412109	202	1140		https://sra-downloadb.be-md.ncbi.nlm.nih.gov/sos8/sra-pub-zq-820/SRR018/18092/SRR18092267/SRR18092267.lite.1	SRX14243193	YN745	WGS	RANDOM	GENOMIC	PAIRED	0	0	ILLUMINA	Illumina HiSeq 2000	SRP360840	PRJNA748547		748547	SRS12063700	SAMN26000583	simple	318829	Pyricularia oryzae	YN745							no					YUNNAN AGRICULTURAL UNIVERSITY	SRA1375495		public	921ECDFBF3ECCF962A81396EEBC98C52	7C91EB80E99EDF9917DEFC3D65EF17B0
SRR18092266	2023-07-21 15:39:11	2022-03-04 00:06:19	16742770	3381989141	16742271	201	1660		https://sra-downloadb.be-md.ncbi.nlm.nih.gov/sos8/sra-pub-zq-820/SRR018/18092/SRR18092266/SRR18092266.lite.1	SRX14243194	Z-1	WGS	RANDOM	GENOMIC	PAIRED	0	0	ILLUMINA	Illumina HiSeq 2000	SRP360840	PRJNA748547		748547	SRS12063701	SAMN26000584	simple	318829	Pyricularia oryzae	Z-1							no					YUNNAN AGRICULTURAL UNIVERSITY	SRA1375495		public	286A0BD38FEAD8330271F61793E8A448	C3D51838B15ECE8A94D08899678ED443
SRR18092265	2023-07-21 15:39:11	2022-03-04 00:16:47	19223670	3285706346	13308076	170	1522		https://sra-downloadb.be-md.ncbi.nlm.nih.gov/sos1/sra-pub-zq-38/SRR018/18092/SRR18092265/SRR18092265.lite.1	SRX14243195	Z-2	WGS	RANDOM	GENOMIC	PAIRED	0	0	ILLUMINA	Illumina HiSeq 2000	SRP360840	PRJNA748547		748547	SRS12063702	SAMN26000585	simple	318829	Pyricularia oryzae	Z-2							no					YUNNAN AGRICULTURAL UNIVERSITY	SRA1375495		public	2C8228A1E8798BC0FCAB7DF0F2167014	284785470DB4FCF825356A8CB54E1E41
SRR18092260	2023-07-21 15:39:11	2022-03-04 01:13:49	34960196	6855075333	32911837	196	3178		https://sra-downloadb.be-md.ncbi.nlm.nih.gov/sos1/sra-pub-zq-38/SRR018/18092/SRR18092260/SRR18092260.lite.1	SRX14243200	l-1	WGS	RANDOM	GENOMIC	PAIRED	0	0	ILLUMINA	Illumina HiSeq 2000	SRP360840	PRJNA748547		748547	SRS12063707	SAMN26000586	simple	318829	Pyricularia oryzae	l-1							no					YUNNAN AGRICULTURAL UNIVERSITY	SRA1375495		public	74FCDB024866656391BC30A0C9AD5EE8	CC6F5E832830022A5DBAE7D2FC2950B5
SRR18092287	2023-07-21 15:39:10	2022-02-23 13:51:18	9076252	1833402904	9076252	202	772		https://sra-downloadb.be-md.ncbi.nlm.nih.gov/sos1/sra-pub-zq-38/SRR018/18092/SRR18092287/SRR18092287.lite.1	SRX14243173	0-249	WGS	RANDOM	GENOMIC	PAIRED	0	0	ILLUMINA	Illumina HiSeq 2000	SRP360840	PRJNA748547		748547	SRS12063680	SAMN26000587	simple	318829	Pyricularia oryzae	0-249							no					YUNNAN AGRICULTURAL UNIVERSITY	SRA1375495		public	E0C733E29764A13232D907932A62D5FD	20B8D6EA321809E377C011A39A13DA46
SRR18092286	2023-07-21 15:39:10	2022-03-03 23:37:27	13154820	2657259500	13154680	201	1243		https://sra-downloadb.be-md.ncbi.nlm.nih.gov/sos8/sra-pub-zq-820/SRR018/18092/SRR18092286/SRR18092286.lite.1	SRX14243174	F-2	WGS	RANDOM	GENOMIC	PAIRED	0	0	ILLUMINA	Illumina HiSeq 2000	SRP360840	PRJNA748547		748547	SRS12063681	SAMN26000589	simple	318829	Pyricularia oryzae	F-2							no					YUNNAN AGRICULTURAL UNIVERSITY	SRA1375495		public	63E6F1AA6854FD5C9AE855CD3F429136	714AA3CEEDE79269A50E2645F0153EDF
SRR16280147	2021-10-10 01:30:29	2021-10-10 00:00:59	27546444	6886611000	27546444	250	3617		https://sra-downloadb.be-md.ncbi.nlm.nih.gov/sos9/sra-pub-zq-924/SRR016/16280/SRR16280147/SRR16280147.lite.1	SRX12559437	V86010	WGS	RANDOM	GENOMIC	PAIRED	0	0	ILLUMINA	Illumina HiSeq 2500	SRP340674	PRJNA376429		376429	SRS10517101	SAMN06392751	simple	318829	Pyricularia oryzae	V86010							no					FUJIAN AGRICULTURE AND FORESTRY UNIVERSITY	SRA1308538		public	7DAD2E58CAEC5A9FF4394D6FED7191A8	9E02B5825CE78716EA94FFA3F4A14324
SRR16282279	2021-10-10 05:42:23	2021-10-10 01:10:26	35146311	7029262200	35146311	200	4862		https://sra-downloadb.be-md.ncbi.nlm.nih.gov/sos13/sra-pub-zq-1301/SRR016/16282/SRR16282279/SRR16282279.lite.1	SRX12561566	FJ81278_NGS	WGS	RANDOM	GENOMIC	PAIRED	0	0	ILLUMINA	Illumina HiSeq 2000	SRP340679	PRJNA354811	2	354811	SRS10519102	SAMN06050150	simple	318829	Pyricularia oryzae	FJ81278Illumina							no					FUJIAN AGRICULTURE AND FORESTRY UNIVERSITY	SRA1308544		public	CCCE9686F5EF8D9644127B7B1B7AD5CC	1051213B04F4D5BB25F09E0F16C72F6D
SRR16282278	2021-10-10 05:42:23	2021-10-10 01:19:03	49030656	9806131200	49030656	200	6583		https://sra-downloadb.be-md.ncbi.nlm.nih.gov/sos13/sra-pub-zq-1301/SRR016/16282/SRR16282278/SRR16282278.lite.1	SRX12561567	GUY11_NGS	WGS	RANDOM	GENOMIC	PAIRED	0	0	ILLUMINA	Illumina HiSeq 2000	SRP340679	PRJNA354811	2	354811	SRS10519100	SAMN06050151	simple	318829	Pyricularia oryzae	GUY11Illumina							no					FUJIAN AGRICULTURE AND FORESTRY UNIVERSITY	SRA1308544		public	ADBC964031D90DA16E7B5C9F98F802ED	86FA9DA756887822ED67F426F257C904
ERR6688915	2021-10-02 02:09:07	2021-10-12 17:28:27	10064793	3039567486	10064793	302	1352		https://sra-downloadb.be-md.ncbi.nlm.nih.gov/sos8/sra-pub-zq-818/ERR006/6688/ERR6688915/ERR6688915.lite.1	ERX6313684	unspecified	WGS	size fractionation	GENOMIC	PAIRED	500	0	ILLUMINA	Illumina HiSeq 3000	ERP130818	PRJEB46618		766005	ERS6678090	SAMEA8995399	simple	318829	Pyricularia oryzae	SAMEA8995399							no					INRA (INRA MONTPELLIER)	ERA6148971		public	5443CFFE2C1ED48053936D2543C73298	03D167A36AC2F573FDD04BC105C96C07
ERR6688914	2021-10-02 02:09:07	2021-10-12 17:35:29	11867043	3583846986	11867043	302	1531		https://sra-downloadb.be-md.ncbi.nlm.nih.gov/sos8/sra-pub-zq-818/ERR006/6688/ERR6688914/ERR6688914.lite.1	ERX6313683	unspecified	WGS	size fractionation	GENOMIC	PAIRED	500	0	ILLUMINA	Illumina HiSeq 3000	ERP130818	PRJEB46618		766005	ERS6678089	SAMEA8995398	simple	318829	Pyricularia oryzae	SAMEA8995398							no					INRA (INRA MONTPELLIER)	ERA6148971		public	25E508FB1B19AE573A9F14530F0B7A9C	4C06C64819B054445EB7073EA198330D
SRR14705949	2022-06-30 00:21:01	2021-06-02 03:29:25	21689766	6506929800	21689766	300	1946		https://sra-downloadb.be-md.ncbi.nlm.nih.gov/sos13/sra-pub-zq-1301/SRR014/14705/SRR14705949/SRR14705949.lite.1	SRX11043993	T5-3_Lib	WGS	RANDOM	GENOMIC	PAIRED	0	0	ILLUMINA	Illumina MiSeq	SRP322222	PRJNA320483		320483	SRS9112243	SAMN19488861	simple	318829	Pyricularia oryzae	T5-3							no					UNIVERSITY OF KENTUCKY	SRA1239061		public	1D71535787C30B12915CC0F77F29A9AB	1D014CF0103CF4AFAC53B8B26681A6F9
SRR14705950	2022-06-30 00:21:01	2021-06-02 04:02:42	28622277	8586683100	28622277	300	2952		https://sra-downloadb.be-md.ncbi.nlm.nih.gov/sos13/sra-pub-zq-1301/SRR014/14705/SRR14705950/SRR14705950.lite.1	SRX11043992	JP29_Lib	WGS	RANDOM	GENOMIC	PAIRED	0	0	ILLUMINA	Illumina MiSeq	SRP322222	PRJNA320483		320483	SRS9112242	SAMN19488809	simple	318829	Pyricularia oryzae	JP29							no					UNIVERSITY OF KENTUCKY	SRA1239061		public	2A3FE71DCC1CD289CA94DE264ED1111D	69E022C535DB663BB40A5DB88C619520
SRR14705951	2022-06-30 00:21:01	2021-06-02 03:41:17	27746477	8323943100	27746477	300	2923		https://sra-downloadb.be-md.ncbi.nlm.nih.gov/sos1/sra-pub-zq-38/SRR014/14705/SRR14705951/SRR14705951.lite.1	SRX11043991	T46-2_Lib	WGS	RANDOM	GENOMIC	PAIRED	0	0	ILLUMINA	Illumina MiSeq	SRP322222	PRJNA320483		320483	SRS9112241	SAMN19488859	simple	318829	Pyricularia oryzae	T46-2							no					UNIVERSITY OF KENTUCKY	SRA1239061		public	DCCA783EAAB4A6341EC84085DA05918E	8EE4063CA7E81D41103ED9552BFE6180
SRR14705952	2022-06-30 00:21:01	2021-06-02 03:35:12	28175122	8452536600	28175122	300	2014		https://sra-downloadb.be-md.ncbi.nlm.nih.gov/sos13/sra-pub-run-1330/SRR014/14705/SRR14705952/SRR14705952.1	SRX11043990	T42-2_Lib	WGS	RANDOM	GENOMIC	PAIRED	0	0	ILLUMINA	Illumina MiSeq	SRP322222	PRJNA320483		320483	SRS9112240	SAMN19488858	simple	318829	Pyricularia oryzae	T42-2							no					UNIVERSITY OF KENTUCKY	SRA1239061		public	7278A66A9297E2D8BD847CAAA2118A1C	827B865CD99E5CCDDD3DBB739CB49272
SRR14705953	2022-06-30 00:21:01	2021-06-02 03:42:28	25585043	7675512900	25585043	300	2750		https://sra-downloadb.be-md.ncbi.nlm.nih.gov/sos13/sra-pub-zq-1301/SRR014/14705/SRR14705953/SRR14705953.lite.1	SRX11043989	T37-2_Lib	WGS	RANDOM	GENOMIC	PAIRED	0	0	ILLUMINA	Illumina MiSeq	SRP322222	PRJNA320483		320483	SRS9112239	SAMN19488856	simple	318829	Pyricularia oryzae	T37-2							no					UNIVERSITY OF KENTUCKY	SRA1239061		public	2DE5CFA48ADB098D03A1E56755025F64	EE656B8B49B92207897C122A6230C7E3
SRR14705954	2022-06-30 00:21:01	2021-06-02 03:53:26	19830809	5949242700	19830809	300	1788		https://sra-downloadb.be-md.ncbi.nlm.nih.gov/sos1/sra-pub-zq-38/SRR014/14705/SRR14705954/SRR14705954.lite.1	SRX11043988	T3-1_Lib	WGS	RANDOM	GENOMIC	PAIRED	0	0	ILLUMINA	Illumina MiSeq	SRP322222	PRJNA320483		320483	SRS9112238	SAMN19488854	simple	318829	Pyricularia oryzae	T3-1							no					UNIVERSITY OF KENTUCKY	SRA1239061		public	C2A3C6FB948E0486985CB61AD6C8EEAF	BCC3A1A24771C9C3C6AA5B494B1F8AAC
SRR14705955	2022-06-30 00:21:01	2021-06-02 03:32:32	16979789	5093936700	16979789	300	1983		https://sra-downloadb.be-md.ncbi.nlm.nih.gov/sos1/sra-pub-zq-38/SRR014/14705/SRR14705955/SRR14705955.lite.1	SRX11043987	T13-3_Lib	WGS	RANDOM	GENOMIC	PAIRED	0	0	ILLUMINA	Illumina MiSeq	SRP322222	PRJNA320483		320483	SRS9112237	SAMN19488850	simple	318829	Pyricularia oryzae	T13-3							no					UNIVERSITY OF KENTUCKY	SRA1239061		public	17631A0A0B8520F5725B99A61044DD05	C8F6E8EA38EF20862BA45E916929C74F
SRR14705956	2022-06-30 00:21:01	2021-06-02 03:45:39	24922937	7476881100	24922937	300	2257		https://sra-downloadb.be-md.ncbi.nlm.nih.gov/sos9/sra-pub-zq-924/SRR014/14705/SRR14705956/SRR14705956.lite.1	SRX11043986	T12-8_Lib	WGS	RANDOM	GENOMIC	PAIRED	0	0	ILLUMINA	Illumina MiSeq	SRP322222	PRJNA320483		320483	SRS9112236	SAMN19488849	simple	318829	Pyricularia oryzae	T12-8							no					UNIVERSITY OF KENTUCKY	SRA1239061		public	50D84043895E36528602765170979B00	4FDACA9B27884689646C87954F15BEC5
SRR14705957	2022-06-30 00:21:01	2021-06-02 00:03:30	8973517	2692055100	8973517	300	1018		https://sra-downloadb.be-md.ncbi.nlm.nih.gov/sos13/sra-pub-zq-1301/SRR014/14705/SRR14705957/SRR14705957.lite.1	SRX11043985	U233_Lib	WGS	RANDOM	GENOMIC	PAIRED	0	0	ILLUMINA	Illumina MiSeq	SRP322222	PRJNA320483		320483	SRS9112235	SAMN19488846	simple	318829	Pyricularia oryzae	U233							no					UNIVERSITY OF KENTUCKY	SRA1239061		public	F2D0FE303DFA229A301ABCBAEEB733D4	3EFC55ADB8224417CD2E94C865853D37
SRR14705963	2022-06-30 00:21:01	2021-06-01 23:58:01	1421062	808156820	1421062	568	430		https://sra-downloadb.be-md.ncbi.nlm.nih.gov/sos13/sra-pub-zq-1301/SRR014/14705/SRR14705963/SRR14705963.lite.1	SRX11043979	U232_Lib	WGS	RANDOM	GENOMIC	PAIRED	0	0	ILLUMINA	Illumina MiSeq	SRP322222	PRJNA320483		320483	SRS9112229	SAMN19488841	simple	318829	Pyricularia oryzae	U232							no					UNIVERSITY OF KENTUCKY	SRA1239061		public	A3DEE397CF99432E429DEB37C40C8D97	2757565B2E1FFB98045FAD0683D5D6A2
SRR14705962	2022-06-30 00:21:01	2021-06-01 23:58:13	1913140	795278132	1913140	415	510		https://sra-downloadb.be-md.ncbi.nlm.nih.gov/sos9/sra-pub-zq-924/SRR014/14705/SRR14705962/SRR14705962.lite.1	SRX11043980	Pg1054_Lib	WGS	RANDOM	GENOMIC	PAIRED	0	0	ILLUMINA	Illumina MiSeq	SRP322222	PRJNA320483		320483	SRS9112230	SAMN19488842	simple	318829	Pyricularia oryzae	Pg1054							no					UNIVERSITY OF KENTUCKY	SRA1239061		public	4C59CE322C200628FA296C6FD17D0C74	AD79D0861C7341D0D5740787AFD30867
SRR14705961	2022-06-30 00:21:01	2021-06-01 23:58:16	2000000	946053743	2000000	473	521		https://sra-downloadb.be-md.ncbi.nlm.nih.gov/sos1/sra-pub-zq-38/SRR014/14705/SRR14705961/SRR14705961.lite.1	SRX11043981	U170_Lib	WGS	RANDOM	GENOMIC	PAIRED	0	0	ILLUMINA	Illumina MiSeq	SRP322222	PRJNA320483		320483	SRS9112231	SAMN19488807	simple	318829	Pyricularia oryzae	U170							no					UNIVERSITY OF KENTUCKY	SRA1239061		public	B3714ECAF495151925BBB28697193F96	34876AE12CCB93EB1F3E7DD5294B08DE
SRR14705960	2022-06-30 00:21:01	2021-06-02 00:50:24	36144802	10843440600	36144802	300	3778		https://sra-downloadb.be-md.ncbi.nlm.nih.gov/sos13/sra-pub-zq-1301/SRR014/14705/SRR14705960/SRR14705960.lite.1	SRX11043982	Pg1204_Lib	WGS	RANDOM	GENOMIC	PAIRED	0	0	ILLUMINA	Illumina MiSeq	SRP322222	PRJNA320483		320483	SRS9112232	SAMN19488843	simple	318829	Pyricularia oryzae	Pg1204							no					UNIVERSITY OF KENTUCKY	SRA1239061		public	30A30128E0BFA23763704B8D54E4E714	472ADE1A27AED0C8F6BFC26B305E1297
SRR14705959	2022-06-30 00:21:01	2021-06-02 00:54:42	41270786	12381235800	41270786	300	4865		https://sra-downloadb.be-md.ncbi.nlm.nih.gov/sos13/sra-pub-zq-1301/SRR014/14705/SRR14705959/SRR14705959.lite.1	SRX11043983	STAG-MS_Lib	WGS	RANDOM	GENOMIC	PAIRED	0	0	ILLUMINA	Illumina MiSeq	SRP322222	PRJNA320483		320483	SRS9112233	SAMN19488844	simple	318829	Pyricularia oryzae	STAG-MS							no					UNIVERSITY OF KENTUCKY	SRA1239061		public	694C68A24DA73E818713F9D72A546C83	A691E83CC731C855AAE679D58C3A4B63
SRR14705958	2022-06-30 00:21:01	2021-06-02 03:28:45	1958303	1039306122	1958303	530	594		https://sra-downloadb.be-md.ncbi.nlm.nih.gov/sos9/sra-pub-zq-924/SRR014/14705/SRR14705958/SRR14705958.lite.1	SRX11043984	U217_Lib	WGS	RANDOM	GENOMIC	PAIRED	0	0	ILLUMINA	Illumina MiSeq	SRP322222	PRJNA320483		320483	SRS9112234	SAMN19488845	simple	318829	Pyricularia oryzae	U217							no					UNIVERSITY OF KENTUCKY	SRA1239061		public	4A6290EC511145492BC71A659431A1A7	9DD47C404BF11B947C2EDA4B408697BB
SRR14813102	2021-06-15 12:28:47	2021-06-15 10:45:54	5551750	1665525000	5551750	300	521		https://sra-downloadb.be-md.ncbi.nlm.nih.gov/sos8/sra-pub-zq-818/SRR014/14813/SRR14813102/SRR14813102.lite.1	SRX11145550	BTMP-202-1	WGS	RANDOM	GENOMIC	PAIRED	0	0	ILLUMINA	Illumina NovaSeq 6000	SRP324085	PRJNA737609		737609	SRS9207354	SAMN19700809	simple	318829	Pyricularia oryzae	BTMP-202-1							no					UNIVERSITY OF NEUCHATEL	SRA1244988		public	CA91E30717B1A808619DFFCE5A62E756	E15CDA6E1542EF4EDD7827BC4067D06D
SRR14813099	2021-06-15 12:28:47	2021-06-15 10:45:02	3900777	1170233100	3900777	300	377		https://sra-downloadb.be-md.ncbi.nlm.nih.gov/sos8/sra-pub-zq-818/SRR014/14813/SRR14813099/SRR14813099.lite.1	SRX11145553	BTMP-1845-3	WGS	RANDOM	GENOMIC	PAIRED	0	0	ILLUMINA	Illumina NovaSeq 6000	SRP324085	PRJNA737609		737609	SRS9207355	SAMN19700812	simple	318829	Pyricularia oryzae	BTMP-1845-3							no					UNIVERSITY OF NEUCHATEL	SRA1244988		public	AC63996DE351F3C35331AFDE1E0A4945	A7837819C4C5E2EEF62B48AB4317544F
SRR14813100	2021-06-15 12:28:47	2021-06-15 10:44:23	3846899	1154069700	3846899	300	366		https://sra-downloadb.be-md.ncbi.nlm.nih.gov/sos8/sra-pub-zq-818/SRR014/14813/SRR14813100/SRR14813100.lite.1	SRX11145552	BTMP-194-2	WGS	RANDOM	GENOMIC	PAIRED	0	0	ILLUMINA	Illumina NovaSeq 6000	SRP324085	PRJNA737609		737609	SRS9207356	SAMN19700811	simple	318829	Pyricularia oryzae	BTMP-194-2							no					UNIVERSITY OF NEUCHATEL	SRA1244988		public	1BEB7147C6CDDB46EC425CA689FE29E4	DAECA17EB187C9BE52F7A6F8AA517E4B
SRR14813098	2021-06-15 12:28:47	2021-06-15 10:44:54	5021868	1506560400	5021868	300	471		https://sra-downloadb.be-md.ncbi.nlm.nih.gov/sos8/sra-pub-zq-818/SRR014/14813/SRR14813098/SRR14813098.lite.1	SRX11145554	BTMP-1828-5	WGS	RANDOM	GENOMIC	PAIRED	0	0	ILLUMINA	Illumina NovaSeq 6000	SRP324085	PRJNA737609		737609	SRS9207357	SAMN19700813	simple	318829	Pyricularia oryzae	BTMP-1828-5							no					UNIVERSITY OF NEUCHATEL	SRA1244988		public	AED645D8220C544890DADDD94BAA119C	E8123C1D4431AE223A36F53B22AB0D82
SRR14813101	2021-06-15 12:28:47	2021-06-15 10:45:16	5091183	1527354900	5091183	300	475		https://sra-downloadb.be-md.ncbi.nlm.nih.gov/sos8/sra-pub-zq-818/SRR014/14813/SRR14813101/SRR14813101.lite.1	SRX11145551	BTMP-2807-4	WGS	RANDOM	GENOMIC	PAIRED	0	0	ILLUMINA	Illumina NovaSeq 6000	SRP324085	PRJNA737609		737609	SRS9207358	SAMN19700810	simple	318829	Pyricularia oryzae	BTMP-2807-4							no					UNIVERSITY OF NEUCHATEL	SRA1244988		public	C1BD7FAE5D1127BA847E1749025434BA	AD939CCD8711839D25921F1256C4FD79
SRR14813097	2021-06-15 12:28:47	2021-06-15 10:45:28	5432430	1629729000	5432430	300	521		https://sra-downloadb.be-md.ncbi.nlm.nih.gov/sos8/sra-pub-zq-818/SRR014/14813/SRR14813097/SRR14813097.lite.1	SRX11145555	BTMaU-10(a)	WGS	RANDOM	GENOMIC	PAIRED	0	0	ILLUMINA	Illumina NovaSeq 6000	SRP324085	PRJNA737609		737609	SRS9207359	SAMN19700814	simple	318829	Pyricularia oryzae	BTMaU-10(a)							no					UNIVERSITY OF NEUCHATEL	SRA1244988		public	B646005FD30E57E50B5398B07BB5A89F	5757134F5F2B2787C9DAAD8BBD9FDCD2
SRR14813096	2021-06-15 12:28:47	2021-06-15 10:45:21	4987660	1496298000	4987660	300	476		https://sra-downloadb.be-md.ncbi.nlm.nih.gov/sos8/sra-pub-zq-818/SRR014/14813/SRR14813096/SRR14813096.lite.1	SRX11145556	BTGP-6(C-4)	WGS	RANDOM	GENOMIC	PAIRED	0	0	ILLUMINA	Illumina NovaSeq 6000	SRP324085	PRJNA737609		737609	SRS9207360	SAMN19700815	simple	318829	Pyricularia oryzae	BTGP-6(C-4)							no					UNIVERSITY OF NEUCHATEL	SRA1244988		public	03A3E9098F6C306F7701ACCE2D16C422	AEE19D8E6D9CC760FCDA0B9856F7785D
SRR14705964	2022-06-30 00:21:01	2021-06-02 03:47:19	24681710	7404513000	24681710	300	2660		https://sra-downloadb.be-md.ncbi.nlm.nih.gov/sos13/sra-pub-zq-1301/SRR014/14705/SRR14705964/SRR14705964.lite.1	SRX11043978	PtKY18-1_Lib	WGS	RANDOM	GENOMIC	PAIRED	0	0	ILLUMINA	Illumina MiSeq	SRP322222	PRJNA320483		320483	SRS9112228	SAMN19488838	simple	318829	Pyricularia oryzae	PtKY18-1							no					UNIVERSITY OF KENTUCKY	SRA1239061		public	4FF5FD7ABCCF5C3215BC7A98BF9CE268	197A69976D8AF065CBEA8033C6AB76AE
SRR14705965	2022-06-30 00:21:00	2021-06-01 23:57:23	1421841	681548308	1421841	479	404		https://sra-downloadb.be-md.ncbi.nlm.nih.gov/sos1/sra-pub-zq-38/SRR014/14705/SRR14705965/SRR14705965.lite.1	SRX11043977	ML36_Lib	WGS	RANDOM	GENOMIC	PAIRED	0	0	ILLUMINA	Illumina MiSeq	SRP322222	PRJNA320483		320483	SRS9112227	SAMN19488837	simple	318829	Pyricularia oryzae	ML36							no					UNIVERSITY OF KENTUCKY	SRA1239061		public	FCA256A2A4D769A1D62B4772F3DA5A6B	FAB53A4C0AECCB056BA80B7162626690
SRR14705966	2022-06-30 00:21:00	2021-06-02 03:31:55	18103185	5430955500	18103185	300	2160		https://sra-downloadb.be-md.ncbi.nlm.nih.gov/sos9/sra-pub-zq-922/SRR014/14705/SRR14705966/SRR14705966.lite.1	SRX11043976	Pr88165_Lib	WGS	RANDOM	GENOMIC	PAIRED	0	0	ILLUMINA	Illumina MiSeq	SRP322222	PRJNA320483		320483	SRS9112226	SAMN19488836	simple	318829	Pyricularia oryzae	Pr88165							no					UNIVERSITY OF KENTUCKY	SRA1239061		public	1694918FBA47207BC190F69AAC849649	BA39F945852068459C753729ADF723C2
SRR14705967	2022-06-30 00:21:00	2021-06-02 00:44:04	47809626	14342887800	47809626	300	5334		https://sra-downloadb.be-md.ncbi.nlm.nih.gov/sos13/sra-pub-zq-1301/SRR014/14705/SRR14705967/SRR14705967.lite.1	SRX11043975	U198_Lib	WGS	RANDOM	GENOMIC	PAIRED	0	0	ILLUMINA	Illumina MiSeq	SRP322222	PRJNA320483		320483	SRS9112225	SAMN19488835	simple	318829	Pyricularia oryzae	U198							no					UNIVERSITY OF KENTUCKY	SRA1239061		public	77B6CD1136992E858E828564B2AC2B5B	CEC9E53B1BA0A072FBD4266F1BA7B978
SRR14705968	2022-06-30 00:21:00	2021-06-02 00:00:11	6522666	1956799800	6522666	300	787		https://sra-downloadb.be-md.ncbi.nlm.nih.gov/sos13/sra-pub-zq-1301/SRR014/14705/SRR14705968/SRR14705968.lite.1	SRX11043974	U107_Lib	WGS	RANDOM	GENOMIC	PAIRED	0	0	ILLUMINA	Illumina MiSeq	SRP322222	PRJNA320483		320483	SRS9112224	SAMN19488834	simple	318829	Pyricularia oryzae	U107							no					UNIVERSITY OF KENTUCKY	SRA1239061		public	27F816CEAC8BC6FA0390D0B2AA7C949D	578A362E11F86C1159C31FB8D7E003BF
SRR14705969	2022-06-30 00:21:00	2021-06-02 00:05:26	6553440	2318278442	6553440	353	1256		https://sra-downloadb.be-md.ncbi.nlm.nih.gov/sos13/sra-pub-zq-1301/SRR014/14705/SRR14705969/SRR14705969.lite.1	SRX11043973	SSID116_Lib	WGS	RANDOM	GENOMIC	PAIRED	0	0	ILLUMINA	Illumina MiSeq	SRP322222	PRJNA320483		320483	SRS9112223	SAMN19488832	simple	318829	Pyricularia oryzae	SSID116							no					UNIVERSITY OF KENTUCKY	SRA1239061		public	1B02AC342298A283E3D2AF04C26EA8BE	FC66C5D739AB1A8274B91B73DD8AA315
SRR14705970	2022-06-30 00:21:00	2021-06-01 23:56:38	734459	378935359	734459	515	196		https://sra-downloadb.be-md.ncbi.nlm.nih.gov/sos13/sra-pub-zq-1301/SRR014/14705/SRR14705970/SRR14705970.lite.1	SRX11043972	U171_Lib	WGS	RANDOM	GENOMIC	PAIRED	0	0	ILLUMINA	Illumina MiSeq	SRP322222	PRJNA320483		320483	SRS9112221	SAMN19488829	simple	318829	Pyricularia oryzae	U171							no					UNIVERSITY OF KENTUCKY	SRA1239061		public	D06CDC63B088EB6C2B8BE271EA1FB063	F0711FFE1DD232B46358E28B0DC4620A
SRR14705971	2022-06-30 00:21:00	2021-06-02 03:46:57	27668555	8300566500	27668555	300	3218		https://sra-downloadb.be-md.ncbi.nlm.nih.gov/sos13/sra-pub-zq-1301/SRR014/14705/SRR14705971/SRR14705971.lite.1	SRX11043971	U237_Lib	WGS	RANDOM	GENOMIC	PAIRED	0	0	ILLUMINA	Illumina MiSeq	SRP322222	PRJNA320483		320483	SRS9112220	SAMN19488828	simple	318829	Pyricularia oryzae	U237							no					UNIVERSITY OF KENTUCKY	SRA1239061		public	63066C211403CB36F3AB08DED1F2DD5C	18FE11C5E92779B9538D26415182F627
SRR14705972	2022-06-30 00:21:00	2021-06-01 23:55:55	230988	96358545	230988	417	58		https://sra-downloadb.be-md.ncbi.nlm.nih.gov/sos1/sra-pub-zq-38/SRR014/14705/SRR14705972/SRR14705972.lite.1	SRX11043970	U167_Lib	WGS	RANDOM	GENOMIC	PAIRED	0	0	ILLUMINA	Illumina MiSeq	SRP322222	PRJNA320483		320483	SRS9112222	SAMN19488806	simple	318829	Pyricularia oryzae	U167							no					UNIVERSITY OF KENTUCKY	SRA1239061		public	98F5D27DE41E9C09610E3DF6E82AC706	8516BA0591F9BECC7372B1899ECB7BB2
SRR14705973	2022-06-30 00:21:00	2021-06-02 03:42:00	24823176	7446952800	24823176	300	2980		https://sra-downloadb.be-md.ncbi.nlm.nih.gov/sos9/sra-pub-zq-924/SRR014/14705/SRR14705973/SRR14705973.lite.1	SRX11043969	U235_Lib	WGS	RANDOM	GENOMIC	PAIRED	0	0	ILLUMINA	Illumina MiSeq	SRP322222	PRJNA320483		320483	SRS9112219	SAMN19488827	simple	318829	Pyricularia oryzae	U235							no					UNIVERSITY OF KENTUCKY	SRA1239061		public	6D34E951DC4308FEDCCF67A1BD946A10	A7036EF830D9A90B6F3E64E9A560D0DC
SRR14705974	2022-06-30 00:21:00	2021-06-02 03:34:50	20847872	6254361600	20847872	300	2599		https://sra-downloadb.be-md.ncbi.nlm.nih.gov/sos13/sra-pub-zq-1301/SRR014/14705/SRR14705974/SRR14705974.lite.1	SRX11043968	U234_Lib	WGS	RANDOM	GENOMIC	PAIRED	0	0	ILLUMINA	Illumina MiSeq	SRP322222	PRJNA320483		320483	SRS9112218	SAMN19488826	simple	318829	Pyricularia oryzae	U234							no					UNIVERSITY OF KENTUCKY	SRA1239061		public	145B18A5BE944B394123FC8FA9913918	6C2B4EBE23B4D5DA39897E5EB6858CB4
SRR14705975	2022-06-30 00:21:00	2021-06-02 05:03:27	24775551	7432665300	24775551	300	2223		https://sra-downloadb.be-md.ncbi.nlm.nih.gov/sos13/sra-pub-zq-1301/SRR014/14705/SRR14705975/SRR14705975.lite.1	SRX11043967	ATCC64557_Lib	WGS	RANDOM	GENOMIC	PAIRED	0	0	ILLUMINA	Illumina MiSeq	SRP322222	PRJNA320483		320483	SRS9112217	SAMN19488825	simple	318829	Pyricularia oryzae	ATCC64557							no					UNIVERSITY OF KENTUCKY	SRA1239061		public	F6E1D315123A07564B473A0E6ABCE5A6	0500ADC03C52F48689B39C9AE41E17A2
SRR14705976	2022-06-30 00:21:00	2021-06-02 03:43:11	28707983	8612394900	28707983	300	3315		https://sra-downloadb.be-md.ncbi.nlm.nih.gov/sos13/sra-pub-zq-1301/SRR014/14705/SRR14705976/SRR14705976.lite.1	SRX11043966	Lh8844_Lib	WGS	RANDOM	GENOMIC	PAIRED	0	0	ILLUMINA	Illumina MiSeq	SRP322222	PRJNA320483		320483	SRS9112216	SAMN19488824	simple	318829	Pyricularia oryzae	Lh8844							no					UNIVERSITY OF KENTUCKY	SRA1239061		public	555896C84003684D8733FFC15C64D27A	10C9FFD26D5E1D3F578B0F42BD3777BC
SRR14705977	2022-06-30 00:21:00	2021-06-02 03:25:32	1558866	825192029	1558866	529	507		https://sra-downloadb.be-md.ncbi.nlm.nih.gov/sos13/sra-pub-zq-1301/SRR014/14705/SRR14705977/SRR14705977.lite.1	SRX11043965	Lh8401_Lib	WGS	RANDOM	GENOMIC	PAIRED	0	0	ILLUMINA	Illumina MiSeq	SRP322222	PRJNA320483		320483	SRS9112213	SAMN19488823	simple	318829	Pyricularia oryzae	Lh8401							no					UNIVERSITY OF KENTUCKY	SRA1239061		public	374999919ED57F86AC891F89A4F56747	282BFA42C833652810598E297E0EABC4
SRR14705978	2022-06-30 00:21:00	2021-06-01 23:56:35	1000000	300000000	1000000	300	121		https://sra-downloadb.be-md.ncbi.nlm.nih.gov/sos13/sra-pub-zq-1301/SRR014/14705/SRR14705978/SRR14705978.lite.1	SRX11043964	AR4_Lib	WGS	RANDOM	GENOMIC	PAIRED	0	0	ILLUMINA	Illumina MiSeq	SRP322222	PRJNA320483		320483	SRS9112214	SAMN19488820	simple	318829	Pyricularia oryzae	AR4							no					UNIVERSITY OF KENTUCKY	SRA1239061		public	629A98CAD999411220F3CA23C75CEFD6	CCCACC85D17607D5B476945CA50BA28C
SRR14705979	2022-06-30 00:21:00	2021-06-02 00:02:54	13317888	3995366400	13317888	300	1598		https://sra-downloadb.be-md.ncbi.nlm.nih.gov/sos13/sra-pub-zq-1301/SRR014/14705/SRR14705979/SRR14705979.lite.1	SRX11043963	U169-v1_Lib	WGS	RANDOM	GENOMIC	PAIRED	0	0	ILLUMINA	Illumina HiSeq 2000	SRP322222	PRJNA320483		320483	SRS9112212	SAMN19488819	simple	318829	Pyricularia oryzae	U169-v1							no					UNIVERSITY OF KENTUCKY	SRA1239061		public	34B4F002C08AE1F181CC47F4E6C92ABC	E8AC508FD3527D3EF414C23B9E033E46
SRR14705980	2022-06-30 00:21:00	2021-06-02 00:15:58	19037035	5711110500	19037035	300	2277		https://sra-downloadb.be-md.ncbi.nlm.nih.gov/sos13/sra-pub-zq-1301/SRR014/14705/SRR14705980/SRR14705980.lite.1	SRX11043962	U231_Lib	WGS	RANDOM	GENOMIC	PAIRED	0	0	ILLUMINA	Illumina HiSeq 2000	SRP322222	PRJNA320483		320483	SRS9112215	SAMN19488818	simple	318829	Pyricularia oryzae	U231							no					UNIVERSITY OF KENTUCKY	SRA1239061		public	C8EDD977D3B6426106F36435EC5AAF01	AB41F9BB0EB707FCFB6D9405A7885314
SRR14705983	2022-06-30 00:21:00	2021-06-01 23:57:49	2135843	877347966	2135843	410	564		https://sra-downloadb.be-md.ncbi.nlm.nih.gov/sos13/sra-pub-zq-1301/SRR014/14705/SRR14705983/SRR14705983.lite.1	SRX11043959	Ei8927_Lib	WGS	RANDOM	GENOMIC	PAIRED	0	0	ILLUMINA	Illumina MiSeq	SRP322222	PRJNA320483		320483	SRS9112209	SAMN19488812	simple	318829	Pyricularia oryzae	Ei8927							no					UNIVERSITY OF KENTUCKY	SRA1239061		public	21995CCA61C556B06413F67E0C0D95E1	620944FB182C0B6F36DD0B1C18D473D5
SRR14705982	2022-06-30 00:21:00	2021-06-02 03:44:59	20495712	6148713600	20495712	300	2370		https://sra-downloadb.be-md.ncbi.nlm.nih.gov/sos13/sra-pub-zq-1301/SRR014/14705/SRR14705982/SRR14705982.lite.1	SRX11043960	EiJA22_Lib	WGS	RANDOM	GENOMIC	PAIRED	0	0	ILLUMINA	Illumina MiSeq	SRP322222	PRJNA320483		320483	SRS9112210	SAMN19488814	simple	318829	Pyricularia oryzae	EiJA22							no					UNIVERSITY OF KENTUCKY	SRA1239061		public	CEACF1DC0FB6151D820A8D5026563BF4	F3C01C22AF924DAD55A3481AF8405CD0
SRR14705981	2022-06-30 00:21:00	2021-06-02 03:33:05	17070429	5121128700	17070429	300	2065		https://sra-downloadb.be-md.ncbi.nlm.nih.gov/sos13/sra-pub-zq-1301/SRR014/14705/SRR14705981/SRR14705981.lite.1	SRX11043961	EiJA178_Lib	WGS	RANDOM	GENOMIC	PAIRED	0	0	ILLUMINA	Illumina MiSeq	SRP322222	PRJNA320483		320483	SRS9112211	SAMN19488815	simple	318829	Pyricularia oryzae	EiJA178							no					UNIVERSITY OF KENTUCKY	SRA1239061		public	D5FAA3A93278B1994773ECBA7CFBDB92	F28EAC9BAA5EA67EB386F2EF93D0303A
SRR14119011	2021-03-31 14:42:15	2021-03-31 14:03:49	5887416	1777999632	5887416	302	785		https://sra-downloadb.be-md.ncbi.nlm.nih.gov/sos9/sra-pub-zq-924/SRR014/14119/SRR14119011/SRR14119011.lite.1	SRX10489372	10880	WGS	RANDOM	GENOMIC	PAIRED	0	0	ILLUMINA	Illumina HiSeq 4000	SRP076116	PRJNA324432	2	324432	SRS8615615	SAMN18576972	simple	318829	Pyricularia oryzae	10880							no					UNIVERSITY OF NEUCHATEL	SRA1213829		public	53C78367ACFD27E24A7FEBFED2045750	6127DE15099013B0B49414008DC4ADC1
SRR14119010	2021-03-31 14:42:15	2021-03-31 14:03:33	5335689	1611378078	5335689	302	734		https://sra-downloadb.be-md.ncbi.nlm.nih.gov/sos9/sra-pub-zq-924/SRR014/14119/SRR14119010/SRR14119010.lite.1	SRX10489373	12.0.051i	WGS	RANDOM	GENOMIC	PAIRED	0	0	ILLUMINA	Illumina HiSeq 4000	SRP076116	PRJNA324432	2	324432	SRS8615616	SAMN18576973	simple	318829	Pyricularia oryzae	12.0.051i							no					UNIVERSITY OF NEUCHATEL	SRA1213829		public	F0BC4168F04C3C988E6A36518A3D12A3	9EE8F8CAB53F4067FE93F8E8CBBF94C2
SRR14119009	2021-03-31 14:39:37	2021-03-31 14:04:05	5557022	1678220644	5557022	302	774		https://sra-downloadb.be-md.ncbi.nlm.nih.gov/sos9/sra-pub-zq-924/SRR014/14119/SRR14119009/SRR14119009.lite.1	SRX10489374	12.0.073	WGS	RANDOM	GENOMIC	PAIRED	0	0	ILLUMINA	Illumina HiSeq 4000	SRP076116	PRJNA324432	2	324432	SRS8615617	SAMN18576974	simple	318829	Pyricularia oryzae	12.0.073							no					UNIVERSITY OF NEUCHATEL	SRA1213829		public	FFADB0590181D36AE81E4278488CBFEB	B6E004C81E9E5F78A0E60CFD7C161719
SRR14119008	2021-03-31 14:39:37	2021-03-31 14:04:34	6088530	1838736060	6088530	302	858		https://sra-downloadb.be-md.ncbi.nlm.nih.gov/sos9/sra-pub-zq-924/SRR014/14119/SRR14119008/SRR14119008.lite.1	SRX10489375	12.0.194	WGS	RANDOM	GENOMIC	PAIRED	0	0	ILLUMINA	Illumina HiSeq 4000	SRP076116	PRJNA324432	2	324432	SRS8615618	SAMN18576975	simple	318829	Pyricularia oryzae	12.0.194							no					UNIVERSITY OF NEUCHATEL	SRA1213829		public	503492F24F4C9CBB30A31ECBDBA77C39	5BFA938B1399485BDB4A716554798876
SRR14119007	2021-03-31 14:39:37	2021-03-31 14:05:06	7420777	2241074654	7420777	302	1051		https://sra-downloadb.be-md.ncbi.nlm.nih.gov/sos9/sra-pub-zq-924/SRR014/14119/SRR14119007/SRR14119007.lite.1	SRX10489376	12.0.321	WGS	RANDOM	GENOMIC	PAIRED	0	0	ILLUMINA	Illumina HiSeq 4000	SRP076116	PRJNA324432	2	324432	SRS8615619	SAMN18576976	simple	318829	Pyricularia oryzae	12.0.321							no					UNIVERSITY OF NEUCHATEL	SRA1213829		public	B085CD45B97DC6BF8159026B42B6E604	290735D0E0FC52D0355B4B343B375BF0
SRR14119006	2021-03-31 14:39:37	2021-03-31 14:03:03	5396073	1629614046	5396073	302	756		https://sra-downloadb.be-md.ncbi.nlm.nih.gov/sos9/sra-pub-zq-924/SRR014/14119/SRR14119006/SRR14119006.lite.1	SRX10489377	12.0.347	WGS	RANDOM	GENOMIC	PAIRED	0	0	ILLUMINA	Illumina HiSeq 4000	SRP076116	PRJNA324432	2	324432	SRS8615620	SAMN18576977	simple	318829	Pyricularia oryzae	12.0.347							no					UNIVERSITY OF NEUCHATEL	SRA1213829		public	C13912721F01B83458E3502B34B486EE	CFE3EE85C17A28A791E97A20D66135DA
SRR14119005	2021-03-31 14:42:15	2021-03-31 14:04:02	5925199	1789410098	5925199	302	835		https://sra-downloadb.be-md.ncbi.nlm.nih.gov/sos9/sra-pub-zq-924/SRR014/14119/SRR14119005/SRR14119005.lite.1	SRX10489378	12.0.535i	WGS	RANDOM	GENOMIC	PAIRED	0	0	ILLUMINA	Illumina HiSeq 4000	SRP076116	PRJNA324432	2	324432	SRS8615621	SAMN18576978	simple	318829	Pyricularia oryzae	12.0.535i							no					UNIVERSITY OF NEUCHATEL	SRA1213829		public	2263A50AB035A16793F1D780834CFE89	4A1FD81C63AD0A21E2F1410068181BAC
SRR14119024	2021-03-31 14:39:37	2021-03-31 14:05:48	6935849	2094626398	6935849	302	936		https://sra-downloadb.be-md.ncbi.nlm.nih.gov/sos9/sra-pub-zq-924/SRR014/14119/SRR14119024/SRR14119024.lite.1	SRX10489359	12.1.181	WGS	RANDOM	GENOMIC	PAIRED	0	0	ILLUMINA	Illumina HiSeq 4000	SRP076116	PRJNA324432	2	324432	SRS8615602	SAMN18576982	simple	318829	Pyricularia oryzae	12.1.181							no					UNIVERSITY OF NEUCHATEL	SRA1213829		public	6CFED124DFDC6EDDB968F92848BB92E9	348121EC7FDB1372D7DE9FF8760F42B7
SRR14119023	2021-03-31 14:39:37	2021-03-31 14:06:19	7210324	2177517848	7210324	302	967		https://sra-downloadb.be-md.ncbi.nlm.nih.gov/sos9/sra-pub-zq-924/SRR014/14119/SRR14119023/SRR14119023.lite.1	SRX10489360	12.1.205	WGS	RANDOM	GENOMIC	PAIRED	0	0	ILLUMINA	Illumina HiSeq 4000	SRP076116	PRJNA324432	2	324432	SRS8615603	SAMN18576983	simple	318829	Pyricularia oryzae	12.1.205							no					UNIVERSITY OF NEUCHATEL	SRA1213829		public	4F53744180B08917C9ECAFAE5F50E619	AB39F8A15F7917452BF27C0A849583E8
SRR14119022	2021-03-31 14:39:37	2021-03-31 14:07:11	7448532	2249456664	7448532	302	997		https://sra-downloadb.be-md.ncbi.nlm.nih.gov/sos9/sra-pub-zq-924/SRR014/14119/SRR14119022/SRR14119022.lite.1	SRX10489361	12.1.217	WGS	RANDOM	GENOMIC	PAIRED	0	0	ILLUMINA	Illumina HiSeq 4000	SRP076116	PRJNA324432	2	324432	SRS8615604	SAMN18576984	simple	318829	Pyricularia oryzae	12.1.217							no					UNIVERSITY OF NEUCHATEL	SRA1213829		public	536B8296DF8749648DAEB5B7E5F61D4D	78C617509157693003554C661D4BEAFE
SRR14119021	2021-03-31 14:42:15	2021-03-31 14:06:49	6466218	1952797836	6466218	302	853		https://sra-downloadb.be-md.ncbi.nlm.nih.gov/sos9/sra-pub-zq-924/SRR014/14119/SRR14119021/SRR14119021.lite.1	SRX10489362	12.1.225	WGS	RANDOM	GENOMIC	PAIRED	0	0	ILLUMINA	Illumina HiSeq 4000	SRP076116	PRJNA324432	2	324432	SRS8615605	SAMN18576985	simple	318829	Pyricularia oryzae	12.1.225							no					UNIVERSITY OF NEUCHATEL	SRA1213829		public	EAB491FD9F119E8D7A53EF2A5D6BB035	D902C9432C5BC4C2DFEB20C4C6CC3B67
SRR14119020	2021-03-31 14:39:37	2021-03-31 14:06:47	7140481	2156425262	7140481	302	958		https://sra-downloadb.be-md.ncbi.nlm.nih.gov/sos9/sra-pub-zq-924/SRR014/14119/SRR14119020/SRR14119020.lite.1	SRX10489363	12.1.234	WGS	RANDOM	GENOMIC	PAIRED	0	0	ILLUMINA	Illumina HiSeq 4000	SRP076116	PRJNA324432	2	324432	SRS8615606	SAMN18576986	simple	318829	Pyricularia oryzae	12.1.234							no					UNIVERSITY OF NEUCHATEL	SRA1213829		public	CE617ECB688524327F97F4512D6B5030	B75C1AB332A8906CA9F7A7B39BE7B777
SRR14119019	2021-03-31 14:39:37	2021-03-31 14:05:23	6117838	1847587076	6117838	302	823		https://sra-downloadb.be-md.ncbi.nlm.nih.gov/sos9/sra-pub-zq-924/SRR014/14119/SRR14119019/SRR14119019.lite.1	SRX10489364	12.1.241	WGS	RANDOM	GENOMIC	PAIRED	0	0	ILLUMINA	Illumina HiSeq 4000	SRP076116	PRJNA324432	2	324432	SRS8615607	SAMN18576987	simple	318829	Pyricularia oryzae	12.1.241							no					UNIVERSITY OF NEUCHATEL	SRA1213829		public	F2A6DF66DE24BB44FEFD09513C722E8A	B51C00EF5D6E072F6CAF2A118A8A62CE
SRR14119018	2021-03-31 14:39:37	2021-03-31 14:05:03	6616910	1998306820	6616910	302	889		https://sra-downloadb.be-md.ncbi.nlm.nih.gov/sos9/sra-pub-zq-924/SRR014/14119/SRR14119018/SRR14119018.lite.1	SRX10489365	12.1.291	WGS	RANDOM	GENOMIC	PAIRED	0	0	ILLUMINA	Illumina HiSeq 4000	SRP076116	PRJNA324432	2	324432	SRS8615608	SAMN18576988	simple	318829	Pyricularia oryzae	12.1.291							no					UNIVERSITY OF NEUCHATEL	SRA1213829		public	CC24743A98DF71D4ADFC44CF381535E0	638A84BCF090A7596F914935B4B1FE9E
SRR14119017	2021-03-31 14:39:37	2021-03-31 14:04:16	5617023	1696340946	5617023	302	748		https://sra-downloadb.be-md.ncbi.nlm.nih.gov/sos9/sra-pub-zq-924/SRR014/14119/SRR14119017/SRR14119017.lite.1	SRX10489366	678	WGS	RANDOM	GENOMIC	PAIRED	0	0	ILLUMINA	Illumina HiSeq 4000	SRP076116	PRJNA324432	2	324432	SRS8615609	SAMN18576971	simple	318829	Pyricularia oryzae	678							no					UNIVERSITY OF NEUCHATEL	SRA1213829		public	AB1791C6E233541C2636CE7E42250A4C	5DD3ADE105E6A11FC87E7C3A9C447782
SRR14119016	2021-03-31 14:39:37	2021-03-31 14:02:04	326139	185023704	326139	567	100		https://sra-downloadb.be-md.ncbi.nlm.nih.gov/sos9/sra-pub-zq-924/SRR014/14119/SRR14119016/SRR14119016.lite.1	SRX10489367	PK1	WGS	RANDOM	GENOMIC	PAIRED	0	0	ILLUMINA	Illumina HiSeq 4000	SRP076116	PRJNA324432	2	324432	SRS8615610	SAMN18576989	simple	318829	Pyricularia oryzae	PK1							no					UNIVERSITY OF NEUCHATEL	SRA1213829		public	D7C640078D5D3741390D78CD01BBCF62	2090E859B52D1210CFA5872D6447BEDB
SRR14119015	2021-03-31 14:39:37	2021-03-31 14:02:03	307974	181467404	307974	589	99		https://sra-downloadb.be-md.ncbi.nlm.nih.gov/sos9/sra-pub-zq-924/SRR014/14119/SRR14119015/SRR14119015.lite.1	SRX10489368	PY1	WGS	RANDOM	GENOMIC	PAIRED	0	0	ILLUMINA	Illumina HiSeq 4000	SRP076116	PRJNA324432	2	324432	SRS8615611	SAMN18576990	simple	318829	Pyricularia oryzae	PY1							no					UNIVERSITY OF NEUCHATEL	SRA1213829		public	754DC75BD21E7798904F2F1AECD1DF17	A92C3483123C1111CAC61835A8E19B1C
SRR14119012	2021-03-31 14:39:37	2021-03-31 14:02:04	398614	235878894	398614	591	129		https://sra-downloadb.be-md.ncbi.nlm.nih.gov/sos9/sra-pub-zq-924/SRR014/14119/SRR14119012/SRR14119012.lite.1	SRX10489371	PY3	WGS	RANDOM	GENOMIC	PAIRED	0	0	ILLUMINA	Illumina HiSeq 4000	SRP076116	PRJNA324432	2	324432	SRS8615614	SAMN18576993	simple	318829	Pyricularia oryzae	PY3							no					UNIVERSITY OF NEUCHATEL	SRA1213829		public	9C9409F43FBA5B4684BC3A0251ED21B8	A1C5FE315727E486F5C5533B5213EDB9
SRR14119014	2021-03-31 14:39:37	2021-03-31 14:01:50	258572	153061680	258572	591	81		https://sra-downloadb.be-md.ncbi.nlm.nih.gov/sos9/sra-pub-zq-924/SRR014/14119/SRR14119014/SRR14119014.lite.1	SRX10489369	PYB2	WGS	RANDOM	GENOMIC	PAIRED	0	0	ILLUMINA	Illumina HiSeq 4000	SRP076116	PRJNA324432	2	324432	SRS8615612	SAMN18576991	simple	318829	Pyricularia oryzae	PYB2							no					UNIVERSITY OF NEUCHATEL	SRA1213829		public	C7225AA4C95D117B28E68481E8663A6F	1AB7F72A4B68BE47EF7F913C658D992D
SRR14119013	2021-03-31 14:39:37	2021-03-31 14:01:45	270270	160615756	270270	594	86		https://sra-downloadb.be-md.ncbi.nlm.nih.gov/sos9/sra-pub-zq-924/SRR014/14119/SRR14119013/SRR14119013.lite.1	SRX10489370	PYB3	WGS	RANDOM	GENOMIC	PAIRED	0	0	ILLUMINA	Illumina HiSeq 4000	SRP076116	PRJNA324432	2	324432	SRS8615613	SAMN18576992	simple	318829	Pyricularia oryzae	PYB3							no					UNIVERSITY OF NEUCHATEL	SRA1213829		public	9ED9D2F01E12EACD0E10EA50912E759E	3EE727F3754A7DB900728DB06E5B3D2C
SRR14705991	2022-06-30 00:21:00	2021-06-01 23:57:48	1836997	832972645	1836997	453	382		https://sra-downloadb.be-md.ncbi.nlm.nih.gov/sos9/sra-pub-zq-922/SRR014/14705/SRR14705991/SRR14705991.lite.1	SRX11043951	U229_Lib	WGS	RANDOM	GENOMIC	PAIRED	0	0	ILLUMINA	Illumina MiSeq	SRP322222	PRJNA320483		320483	SRS9112200	SAMN19488817	simple	318829	Pyricularia oryzae	U229							no					UNIVERSITY OF KENTUCKY	SRA1239061		public	00FA8F8825B8D2B48F8027BB883459B5	CD689C1E93B6F13D8FCBC5C9CCF1CA67
SRR14705987	2022-06-30 00:21:00	2021-06-02 03:45:39	21515223	6454566900	21515223	300	2319		https://sra-downloadb.be-md.ncbi.nlm.nih.gov/sos13/sra-pub-zq-1301/SRR014/14705/SRR14705987/SRR14705987.lite.1	SRX11043955	UbJA112_Lib	WGS	RANDOM	GENOMIC	PAIRED	0	0	ILLUMINA	Illumina MiSeq	SRP322222	PRJNA320483		320483	SRS9112205	SAMN19488867	simple	318829	Pyricularia oryzae	UbJA112							no					UNIVERSITY OF KENTUCKY	SRA1239061		public	4AD29D813493345AE96AFDEFA5527F10	0BD671A1851A6BCCACD0D158F6FCD589
SRR14705986	2022-06-30 00:21:00	2021-06-02 03:48:59	23118794	6935638200	23118794	300	2517		https://sra-downloadb.be-md.ncbi.nlm.nih.gov/sos13/sra-pub-zq-1301/SRR014/14705/SRR14705986/SRR14705986.lite.1	SRX11043956	UbJA92_Lib	WGS	RANDOM	GENOMIC	PAIRED	0	0	ILLUMINA	Illumina MiSeq	SRP322222	PRJNA320483		320483	SRS9112206	SAMN19488868	simple	318829	Pyricularia oryzae	UbJA92							no					UNIVERSITY OF KENTUCKY	SRA1239061		public	DD4E1720E5A35D6DF9B552FDB71C4E38	867399E6E242D86F22E9B6F21037892F
SRR14705989	2022-06-30 00:21:00	2021-06-02 04:54:12	11684475	2944487700	11684475	252	1490		https://sra-downloadb.be-md.ncbi.nlm.nih.gov/sos13/sra-pub-zq-1301/SRR014/14705/SRR14705989/SRR14705989.lite.1	SRX11043953	WB127_Lib	WGS	RANDOM	GENOMIC	PAIRED	0	0	ILLUMINA	Illumina MiSeq	SRP322222	PRJNA320483		320483	SRS9112203	SAMN19488865	simple	318829	Pyricularia oryzae	WB127							no					UNIVERSITY OF KENTUCKY	SRA1239061		public	27F45E0E58324279B72D5FFF4E2D16FC	BA492F437B1DC35DF2E819375254B78C
SRR14705988	2022-06-30 00:21:00	2021-06-02 04:58:09	13417430	3381192360	13417430	252	1735		https://sra-downloadb.be-md.ncbi.nlm.nih.gov/sos13/sra-pub-zq-1301/SRR014/14705/SRR14705988/SRR14705988.lite.1	SRX11043954	WB169_Lib	WGS	RANDOM	GENOMIC	PAIRED	0	0	ILLUMINA	Illumina MiSeq	SRP322222	PRJNA320483		320483	SRS9112204	SAMN19488866	simple	318829	Pyricularia oryzae	WB169							no					UNIVERSITY OF KENTUCKY	SRA1239061		public	C17F153AAACCD138A2609ACB9C1CFFCD	909EED8C8A63D33F38EF5EDFD700915D
SRR14705994	2022-06-30 00:21:00	2021-06-02 01:53:15	23917379	7175213700	23917379	300	2603		https://sra-downloadb.be-md.ncbi.nlm.nih.gov/sos13/sra-pub-zq-1301/SRR014/14705/SRR14705994/SRR14705994.lite.1	SRX11043948	CpJA159_Lib	WGS	RANDOM	GENOMIC	PAIRED	0	0	ILLUMINA	Illumina HiSeq 2000	SRP322222	PRJNA320483		320483	SRS9112198	SAMN19488802	simple	318829	Pyricularia oryzae	CpJA159							no					UNIVERSITY OF KENTUCKY	SRA1239061		public	701E33E57A319359F5465FD8283FA279	D7F5EC84290C2D1B8D4259ED5677314F
SRR14705993	2022-06-30 00:21:00	2021-06-02 00:05:53	13961618	3518327736	13961618	252	1940		https://sra-downloadb.be-md.ncbi.nlm.nih.gov/sos13/sra-pub-zq-1301/SRR014/14705/SRR14705993/SRR14705993.lite.1	SRX11043949	Ds363_Lib	WGS	RANDOM	GENOMIC	PAIRED	0	0	ILLUMINA	Illumina HiSeq 2000	SRP322222	PRJNA320483		320483	SRS9112201	SAMN19488803	simple	318829	Pyricularia oryzae	Ds363							no					UNIVERSITY OF KENTUCKY	SRA1239061		public	CBD5A207B6D093B4F9C2F4CB60AD0C21	C05B37F3241A36E9A3C1AF8F365BFE4F
SRR14705985	2022-06-30 00:21:00	2021-06-01 23:58:13	2749431	884621422	2749431	321	556		https://sra-downloadb.be-md.ncbi.nlm.nih.gov/sos1/sra-pub-zq-38/SRR014/14705/SRR14705985/SRR14705985.lite.1	SRX11043957	Ei8303_Lib	WGS	RANDOM	GENOMIC	PAIRED	0	0	ILLUMINA	Illumina MiSeq	SRP322222	PRJNA320483		320483	SRS9112208	SAMN19488810	simple	318829	Pyricularia oryzae	Ei8303							no					UNIVERSITY OF KENTUCKY	SRA1239061		public	391278389AC4CB98CA48D758D106AC26	87C7E4D93D2B7A26B35905C9A200DC24
SRR14705984	2022-06-30 00:21:00	2021-06-01 23:57:14	2120611	837324830	2120611	394	518		https://sra-downloadb.be-md.ncbi.nlm.nih.gov/sos1/sra-pub-zq-38/SRR014/14705/SRR14705984/SRR14705984.lite.1	SRX11043958	Ei88365_Lib	WGS	RANDOM	GENOMIC	PAIRED	0	0	ILLUMINA	Illumina MiSeq	SRP322222	PRJNA320483		320483	SRS9112207	SAMN19488811	simple	318829	Pyricularia oryzae	Ei88365							no					UNIVERSITY OF KENTUCKY	SRA1239061		public	A28689CDD453FF7223689BEE04D91831	E059545AE0E72DC881E86B465990F6CD
SRR14705992	2022-06-30 00:21:00	2021-06-02 03:42:18	25870077	7761023100	25870077	300	2801		https://sra-downloadb.be-md.ncbi.nlm.nih.gov/sos13/sra-pub-zq-1301/SRR014/14705/SRR14705992/SRR14705992.lite.1	SRX11043950	EiJA56_Lib	WGS	RANDOM	GENOMIC	PAIRED	0	0	ILLUMINA	Illumina MiSeq	SRP322222	PRJNA320483		320483	SRS9112199	SAMN19488816	simple	318829	Pyricularia oryzae	EiJA56							no					UNIVERSITY OF KENTUCKY	SRA1239061		public	41A6B4E1D0B2EE258435AF749B3FAE32	9E7BF76BAAD95CB65E295251E25CCEB2
SRR14119029	2021-03-31 14:34:35	2021-03-31 14:07:04	6658696	2010926192	6658696	302	888		https://sra-downloadb.be-md.ncbi.nlm.nih.gov/sos9/sra-pub-zq-924/SRR014/14119/SRR14119029/SRR14119029.lite.1	SRX10489354	364	WGS	RANDOM	GENOMIC	PAIRED	0	0	ILLUMINA	Illumina HiSeq 4000	SRP076116	PRJNA324432	2	324432	SRS8615597	SAMN18576969	simple	318829	Pyricularia oryzae	364							no					UNIVERSITY OF NEUCHATEL	SRA1213829		public	9CB3CB4600F569AD5B160A92D217B9C4	22D5EF7D009F7284033FB955988B74DF
SRR14119028	2021-03-31 14:34:35	2021-03-31 14:06:45	7505581	2266685462	7505581	302	1004		https://sra-downloadb.be-md.ncbi.nlm.nih.gov/sos9/sra-pub-zq-924/SRR014/14119/SRR14119028/SRR14119028.lite.1	SRX10489355	658	WGS	RANDOM	GENOMIC	PAIRED	0	0	ILLUMINA	Illumina HiSeq 4000	SRP076116	PRJNA324432	2	324432	SRS8615598	SAMN18576970	simple	318829	Pyricularia oryzae	658							no					UNIVERSITY OF NEUCHATEL	SRA1213829		public	3CF5963C60A5DB22E3E659BCE2E3B625	6214BC0715D7795529DF2A3EBDD6E23B
SRR14119027	2021-03-31 14:39:37	2021-03-31 14:06:40	5509928	1663998256	5509928	302	773		https://sra-downloadb.be-md.ncbi.nlm.nih.gov/sos9/sra-pub-zq-924/SRR014/14119/SRR14119027/SRR14119027.lite.1	SRX10489356	12.1.014	WGS	RANDOM	GENOMIC	PAIRED	0	0	ILLUMINA	Illumina HiSeq 4000	SRP076116	PRJNA324432	2	324432	SRS8615599	SAMN18576979	simple	318829	Pyricularia oryzae	12.1.014							no					UNIVERSITY OF NEUCHATEL	SRA1213829		public	7097BC1F8A517184DDC6742E0F76B9E9	BCB7452D47F8A0C0C82AB7BD9BBFEF17
SRR14119026	2021-03-31 14:39:37	2021-03-31 14:06:35	6253233	1888476366	6253233	302	891		https://sra-downloadb.be-md.ncbi.nlm.nih.gov/sos9/sra-pub-zq-924/SRR014/14119/SRR14119026/SRR14119026.lite.1	SRX10489357	12.1.037	WGS	RANDOM	GENOMIC	PAIRED	0	0	ILLUMINA	Illumina HiSeq 4000	SRP076116	PRJNA324432	2	324432	SRS8615600	SAMN18576980	simple	318829	Pyricularia oryzae	12.1.037							no					UNIVERSITY OF NEUCHATEL	SRA1213829		public	3279C82052C4BC7ACE70419BC5CE202F	5A6A223FC7D47FDA981FEBB944958715
SRR14119025	2021-03-31 14:39:37	2021-03-31 14:09:09	7955721	2402627742	7955721	302	1069		https://sra-downloadb.be-md.ncbi.nlm.nih.gov/sos9/sra-pub-zq-924/SRR014/14119/SRR14119025/SRR14119025.lite.1	SRX10489358	12.1.078	WGS	RANDOM	GENOMIC	PAIRED	0	0	ILLUMINA	Illumina HiSeq 4000	SRP076116	PRJNA324432	2	324432	SRS8615601	SAMN18576981	simple	318829	Pyricularia oryzae	12.1.078							no					UNIVERSITY OF NEUCHATEL	SRA1213829		public	E6F518E7059B16F42C70F30CDBB7F616	28D53AEF37FC4FA9987C8C27DAAA93C9
ERR4757128	2020-10-26 07:39:31	2020-11-11 16:25:23	2097751	1258650600	2097751	600	702		https://sra-downloadb.be-md.ncbi.nlm.nih.gov/sos8/sra-pub-zq-820/ERR004/4757/ERR4757128/ERR4757128.lite.1	ERX4630278	HB0852	WGS	unspecified	GENOMIC	PAIRED	300	0	ILLUMINA	Illumina HiSeq 2500	ERP124624	PRJEB40915		674260	ERS5230954	SAMEA7473260	simple	318829	Pyricularia oryzae	SAMEA7473260							no					THE SAINSBURY LABORATORY	ERA3024126		public	8386AA818261A9B530BFDD366882784A	29200520CDA931F47D7E7F71D14ADCA9
ERR4757129	2020-10-26 07:39:31	2020-11-11 16:19:52	2243299	1345979400	2243299	600	759		https://sra-downloadb.be-md.ncbi.nlm.nih.gov/sos8/sra-pub-zq-820/ERR004/4757/ERR4757129/ERR4757129.lite.1	ERX4630279	HB0853	WGS	unspecified	GENOMIC	PAIRED	300	0	ILLUMINA	Illumina HiSeq 2500	ERP124624	PRJEB40915		674260	ERS5230960	SAMEA7473266	simple	318829	Pyricularia oryzae	SAMEA7473266							no					THE SAINSBURY LABORATORY	ERA3024126		public	8D9890E46E8BE88766532B318EC555BA	B8F1EDA36DC685DA6FB35CC0741206CE
ERR4757130	2020-10-26 07:39:31	2020-11-11 16:19:43	1657204	994322400	1657204	600	568		https://sra-downloadb.be-md.ncbi.nlm.nih.gov/sos8/sra-pub-zq-820/ERR004/4757/ERR4757130/ERR4757130.lite.1	ERX4630280	HB0854	WGS	unspecified	GENOMIC	PAIRED	300	0	ILLUMINA	Illumina HiSeq 2500	ERP124624	PRJEB40915		674260	ERS5230955	SAMEA7473261	simple	318829	Pyricularia oryzae	SAMEA7473261							no					THE SAINSBURY LABORATORY	ERA3024126		public	5D2D792BD3A37F58AC23EC04BFB8193E	A98B4915A1F6101E033B0BA6324076E9
ERR4757131	2020-10-26 07:39:31	2020-11-11 16:20:43	1852622	1111573200	1852622	600	620		https://sra-downloadb.be-md.ncbi.nlm.nih.gov/sos8/sra-pub-zq-820/ERR004/4757/ERR4757131/ERR4757131.lite.1	ERX4630281	HB0855	WGS	unspecified	GENOMIC	PAIRED	300	0	ILLUMINA	Illumina HiSeq 2500	ERP124624	PRJEB40915		674260	ERS5230953	SAMEA7473259	simple	318829	Pyricularia oryzae	SAMEA7473259							no					THE SAINSBURY LABORATORY	ERA3024126		public	8A98247A575EEEC38FE3BE8121855758	F0C64761B9BE51A39EEBE52C9FF44818
ERR4832458	2020-11-22 09:41:46	2020-12-23 11:32:35	12555053	3766515900	12555053	300	1682		https://sra-downloadb.be-md.ncbi.nlm.nih.gov/sos13/sra-pub-zq-1301/ERR004/4832/ERR4832458/ERR4832458.lite.1	ERX4702418	unspecified	WGS	size fractionation	GENOMIC	PAIRED	500	0	ILLUMINA	Illumina HiSeq 3000	ERP124926	PRJEB41186		683502	ERS5297443	SAMEA7540990	simple	318829	Pyricularia oryzae	SAMEA7540990							no					INRA (INRA MONTPELLIER)	ERA3134443		public	C1C0E373242B11F228CE81E2888B4015	E1E7CB08918E1D6F6F4FC329BF571920
ERR4832459	2020-11-22 09:41:46	2020-12-22 09:27:46	19691203	5907360900	19691203	300	2552		https://sra-downloadb.be-md.ncbi.nlm.nih.gov/sos13/sra-pub-zq-1301/ERR004/4832/ERR4832459/ERR4832459.lite.1	ERX4702419	unspecified	WGS	size fractionation	GENOMIC	PAIRED	500	0	ILLUMINA	Illumina HiSeq 3000	ERP124926	PRJEB41186		683502	ERS5297444	SAMEA7540991	simple	318829	Pyricularia oryzae	SAMEA7540991							no					INRA (INRA MONTPELLIER)	ERA3134443		public	5B4BD8A0E59A6060B6889812CB0D5CE8	AF6C0D1A8A423ADEE1A078703E6A3C9C
ERR4832460	2020-11-22 09:41:46	2020-12-23 11:32:07	15180583	4554174900	15180583	300	1945		https://sra-downloadb.be-md.ncbi.nlm.nih.gov/sos13/sra-pub-zq-1301/ERR004/4832/ERR4832460/ERR4832460.lite.1	ERX4702420	unspecified	WGS	size fractionation	GENOMIC	PAIRED	500	0	ILLUMINA	Illumina HiSeq 3000	ERP124926	PRJEB41186		683502	ERS5297445	SAMEA7540992	simple	318829	Pyricularia oryzae	SAMEA7540992							no					INRA (INRA MONTPELLIER)	ERA3134443		public	DCF4FDFEBB502EA048E6C5E80AE4FCF6	D4A78F79CC08F3DC001EDA31080C0BA8
ERR4832461	2020-11-22 09:41:46	2020-12-22 09:31:29	17308299	5192489700	17308299	300	2211		https://sra-downloadb.be-md.ncbi.nlm.nih.gov/sos13/sra-pub-zq-1301/ERR004/4832/ERR4832461/ERR4832461.lite.1	ERX4702421	unspecified	WGS	size fractionation	GENOMIC	PAIRED	500	0	ILLUMINA	Illumina HiSeq 3000	ERP124926	PRJEB41186		683502	ERS5297446	SAMEA7540993	simple	318829	Pyricularia oryzae	SAMEA7540993							no					INRA (INRA MONTPELLIER)	ERA3134443		public	9208798D6F3375FC5413AF4AF799FEB7	198A9430144EBB62C1B558ADC693DB56
ERR4832462	2020-11-22 09:41:46	2020-12-23 11:28:40	12269860	3680958000	12269860	300	1566		https://sra-downloadb.be-md.ncbi.nlm.nih.gov/sos13/sra-pub-zq-1301/ERR004/4832/ERR4832462/ERR4832462.lite.1	ERX4702422	unspecified	WGS	size fractionation	GENOMIC	PAIRED	500	0	ILLUMINA	Illumina HiSeq 3000	ERP124926	PRJEB41186		683502	ERS5297447	SAMEA7540994	simple	318829	Pyricularia oryzae	SAMEA7540994							no					INRA (INRA MONTPELLIER)	ERA3134443		public	70D2615B84E2D802B911733CB5AAEECE	F217C5F2C31B80FA9551B1D7AE336D4F
ERR4832463	2020-11-22 09:41:46	2021-04-22 12:08:15	10306131	3091839300	10306131	300	1321		https://sra-downloadb.be-md.ncbi.nlm.nih.gov/sos13/sra-pub-zq-1301/ERR004/4832/ERR4832463/ERR4832463.lite.1	ERX4702423	unspecified	WGS	size fractionation	GENOMIC	PAIRED	500	0	ILLUMINA	Illumina HiSeq 3000	ERP124926	PRJEB41186		683502	ERS5297448	SAMEA7540995	simple	318829	Pyricularia oryzae	SAMEA7540995							no					INRA (INRA MONTPELLIER)	ERA3134443		public	5388AFF35FCADF594ADDE55255B1B0F0	BB392BA73DEAAF8AEB8BA12060E4B31B
ERR4832464	2020-11-22 09:41:46	2020-12-23 11:30:42	15097517	4529255100	15097517	300	2030		https://sra-downloadb.be-md.ncbi.nlm.nih.gov/sos13/sra-pub-zq-1301/ERR004/4832/ERR4832464/ERR4832464.lite.1	ERX4702424	unspecified	WGS	size fractionation	GENOMIC	PAIRED	500	0	ILLUMINA	Illumina HiSeq 3000	ERP124926	PRJEB41186		683502	ERS5297449	SAMEA7540996	simple	318829	Pyricularia oryzae	SAMEA7540996							no					INRA (INRA MONTPELLIER)	ERA3134443		public	63206A3B80F4D2CA5E0FE82E9643001D	43E33D39DC54B510B11C832C0305F790
ERR4832465	2020-11-22 09:41:46	2021-04-22 12:10:08	13992874	4197862200	13992874	300	1813		https://sra-downloadb.be-md.ncbi.nlm.nih.gov/sos13/sra-pub-zq-1301/ERR004/4832/ERR4832465/ERR4832465.lite.1	ERX4702425	unspecified	WGS	size fractionation	GENOMIC	PAIRED	500	0	ILLUMINA	Illumina HiSeq 3000	ERP124926	PRJEB41186		683502	ERS5297450	SAMEA7540997	simple	318829	Pyricularia oryzae	SAMEA7540997							no					INRA (INRA MONTPELLIER)	ERA3134443		public	FC2CD760C0117999D99DC26AF80293D4	200A507CFCCA323734E7783B7E552218
ERR4832466	2020-11-22 09:41:46	2020-12-23 11:28:20	11442190	3432657000	11442190	300	1479		https://sra-downloadb.be-md.ncbi.nlm.nih.gov/sos13/sra-pub-zq-1301/ERR004/4832/ERR4832466/ERR4832466.lite.1	ERX4702426	unspecified	WGS	size fractionation	GENOMIC	PAIRED	500	0	ILLUMINA	Illumina HiSeq 3000	ERP124926	PRJEB41186		683502	ERS5297451	SAMEA7540998	simple	318829	Pyricularia oryzae	SAMEA7540998							no					INRA (INRA MONTPELLIER)	ERA3134443		public	3C15CF30B02BE467988EED6B4AA9D034	D582F4F65C21F9181A15B703FEC10539
ERR4832467	2020-11-22 09:41:46	2020-12-23 11:32:09	17479082	5243724600	17479082	300	2339		https://sra-downloadb.be-md.ncbi.nlm.nih.gov/sos13/sra-pub-zq-1301/ERR004/4832/ERR4832467/ERR4832467.lite.1	ERX4702427	unspecified	WGS	size fractionation	GENOMIC	PAIRED	500	0	ILLUMINA	Illumina HiSeq 3000	ERP124926	PRJEB41186		683502	ERS5297452	SAMEA7540999	simple	318829	Pyricularia oryzae	SAMEA7540999							no					INRA (INRA MONTPELLIER)	ERA3134443		public	14D8CAB017CF2A280A1BFADC75F98E5E	36CBC66BECDD23FF1197E0111E5B8CE0
ERR4832468	2020-11-22 09:41:46	2020-12-22 09:27:46	17848961	5354688300	17848961	300	2294		https://sra-downloadb.be-md.ncbi.nlm.nih.gov/sos13/sra-pub-zq-1301/ERR004/4832/ERR4832468/ERR4832468.lite.1	ERX4702428	unspecified	WGS	size fractionation	GENOMIC	PAIRED	500	0	ILLUMINA	Illumina HiSeq 3000	ERP124926	PRJEB41186		683502	ERS5297453	SAMEA7541000	simple	318829	Pyricularia oryzae	SAMEA7541000							no					INRA (INRA MONTPELLIER)	ERA3134443		public	1FD7062AA1051FE94080AB655DA550F0	8D90A7A5CCD6ED5A036F29AABA897DCE
ERR4832469	2020-11-22 09:41:46	2020-12-23 11:30:49	15763533	4729059900	15763533	300	1997		https://sra-downloadb.be-md.ncbi.nlm.nih.gov/sos13/sra-pub-zq-1301/ERR004/4832/ERR4832469/ERR4832469.lite.1	ERX4702429	unspecified	WGS	size fractionation	GENOMIC	PAIRED	500	0	ILLUMINA	Illumina HiSeq 3000	ERP124926	PRJEB41186		683502	ERS5297454	SAMEA7541001	simple	318829	Pyricularia oryzae	SAMEA7541001							no					INRA (INRA MONTPELLIER)	ERA3134443		public	4B9BB88527E4D5EED677408F7B1EBBA9	6C6EB085A29E10FF49969EF879BC6103
ERR4832470	2020-11-22 09:41:46	2020-12-23 11:33:20	16956380	5086914000	16956380	300	2177		https://sra-downloadb.be-md.ncbi.nlm.nih.gov/sos13/sra-pub-zq-1301/ERR004/4832/ERR4832470/ERR4832470.lite.1	ERX4702430	unspecified	WGS	size fractionation	GENOMIC	PAIRED	500	0	ILLUMINA	Illumina HiSeq 3000	ERP124926	PRJEB41186		683502	ERS5297455	SAMEA7541002	simple	318829	Pyricularia oryzae	SAMEA7541002							no					INRA (INRA MONTPELLIER)	ERA3134443		public	37318B71E070CDF3305F94BDC62682B1	DB19E69F9B97D8B2897B42938DAD9FF9
ERR4832471	2020-11-22 09:41:46	2020-12-23 11:31:50	16778871	5033661300	16778871	300	2196		https://sra-downloadb.be-md.ncbi.nlm.nih.gov/sos13/sra-pub-zq-1301/ERR004/4832/ERR4832471/ERR4832471.lite.1	ERX4702431	unspecified	WGS	size fractionation	GENOMIC	PAIRED	500	0	ILLUMINA	Illumina HiSeq 3000	ERP124926	PRJEB41186		683502	ERS5297456	SAMEA7541003	simple	318829	Pyricularia oryzae	SAMEA7541003							no					INRA (INRA MONTPELLIER)	ERA3134443		public	8692250570D371233097C4DEB283104C	573CB8F2B089614E9DD1664FB08E1AB5
ERR4832472	2020-11-22 09:41:46	2020-12-22 09:29:45	14264726	4279417800	14264726	300	1820		https://sra-downloadb.be-md.ncbi.nlm.nih.gov/sos13/sra-pub-zq-1301/ERR004/4832/ERR4832472/ERR4832472.lite.1	ERX4702432	unspecified	WGS	size fractionation	GENOMIC	PAIRED	500	0	ILLUMINA	Illumina HiSeq 3000	ERP124926	PRJEB41186		683502	ERS5297457	SAMEA7541004	simple	318829	Pyricularia oryzae	SAMEA7541004							no					INRA (INRA MONTPELLIER)	ERA3134443		public	300A067B203946468628D047A62D6736	D132C8EED35182CE547D6C1464954904
ERR4832473	2020-11-22 09:41:46	2020-12-23 11:30:29	13678921	4103676300	13678921	300	1824		https://sra-downloadb.be-md.ncbi.nlm.nih.gov/sos13/sra-pub-zq-1301/ERR004/4832/ERR4832473/ERR4832473.lite.1	ERX4702433	unspecified	WGS	size fractionation	GENOMIC	PAIRED	500	0	ILLUMINA	Illumina HiSeq 3000	ERP124926	PRJEB41186		683502	ERS5297458	SAMEA7541005	simple	318829	Pyricularia oryzae	SAMEA7541005							no					INRA (INRA MONTPELLIER)	ERA3134443		public	F808E5157B72B0EEBEF6E942AC0B7904	2819496384EEAACAEE06A7519B1DECD6
ERR4832474	2020-11-22 09:41:46	2020-12-23 11:30:57	11636071	3490821300	11636071	300	1497		https://sra-downloadb.be-md.ncbi.nlm.nih.gov/sos13/sra-pub-zq-1301/ERR004/4832/ERR4832474/ERR4832474.lite.1	ERX4702434	unspecified	WGS	size fractionation	GENOMIC	PAIRED	500	0	ILLUMINA	Illumina HiSeq 3000	ERP124926	PRJEB41186		683502	ERS5297459	SAMEA7541006	simple	318829	Pyricularia oryzae	SAMEA7541006							no					INRA (INRA MONTPELLIER)	ERA3134443		public	914574460D97E6DA14B8F9FC75078F64	9653CBC9EE8D65A99409DE010DF035B1
ERR4832475	2020-11-22 09:41:46	2020-12-23 11:28:21	14654436	4396330800	14654436	300	1883		https://sra-downloadb.be-md.ncbi.nlm.nih.gov/sos13/sra-pub-zq-1301/ERR004/4832/ERR4832475/ERR4832475.lite.1	ERX4702435	unspecified	WGS	size fractionation	GENOMIC	PAIRED	500	0	ILLUMINA	Illumina HiSeq 3000	ERP124926	PRJEB41186		683502	ERS5297460	SAMEA7541007	simple	318829	Pyricularia oryzae	SAMEA7541007							no					INRA (INRA MONTPELLIER)	ERA3134443		public	318D35B0A70A5EC470412BFD74A2F3ED	8F7501BDD056B9E08BE59D6AE384E7E0
ERR4832476	2020-11-22 09:41:46	2020-12-22 09:25:34	14805986	4441795800	14805986	300	1908		https://sra-downloadb.be-md.ncbi.nlm.nih.gov/sos13/sra-pub-zq-1301/ERR004/4832/ERR4832476/ERR4832476.lite.1	ERX4702436	unspecified	WGS	size fractionation	GENOMIC	PAIRED	500	0	ILLUMINA	Illumina HiSeq 3000	ERP124926	PRJEB41186		683502	ERS5297461	SAMEA7541008	simple	318829	Pyricularia oryzae	SAMEA7541008							no					INRA (INRA MONTPELLIER)	ERA3134443		public	73B103451BA45C8AE4C0CB20DDA35D44	0707FB53D235FDB28D052E42C4F9B9E2
ERR5060390	2021-01-18 09:40:32	2021-01-20 09:09:01	7919624	2391726448	7919624	302	1040		https://sra-downloadb.be-md.ncbi.nlm.nih.gov/sos8/sra-pub-zq-818/ERR005/5060/ERR5060390/ERR5060390.lite.1	ERX4866459	unspecified	WGS	size fractionation	GENOMIC	PAIRED	500	0	ILLUMINA	Illumina HiSeq 3000	ERP126224	PRJEB42377		691863	ERS5524332	SAMEA7777094	simple	318829	Pyricularia oryzae	SAMEA7777094							no					INRA (INRA MONTPELLIER)	ERA3206985		public	7E87250721ADFE05734E517AFEE31B6C	0C4FAA3A2AA01814C4ABCA174074E659
ERR5060391	2021-01-18 09:40:32	2021-01-20 09:09:07	8606161	2599060622	8606161	302	1109		https://sra-downloadb.be-md.ncbi.nlm.nih.gov/sos8/sra-pub-zq-818/ERR005/5060/ERR5060391/ERR5060391.lite.1	ERX4866460	unspecified	WGS	size fractionation	GENOMIC	PAIRED	500	0	ILLUMINA	Illumina HiSeq 3000	ERP126224	PRJEB42377		691863	ERS5524333	SAMEA7777095	simple	318829	Pyricularia oryzae	SAMEA7777095							no					INRA (INRA MONTPELLIER)	ERA3206985		public	E5E0D25B37D3004B10A5DCA05A689FFB	54C08E9939F690C7FDCAF382C627205C
ERR5060392	2021-01-18 09:40:32	2021-01-20 09:11:05	10841812	3274227224	10841812	302	1365		https://sra-downloadb.be-md.ncbi.nlm.nih.gov/sos8/sra-pub-zq-818/ERR005/5060/ERR5060392/ERR5060392.lite.1	ERX4866461	unspecified	WGS	size fractionation	GENOMIC	PAIRED	500	0	ILLUMINA	Illumina HiSeq 3000	ERP126224	PRJEB42377		691863	ERS5524334	SAMEA7777096	simple	318829	Pyricularia oryzae	SAMEA7777096							no					INRA (INRA MONTPELLIER)	ERA3206985		public	7F6A87877083ADB9983A5F7BA95C6C06	6722AA2AC3D517EDE48A1A321BF3274C
ERR5060393	2021-01-18 09:40:32	2021-01-20 09:09:16	9942599	3002664898	9942599	302	1274		https://sra-downloadb.be-md.ncbi.nlm.nih.gov/sos8/sra-pub-zq-818/ERR005/5060/ERR5060393/ERR5060393.lite.1	ERX4866462	unspecified	WGS	size fractionation	GENOMIC	PAIRED	500	0	ILLUMINA	Illumina HiSeq 3000	ERP126224	PRJEB42377		691863	ERS5524335	SAMEA7777097	simple	318829	Pyricularia oryzae	SAMEA7777097							no					INRA (INRA MONTPELLIER)	ERA3206985		public	178DED16F48B010224860E4A27EFE6BC	9B62C84E1C219A1613494E9408C21A08
ERR5060394	2021-01-18 09:40:32	2021-01-20 09:12:17	13576930	4100232860	13576930	302	1721		https://sra-downloadb.be-md.ncbi.nlm.nih.gov/sos8/sra-pub-zq-818/ERR005/5060/ERR5060394/ERR5060394.lite.1	ERX4866463	unspecified	WGS	size fractionation	GENOMIC	PAIRED	500	0	ILLUMINA	Illumina HiSeq 3000	ERP126224	PRJEB42377		691863	ERS5524336	SAMEA7777098	simple	318829	Pyricularia oryzae	SAMEA7777098							no					INRA (INRA MONTPELLIER)	ERA3206985		public	B8C5F4CEEF63DB4C1488B9344D73A080	213589F5EB04E6C205CBB37930D2B583
ERR5060395	2021-01-18 09:40:32	2021-01-20 09:13:06	14352311	4334397922	14352311	302	1832		https://sra-downloadb.be-md.ncbi.nlm.nih.gov/sos8/sra-pub-zq-818/ERR005/5060/ERR5060395/ERR5060395.lite.1	ERX4866464	unspecified	WGS	size fractionation	GENOMIC	PAIRED	500	0	ILLUMINA	Illumina HiSeq 3000	ERP126224	PRJEB42377		691863	ERS5524337	SAMEA7777099	simple	318829	Pyricularia oryzae	SAMEA7777099							no					INRA (INRA MONTPELLIER)	ERA3206985		public	5D3C87238FAF1A0C2D9BC8AC3B3D9885	F02DF40C0C59B6597F0903E00F389A34
ERR5060396	2021-01-18 09:40:32	2021-01-20 09:11:01	10607740	3203537480	10607740	302	1353		https://sra-downloadb.be-md.ncbi.nlm.nih.gov/sos8/sra-pub-zq-818/ERR005/5060/ERR5060396/ERR5060396.lite.1	ERX4866465	unspecified	WGS	size fractionation	GENOMIC	PAIRED	500	0	ILLUMINA	Illumina HiSeq 3000	ERP126224	PRJEB42377		691863	ERS5524338	SAMEA7777100	simple	318829	Pyricularia oryzae	SAMEA7777100							no					INRA (INRA MONTPELLIER)	ERA3206985		public	17EA98F206DD4A08F77CCE82710E4A9F	91DD97381BC81C7A6D3F37850C1CD3AA
ERR5060397	2021-01-18 09:40:32	2021-01-20 09:08:51	8063851	2435283002	8063851	302	1047		https://sra-downloadb.be-md.ncbi.nlm.nih.gov/sos8/sra-pub-zq-818/ERR005/5060/ERR5060397/ERR5060397.lite.1	ERX4866466	unspecified	WGS	size fractionation	GENOMIC	PAIRED	500	0	ILLUMINA	Illumina HiSeq 3000	ERP126224	PRJEB42377		691863	ERS5524339	SAMEA7777101	simple	318829	Pyricularia oryzae	SAMEA7777101							no					INRA (INRA MONTPELLIER)	ERA3206985		public	B7AEB0DF33CC23FE97F75B9E4AEA3DCB	1C3866E2BCF8B0464541BACED824B394
ERR5060398	2021-01-18 09:40:32	2021-01-20 09:12:40	13548398	4091616196	13548398	302	1759		https://sra-downloadb.be-md.ncbi.nlm.nih.gov/sos8/sra-pub-zq-818/ERR005/5060/ERR5060398/ERR5060398.lite.1	ERX4866467	unspecified	WGS	size fractionation	GENOMIC	PAIRED	500	0	ILLUMINA	Illumina HiSeq 3000	ERP126224	PRJEB42377		691863	ERS5524340	SAMEA7777102	simple	318829	Pyricularia oryzae	SAMEA7777102							no					INRA (INRA MONTPELLIER)	ERA3206985		public	05DC2517C7935F826172680481608148	464C44DABD25F97FD7457DCC863D86AE
ERR5060399	2021-01-18 09:40:32	2021-01-21 18:39:12	7554411	2281432122	7554411	302	957		https://sra-downloadb.be-md.ncbi.nlm.nih.gov/sos9/sra-pub-zq-922/ERR005/5060/ERR5060399/ERR5060399.lite.1	ERX4866468	unspecified	WGS	size fractionation	GENOMIC	PAIRED	500	0	ILLUMINA	Illumina HiSeq 3000	ERP126224	PRJEB42377		691863	ERS5524341	SAMEA7777103	simple	318829	Pyricularia oryzae	SAMEA7777103							no					INRA (INRA MONTPELLIER)	ERA3206985		public	A8BD3D05F01F90B443DB21A056C64A95	C0B7ACAA597BE646DF8D4F9577A9D08C
ERR5060400	2021-01-18 09:40:32	2021-01-20 09:07:39	6329227	1911426554	6329227	302	807		https://sra-downloadb.be-md.ncbi.nlm.nih.gov/sos13/sra-pub-zq-1301/ERR005/5060/ERR5060400/ERR5060400.lite.1	ERX4866469	unspecified	WGS	size fractionation	GENOMIC	PAIRED	500	0	ILLUMINA	Illumina HiSeq 3000	ERP126224	PRJEB42377		691863	ERS5524342	SAMEA7777104	simple	318829	Pyricularia oryzae	SAMEA7777104							no					INRA (INRA MONTPELLIER)	ERA3206985		public	119690D2CCB4B90FCDA33397E61F3A72	FBD95D21F60335D3219D3F2132321BED
ERR5060401	2021-01-18 09:40:32	2021-01-20 09:08:21	6632096	2002892992	6632096	302	891		https://sra-downloadb.be-md.ncbi.nlm.nih.gov/sos13/sra-pub-zq-1301/ERR005/5060/ERR5060401/ERR5060401.lite.1	ERX4866470	unspecified	WGS	size fractionation	GENOMIC	PAIRED	500	0	ILLUMINA	Illumina HiSeq 3000	ERP126224	PRJEB42377		691863	ERS5524343	SAMEA7777105	simple	318829	Pyricularia oryzae	SAMEA7777105							no					INRA (INRA MONTPELLIER)	ERA3206985		public	6993EAD148C75361FCB68E74B18C5063	5D5D8F6BA838414FA1A80ACCA8CCB38E
ERR5060402	2021-01-18 09:40:32	2021-01-20 09:12:39	12337576	3725947952	12337576	302	1566		https://sra-downloadb.be-md.ncbi.nlm.nih.gov/sos8/sra-pub-zq-818/ERR005/5060/ERR5060402/ERR5060402.lite.1	ERX4866471	unspecified	WGS	size fractionation	GENOMIC	PAIRED	500	0	ILLUMINA	Illumina HiSeq 3000	ERP126224	PRJEB42377		691863	ERS5524344	SAMEA7777106	simple	318829	Pyricularia oryzae	SAMEA7777106							no					INRA (INRA MONTPELLIER)	ERA3206985		public	65D592C953BDAB50F1735641C2C7FC0D	4E7819255B8345FCC6AC15E86077E0ED
ERR5060403	2021-01-18 09:40:32	2021-01-20 09:08:41	5550111	1676133522	5550111	302	710		https://sra-downloadb.be-md.ncbi.nlm.nih.gov/sos1/sra-pub-zq-38/ERR005/5060/ERR5060403/ERR5060403.lite.1	ERX4866472	unspecified	WGS	size fractionation	GENOMIC	PAIRED	500	0	ILLUMINA	Illumina HiSeq 3000	ERP126224	PRJEB42377		691863	ERS5524345	SAMEA7777107	simple	318829	Pyricularia oryzae	SAMEA7777107							no					INRA (INRA MONTPELLIER)	ERA3206985		public	9F61833BF10229AA8D8550706818F699	FF6164E3A76FF3ACED78B9F67E1EA241
ERR5060404	2021-01-18 09:40:32	2021-01-20 09:11:51	11810162	3566668924	11810162	302	1544		https://sra-downloadb.be-md.ncbi.nlm.nih.gov/sos8/sra-pub-zq-818/ERR005/5060/ERR5060404/ERR5060404.lite.1	ERX4866473	unspecified	WGS	size fractionation	GENOMIC	PAIRED	500	0	ILLUMINA	Illumina HiSeq 3000	ERP126224	PRJEB42377		691863	ERS5524346	SAMEA7777108	simple	318829	Pyricularia oryzae	SAMEA7777108							no					INRA (INRA MONTPELLIER)	ERA3206985		public	0F8A50EE756CF39D83E5D8ECC3782360	CACB01A6A089965E2D0C67B7A9B9D2E6
ERR5060405	2021-01-18 09:40:32	2021-01-20 09:12:08	13173876	3978510552	13173876	302	1682		https://sra-downloadb.be-md.ncbi.nlm.nih.gov/sos8/sra-pub-zq-818/ERR005/5060/ERR5060405/ERR5060405.lite.1	ERX4866474	unspecified	WGS	size fractionation	GENOMIC	PAIRED	500	0	ILLUMINA	Illumina HiSeq 3000	ERP126224	PRJEB42377		691863	ERS5524347	SAMEA7777109	simple	318829	Pyricularia oryzae	SAMEA7777109							no					INRA (INRA MONTPELLIER)	ERA3206985		public	A673F54A24DF516415FC9EBD4F44CFD1	2127E97BE6C0D4067BE7FFBC7EF1F63B
ERR5060406	2021-01-18 09:40:32	2021-01-20 09:15:56	13320426	4022768652	13320426	302	1696		https://sra-downloadb.be-md.ncbi.nlm.nih.gov/sos8/sra-pub-zq-818/ERR005/5060/ERR5060406/ERR5060406.lite.1	ERX4866475	unspecified	WGS	size fractionation	GENOMIC	PAIRED	500	0	ILLUMINA	Illumina HiSeq 3000	ERP126224	PRJEB42377		691863	ERS5524348	SAMEA7777110	simple	318829	Pyricularia oryzae	SAMEA7777110							no					INRA (INRA MONTPELLIER)	ERA3206985		public	DB36DF60B7E3F14887F4B59AF749E798	97F7E32C8C291FF04469529E312E30A2
ERR5060407	2021-01-18 09:40:32	2021-01-20 09:09:51	8976477	2710896054	8976477	302	1136		https://sra-downloadb.be-md.ncbi.nlm.nih.gov/sos8/sra-pub-zq-818/ERR005/5060/ERR5060407/ERR5060407.lite.1	ERX4866476	unspecified	WGS	size fractionation	GENOMIC	PAIRED	500	0	ILLUMINA	Illumina HiSeq 3000	ERP126224	PRJEB42377		691863	ERS5524349	SAMEA7777111	simple	318829	Pyricularia oryzae	SAMEA7777111							no					INRA (INRA MONTPELLIER)	ERA3206985		public	7D2360F28FC108022FF9542136E097D1	ED34F55F10BCB946A316E873821623CD
ERR5060408	2021-01-18 09:40:32	2021-01-20 09:09:20	7106748	2146237896	7106748	302	901		https://sra-downloadb.be-md.ncbi.nlm.nih.gov/sos1/sra-pub-zq-38/ERR005/5060/ERR5060408/ERR5060408.lite.1	ERX4866477	unspecified	WGS	size fractionation	GENOMIC	PAIRED	500	0	ILLUMINA	Illumina HiSeq 3000	ERP126224	PRJEB42377		691863	ERS5524350	SAMEA7777112	simple	318829	Pyricularia oryzae	SAMEA7777112							no					INRA (INRA MONTPELLIER)	ERA3206985		public	C693750161D4CD35557F4A0E4F4334B6	A85B87693C83A90C4D50DC5C7CF4EB15
ERR5060409	2021-01-18 09:40:32	2021-01-20 09:08:33	9342286	2821370372	9342286	302	1246		https://sra-downloadb.be-md.ncbi.nlm.nih.gov/sos8/sra-pub-zq-818/ERR005/5060/ERR5060409/ERR5060409.lite.1	ERX4866478	unspecified	WGS	size fractionation	GENOMIC	PAIRED	500	0	ILLUMINA	Illumina HiSeq 3000	ERP126224	PRJEB42377		691863	ERS5524351	SAMEA7777113	simple	318829	Pyricularia oryzae	SAMEA7777113							no					INRA (INRA MONTPELLIER)	ERA3206985		public	2F639E6D884EE6FAB3F55F1F1602421A	A28E90B2AE5E2ED4F03A4D67BC3E99CD
ERR5060410	2021-01-18 09:40:32	2021-01-20 09:08:57	7836183	2366527266	7836183	302	1012		https://sra-downloadb.be-md.ncbi.nlm.nih.gov/sos13/sra-pub-zq-1301/ERR005/5060/ERR5060410/ERR5060410.lite.1	ERX4866479	unspecified	WGS	size fractionation	GENOMIC	PAIRED	500	0	ILLUMINA	Illumina HiSeq 3000	ERP126224	PRJEB42377		691863	ERS5524352	SAMEA7777114	simple	318829	Pyricularia oryzae	SAMEA7777114							no					INRA (INRA MONTPELLIER)	ERA3206985		public	52ACEEBDDDF5E6AD353A08D0A191CD64	A8C677B340B5DAD76B1704528C929D67
ERR5060411	2021-01-18 09:40:32	2021-01-20 09:11:32	11539189	3484835078	11539189	302	1489		https://sra-downloadb.be-md.ncbi.nlm.nih.gov/sos8/sra-pub-zq-818/ERR005/5060/ERR5060411/ERR5060411.lite.1	ERX4866480	unspecified	WGS	size fractionation	GENOMIC	PAIRED	500	0	ILLUMINA	Illumina HiSeq 3000	ERP126224	PRJEB42377		691863	ERS5524353	SAMEA7777115	simple	318829	Pyricularia oryzae	SAMEA7777115							no					INRA (INRA MONTPELLIER)	ERA3206985		public	27CD1AF83D0330D76D8FE96F189AE39A	D56183EA548F697C9795DCD1FE304BE8
ERR5060412	2021-01-18 09:40:32	2021-01-20 09:09:43	9031422	2727489444	9031422	302	1143		https://sra-downloadb.be-md.ncbi.nlm.nih.gov/sos8/sra-pub-zq-818/ERR005/5060/ERR5060412/ERR5060412.lite.1	ERX4866481	unspecified	WGS	size fractionation	GENOMIC	PAIRED	500	0	ILLUMINA	Illumina HiSeq 3000	ERP126224	PRJEB42377		691863	ERS5524354	SAMEA7777116	simple	318829	Pyricularia oryzae	SAMEA7777116							no					INRA (INRA MONTPELLIER)	ERA3206985		public	4492B28B6C4E74B50A04C17BCB9BFDB3	733194DB7F4956625703842BE0A182E0
ERR5060413	2021-01-18 09:40:32	2021-01-20 09:11:32	11034274	3332350748	11034274	302	1408		https://sra-downloadb.be-md.ncbi.nlm.nih.gov/sos8/sra-pub-zq-818/ERR005/5060/ERR5060413/ERR5060413.lite.1	ERX4866482	unspecified	WGS	size fractionation	GENOMIC	PAIRED	500	0	ILLUMINA	Illumina HiSeq 3000	ERP126224	PRJEB42377		691863	ERS5524355	SAMEA7777117	simple	318829	Pyricularia oryzae	SAMEA7777117							no					INRA (INRA MONTPELLIER)	ERA3206985		public	1D749F9EB222809F37095F426B949A21	FD286D85CC2A671A66475ABAE7E4958A
ERR5060414	2021-01-18 09:40:32	2021-01-20 09:09:41	11732409	3543187518	11732409	302	1503		https://sra-downloadb.be-md.ncbi.nlm.nih.gov/sos8/sra-pub-zq-818/ERR005/5060/ERR5060414/ERR5060414.lite.1	ERX4866483	unspecified	WGS	size fractionation	GENOMIC	PAIRED	500	0	ILLUMINA	Illumina HiSeq 3000	ERP126224	PRJEB42377		691863	ERS5524356	SAMEA7777118	simple	318829	Pyricularia oryzae	SAMEA7777118							no					INRA (INRA MONTPELLIER)	ERA3206985		public	0B5967D2D086C4A72D0BFF24A4349370	16ACD968B2E71DBABB8C4F086C575A78
ERR5060415	2021-01-18 09:40:32	2021-01-20 09:12:19	11611731	3506742762	11611731	302	1509		https://sra-downloadb.be-md.ncbi.nlm.nih.gov/sos8/sra-pub-zq-818/ERR005/5060/ERR5060415/ERR5060415.lite.1	ERX4866484	unspecified	WGS	size fractionation	GENOMIC	PAIRED	500	0	ILLUMINA	Illumina HiSeq 3000	ERP126224	PRJEB42377		691863	ERS5524357	SAMEA7777119	simple	318829	Pyricularia oryzae	SAMEA7777119							no					INRA (INRA MONTPELLIER)	ERA3206985		public	5B83F6858549185691B6EAAC95FBAE1F	13C1B344790C19CE98FAE1493A620F83
ERR5060416	2021-01-18 09:40:32	2021-01-20 09:09:11	7987470	2412215940	7987470	302	1012		https://sra-downloadb.be-md.ncbi.nlm.nih.gov/sos8/sra-pub-zq-820/ERR005/5060/ERR5060416/ERR5060416.lite.1	ERX4866485	unspecified	WGS	size fractionation	GENOMIC	PAIRED	500	0	ILLUMINA	Illumina HiSeq 3000	ERP126224	PRJEB42377		691863	ERS5524358	SAMEA7777120	simple	318829	Pyricularia oryzae	SAMEA7777120							no					INRA (INRA MONTPELLIER)	ERA3206985		public	56918281532EB27C28FBCE25F14D381B	C7240363D7C1D8A4CC89C8D9C7AA9642
ERR5060417	2021-01-18 09:40:32	2021-01-20 09:07:57	7284224	2199835648	7284224	302	928		https://sra-downloadb.be-md.ncbi.nlm.nih.gov/sos13/sra-pub-zq-1301/ERR005/5060/ERR5060417/ERR5060417.lite.1	ERX4866486	unspecified	WGS	size fractionation	GENOMIC	PAIRED	500	0	ILLUMINA	Illumina HiSeq 3000	ERP126224	PRJEB42377		691863	ERS5524359	SAMEA7777121	simple	318829	Pyricularia oryzae	SAMEA7777121							no					INRA (INRA MONTPELLIER)	ERA3206985		public	875DA957F5CA583EFD5C2304F983012A	C7F5D12A5FE3061F95913783D9CC67ED
ERR5060418	2021-01-18 09:40:32	2021-01-20 09:10:03	9220111	2784473522	9220111	302	1163		https://sra-downloadb.be-md.ncbi.nlm.nih.gov/sos8/sra-pub-zq-818/ERR005/5060/ERR5060418/ERR5060418.lite.1	ERX4866487	unspecified	WGS	size fractionation	GENOMIC	PAIRED	500	0	ILLUMINA	Illumina HiSeq 3000	ERP126224	PRJEB42377		691863	ERS5524360	SAMEA7777122	simple	318829	Pyricularia oryzae	SAMEA7777122							no					INRA (INRA MONTPELLIER)	ERA3206985		public	02AFB6542A1212FB8DAF1FF331043787	B7684EF8B4805772C331A52D563A2366
ERR4757123	2020-10-26 07:39:31	2020-11-07 11:25:14	3031209	1818725400	3031209	600	1023		https://sra-downloadb.be-md.ncbi.nlm.nih.gov/sos8/sra-pub-zq-820/ERR004/4757/ERR4757123/ERR4757123.lite.1	ERX4630273	HB0846	WGS	unspecified	GENOMIC	PAIRED	300	0	ILLUMINA	Illumina HiSeq 2500	ERP124624	PRJEB40915		674260	ERS5230958	SAMEA7473264	simple	318829	Pyricularia oryzae	SAMEA7473264							no					THE SAINSBURY LABORATORY	ERA3024126		public	DCA34DD30D11B60AEA3004E553425320	190756A92747D9E7968092708C2A4C3B
ERR4757124	2020-10-26 07:39:31	2020-11-09 11:25:33	1604049	962429400	1604049	600	534		https://sra-downloadb.be-md.ncbi.nlm.nih.gov/sos13/sra-pub-zq-1301/ERR004/4757/ERR4757124/ERR4757124.lite.1	ERX4630274	HB0847	WGS	unspecified	GENOMIC	PAIRED	300	0	ILLUMINA	Illumina HiSeq 2500	ERP124624	PRJEB40915		674260	ERS5230956	SAMEA7473262	simple	318829	Pyricularia oryzae	SAMEA7473262							no					THE SAINSBURY LABORATORY	ERA3024126		public	0AC75B63DCBCFC5D8F84349745E45332	79754BD1DDB13984043A4743AAC16D50
ERR4757125	2020-10-26 07:39:31	2020-11-11 16:28:54	2489524	1493714400	2489524	600	835		https://sra-downloadb.be-md.ncbi.nlm.nih.gov/sos8/sra-pub-zq-820/ERR004/4757/ERR4757125/ERR4757125.lite.1	ERX4630275	HB0848	WGS	unspecified	GENOMIC	PAIRED	300	0	ILLUMINA	Illumina HiSeq 2500	ERP124624	PRJEB40915		674260	ERS5230957	SAMEA7473263	simple	318829	Pyricularia oryzae	SAMEA7473263							no					THE SAINSBURY LABORATORY	ERA3024126		public	E00BB1DDCEE42EE368A0B5FBDB6275EB	39C4EEAB79C3A635E8BEB597DD98A34C
ERR4757126	2020-10-26 07:39:31	2020-11-09 11:26:00	2087310	1252386000	2087310	600	697		https://sra-downloadb.be-md.ncbi.nlm.nih.gov/sos13/sra-pub-zq-1301/ERR004/4757/ERR4757126/ERR4757126.lite.1	ERX4630276	HB0850	WGS	unspecified	GENOMIC	PAIRED	300	0	ILLUMINA	Illumina HiSeq 2500	ERP124624	PRJEB40915		674260	ERS5230959	SAMEA7473265	simple	318829	Pyricularia oryzae	SAMEA7473265							no					THE SAINSBURY LABORATORY	ERA3024126		public	6C0A257084DE69F76EADE09F9FD7893A	F1EDEA26B45BCF3EB72FA54CF52F62CF
ERR4757127	2020-10-26 07:39:31	2020-11-11 16:20:55	2093397	1256038200	2093397	600	704		https://sra-downloadb.be-md.ncbi.nlm.nih.gov/sos8/sra-pub-zq-820/ERR004/4757/ERR4757127/ERR4757127.lite.1	ERX4630277	HB0851	WGS	unspecified	GENOMIC	PAIRED	300	0	ILLUMINA	Illumina HiSeq 2500	ERP124624	PRJEB40915		674260	ERS5230952	SAMEA7473258	simple	318829	Pyricularia oryzae	SAMEA7473258							no					THE SAINSBURY LABORATORY	ERA3024126		public	95608B227012C484175D44A3368F0134	308A052DD478ED60A8C74F331293E726
SRR12887168	2020-12-23 00:03:21	2020-10-24 12:27:06	9419948	2825984400	9419948	300	1074		https://sra-downloadb.be-md.ncbi.nlm.nih.gov/sos9/sra-pub-zq-922/SRR012/12887/SRR12887168/SRR12887168.lite.1	SRX9352496	W-MAL-18	WGS	RANDOM	GENOMIC	PAIRED	0	0	ILLUMINA	Illumina HiSeq 4000	SRP288432	PRJNA670311		670311	SRS7575718	SAMN16516356	simple	318829	Pyricularia oryzae	W-MAL-18							no					IRRI	SRA1147454		public	F12AF9CDA8BD88396385B610FD16DD60	64824FEAD9853ED076C181A386CA2683
SRR12887169	2020-12-23 00:03:21	2020-10-24 12:30:52	11035464	3310639200	11035464	300	1295		https://sra-downloadb.be-md.ncbi.nlm.nih.gov/sos9/sra-pub-zq-922/SRR012/12887/SRR12887169/SRR12887169.lite.1	SRX9352495	W-MAL-17	WGS	RANDOM	GENOMIC	PAIRED	0	0	ILLUMINA	Illumina HiSeq 4000	SRP288432	PRJNA670311		670311	SRS7575716	SAMN16516355	simple	318829	Pyricularia oryzae	W-MAL-17							no					IRRI	SRA1147454		public	B2AE393E0A2F38C38526C15F8597F1B9	C09F15BFECC7FE267D98EA03C07F931A
SRR12887170	2020-12-23 00:03:21	2020-10-24 12:27:49	11190917	3357275100	11190917	300	1280		https://sra-downloadb.be-md.ncbi.nlm.nih.gov/sos9/sra-pub-zq-922/SRR012/12887/SRR12887170/SRR12887170.lite.1	SRX9352494	W-BKF-16	WGS	RANDOM	GENOMIC	PAIRED	0	0	ILLUMINA	Illumina HiSeq 4000	SRP288432	PRJNA670311		670311	SRS7575717	SAMN16516354	simple	318829	Pyricularia oryzae	W-BKF-16							no					IRRI	SRA1147454		public	C40D360E8D33170C138614580170E710	5BC59245FD2085B3B12B57293724E14D
SRR12887171	2020-12-23 00:03:21	2020-10-24 12:27:48	8864134	2659240200	8864134	300	1023		https://sra-downloadb.be-md.ncbi.nlm.nih.gov/sos9/sra-pub-zq-922/SRR012/12887/SRR12887171/SRR12887171.lite.1	SRX9352493	W-BKF-15	WGS	RANDOM	GENOMIC	PAIRED	0	0	ILLUMINA	Illumina HiSeq 4000	SRP288432	PRJNA670311		670311	SRS7575715	SAMN16516353	simple	318829	Pyricularia oryzae	W-BKF-15							no					IRRI	SRA1147454		public	C0AF4742D0A41B9C2ABB6C64AEB89CFB	C619E3AC347A92043E39866495620F5F
SRR12887172	2020-12-23 00:03:21	2020-10-24 12:27:00	9103383	2731014900	9103383	300	1049		https://sra-downloadb.be-md.ncbi.nlm.nih.gov/sos9/sra-pub-zq-922/SRR012/12887/SRR12887172/SRR12887172.lite.1	SRX9352492	W-NGR-14	WGS	RANDOM	GENOMIC	PAIRED	0	0	ILLUMINA	Illumina HiSeq 4000	SRP288432	PRJNA670311		670311	SRS7575714	SAMN16516352	simple	318829	Pyricularia oryzae	W-NGR-14							no					IRRI	SRA1147454		public	5C9C58928E99BA9A9128FEE3F9325FE3	3E71C1CE13909ED925803E8BD8CCF11D
SRR12887206	2020-12-23 00:03:20	2020-10-24 12:28:01	9268866	2780659800	9268866	300	1067		https://sra-downloadb.be-md.ncbi.nlm.nih.gov/sos9/sra-pub-zq-922/SRR012/12887/SRR12887206/SRR12887206.lite.1	SRX9352458	E-RWD-43	WGS	RANDOM	GENOMIC	PAIRED	0	0	ILLUMINA	Illumina HiSeq 4000	SRP288432	PRJNA670311		670311	SRS7575680	SAMN16516364	simple	318829	Pyricularia oryzae	E-RWD-43							no					IRRI	SRA1147454		public	B960BD728A8E295CA6D2E8F622F8330C	F956D9CB265CB33F0AFB60064BED4947
SRR12887205	2020-12-23 00:03:20	2020-10-24 12:31:37	10134531	3040359300	10134531	300	1147		https://sra-downloadb.be-md.ncbi.nlm.nih.gov/sos9/sra-pub-zq-922/SRR012/12887/SRR12887205/SRR12887205.lite.1	SRX9352459	E-UGD-47	WGS	RANDOM	GENOMIC	PAIRED	0	0	ILLUMINA	Illumina HiSeq 4000	SRP288432	PRJNA670311		670311	SRS7575681	SAMN16516365	simple	318829	Pyricularia oryzae	E-UGD-47							no					IRRI	SRA1147454		public	C447ED93394E1F43A8E3850856FB2017	3F38542B4D91C304A3EB070767059E19
SRR12887204	2020-12-23 00:03:20	2020-10-24 12:28:54	10720252	3216075600	10720252	300	1225		https://sra-downloadb.be-md.ncbi.nlm.nih.gov/sos9/sra-pub-zq-922/SRR012/12887/SRR12887204/SRR12887204.lite.1	SRX9352460	E-UGD-49	WGS	RANDOM	GENOMIC	PAIRED	0	0	ILLUMINA	Illumina HiSeq 4000	SRP288432	PRJNA670311		670311	SRS7575682	SAMN16516366	simple	318829	Pyricularia oryzae	E-UGD-49							no					IRRI	SRA1147454		public	40E07B32D107860B2750A19747731FFE	7EEAD6698B239CD6BFDBB3B057EA0C56
SRR12887203	2020-12-23 00:03:20	2020-10-24 12:28:04	9066703	2720010900	9066703	300	1057		https://sra-downloadb.be-md.ncbi.nlm.nih.gov/sos9/sra-pub-zq-922/SRR012/12887/SRR12887203/SRR12887203.lite.1	SRX9352461	W-BEN-11	WGS	RANDOM	GENOMIC	PAIRED	0	0	ILLUMINA	Illumina HiSeq 4000	SRP288432	PRJNA670311		670311	SRS7575683	SAMN16516349	simple	318829	Pyricularia oryzae	W-BEN-11							no					IRRI	SRA1147454		public	94499EBB97474C2AE8BC1181DB5C9ACF	5C6BCCD28EDC4AB9FB1B333618F3EB45
SRR12887202	2020-12-23 00:03:20	2020-10-24 12:31:41	13206282	3961884600	13206282	300	1625		https://sra-downloadb.be-md.ncbi.nlm.nih.gov/sos9/sra-pub-zq-922/SRR012/12887/SRR12887202/SRR12887202.lite.1	SRX9352462	E-BRD-52	WGS	RANDOM	GENOMIC	PAIRED	0	0	ILLUMINA	Illumina HiSeq 4000	SRP288432	PRJNA670311		670311	SRS7575684	SAMN16516367	simple	318829	Pyricularia oryzae	E-BRD-52							no					IRRI	SRA1147454		public	E771C3A8B48A18FA26098A7492DCD811	1F900CF170A0DAE0F092688FB76FA7B7
SRR12887200	2020-12-23 00:03:20	2020-10-24 12:30:56	11748018	3524405400	11748018	300	1354		https://sra-downloadb.be-md.ncbi.nlm.nih.gov/sos9/sra-pub-zq-922/SRR012/12887/SRR12887200/SRR12887200.lite.1	SRX9352464	E-BRD-55	WGS	RANDOM	GENOMIC	PAIRED	0	0	ILLUMINA	Illumina HiSeq 4000	SRP288432	PRJNA670311		670311	SRS7575685	SAMN16516369	simple	318829	Pyricularia oryzae	E-BRD-55							no					IRRI	SRA1147454		public	25CF8E32566BD2D5F2F170F8E476DF6C	BD0F70D4F50D2DF6F8813EE290309F9D
SRR12887201	2020-12-23 00:03:20	2020-10-24 12:28:53	10879560	3263868000	10879560	300	1243		https://sra-downloadb.be-md.ncbi.nlm.nih.gov/sos9/sra-pub-zq-922/SRR012/12887/SRR12887201/SRR12887201.lite.1	SRX9352463	E-BRD-54	WGS	RANDOM	GENOMIC	PAIRED	0	0	ILLUMINA	Illumina HiSeq 4000	SRP288432	PRJNA670311		670311	SRS7575686	SAMN16516368	simple	318829	Pyricularia oryzae	E-BRD-54							no					IRRI	SRA1147454		public	01170291340B43E4A36BCEF8ECF53119	3AD188BB8522D1A57A176549E85EEFE7
SRR12887199	2020-12-23 00:03:20	2020-10-24 12:29:44	12228155	3668446500	12228155	300	1410		https://sra-downloadb.be-md.ncbi.nlm.nih.gov/sos9/sra-pub-zq-922/SRR012/12887/SRR12887199/SRR12887199.lite.1	SRX9352465	W-NGR-58	WGS	RANDOM	GENOMIC	PAIRED	0	0	ILLUMINA	Illumina HiSeq 4000	SRP288432	PRJNA670311		670311	SRS7575687	SAMN16516370	simple	318829	Pyricularia oryzae	W-NGR-58							no					IRRI	SRA1147454		public	DB2135825BAC874733334C78B8CB3779	5E0363EA6DED281C8D4BBE43EB9B00F2
SRR12887215	2020-12-23 00:03:20	2020-10-24 12:29:13	9893652	2968095600	9893652	300	1134		https://sra-downloadb.be-md.ncbi.nlm.nih.gov/sos9/sra-pub-zq-922/SRR012/12887/SRR12887215/SRR12887215.lite.1	SRX9352449	W-TOG-5	WGS	RANDOM	GENOMIC	PAIRED	0	0	ILLUMINA	Illumina HiSeq 4000	SRP288432	PRJNA670311		670311	SRS7575671	SAMN16516347	simple	318829	Pyricularia oryzae	W-TOG-5							no					IRRI	SRA1147454		public	5E11788AA0356542EBD346FDE6878ADA	DC850CBA081EE1A767249ADF5D828315
SRR12887214	2020-12-23 00:03:20	2020-10-24 12:28:01	8998626	2699587800	8998626	300	1033		https://sra-downloadb.be-md.ncbi.nlm.nih.gov/sos9/sra-pub-zq-922/SRR012/12887/SRR12887214/SRR12887214.lite.1	SRX9352450	W-TOG-6	WGS	RANDOM	GENOMIC	PAIRED	0	0	ILLUMINA	Illumina HiSeq 4000	SRP288432	PRJNA670311		670311	SRS7575672	SAMN16516348	simple	318829	Pyricularia oryzae	W-TOG-6							no					IRRI	SRA1147454		public	B5DAF1A5D3D85F757209DC26D3212465	E9B11C22DFE0FDA197C418D09AED8FCC
SRR12887213	2020-12-23 00:03:20	2020-10-24 12:30:01	11703957	3511187100	11703957	300	1347		https://sra-downloadb.be-md.ncbi.nlm.nih.gov/sos9/sra-pub-zq-922/SRR012/12887/SRR12887213/SRR12887213.lite.1	SRX9352451	E-TZN-22	WGS	RANDOM	GENOMIC	PAIRED	0	0	ILLUMINA	Illumina HiSeq 4000	SRP288432	PRJNA670311		670311	SRS7575673	SAMN16516357	simple	318829	Pyricularia oryzae	E-TZN-22							no					IRRI	SRA1147454		public	5569AD0AE2151553B4BDA8A0B7B2EC3D	B004E44092AB8702EA4B29415CEC846A
SRR12887212	2020-12-23 00:03:20	2020-10-24 12:29:36	10250474	3075142200	10250474	300	1195		https://sra-downloadb.be-md.ncbi.nlm.nih.gov/sos9/sra-pub-zq-922/SRR012/12887/SRR12887212/SRR12887212.lite.1	SRX9352452	E-TZN-24	WGS	RANDOM	GENOMIC	PAIRED	0	0	ILLUMINA	Illumina HiSeq 4000	SRP288432	PRJNA670311		670311	SRS7575674	SAMN16516358	simple	318829	Pyricularia oryzae	E-TZN-24							no					IRRI	SRA1147454		public	EB75DFCFE4AC99D00548BC90D25CC88F	F679133ABDEFB35186FAE7CD2261D611
SRR12887211	2020-12-23 00:03:20	2020-10-24 12:30:27	9859544	2957863200	9859544	300	1165		https://sra-downloadb.be-md.ncbi.nlm.nih.gov/sos9/sra-pub-zq-922/SRR012/12887/SRR12887211/SRR12887211.lite.1	SRX9352453	E-TZN-27	WGS	RANDOM	GENOMIC	PAIRED	0	0	ILLUMINA	Illumina HiSeq 4000	SRP288432	PRJNA670311		670311	SRS7575675	SAMN16516359	simple	318829	Pyricularia oryzae	E-TZN-27							no					IRRI	SRA1147454		public	7BA563D5DDBE9951F9074D3D7E786D97	661BFE6D35D8B6245D43F63350D82E12
SRR12887210	2020-12-23 00:03:20	2020-10-24 12:29:29	10557069	3167120700	10557069	300	1194		https://sra-downloadb.be-md.ncbi.nlm.nih.gov/sos9/sra-pub-zq-922/SRR012/12887/SRR12887210/SRR12887210.lite.1	SRX9352454	E-UGD-32	WGS	RANDOM	GENOMIC	PAIRED	0	0	ILLUMINA	Illumina HiSeq 4000	SRP288432	PRJNA670311		670311	SRS7575676	SAMN16516360	simple	318829	Pyricularia oryzae	E-UGD-32							no					IRRI	SRA1147454		public	8DA74080277CF139C7DE2FCA308C7C87	7FCC6DC5C05B90E8D3F43BFFF6AA48C4
SRR12887209	2020-12-23 00:03:20	2020-10-24 12:29:20	11956220	3586866000	11956220	300	1383		https://sra-downloadb.be-md.ncbi.nlm.nih.gov/sos9/sra-pub-zq-922/SRR012/12887/SRR12887209/SRR12887209.lite.1	SRX9352455	E-UGD-36	WGS	RANDOM	GENOMIC	PAIRED	0	0	ILLUMINA	Illumina HiSeq 4000	SRP288432	PRJNA670311		670311	SRS7575677	SAMN16516361	simple	318829	Pyricularia oryzae	E-UGD-36							no					IRRI	SRA1147454		public	574AD4E1B135833405FEDA63425FFE9C	EB098808BE3332640F3F14DF18F07E31
SRR12887208	2020-12-23 00:03:20	2020-10-24 12:28:36	8493373	2548011900	8493373	300	998		https://sra-downloadb.be-md.ncbi.nlm.nih.gov/sos9/sra-pub-zq-922/SRR012/12887/SRR12887208/SRR12887208.lite.1	SRX9352456	A-PH-38	WGS	RANDOM	GENOMIC	PAIRED	0	0	ILLUMINA	Illumina HiSeq 4000	SRP288432	PRJNA670311		670311	SRS7575678	SAMN16516362	simple	318829	Pyricularia oryzae	A-PH-38							no					IRRI	SRA1147454		public	3848761588446D9192C4D3D00B2CEF04	209B560A238BE97AD083EC90D8E5ED9E
SRR12887207	2020-12-23 00:03:20	2020-10-24 12:29:14	12554298	3766289400	12554298	300	1446		https://sra-downloadb.be-md.ncbi.nlm.nih.gov/sos9/sra-pub-zq-922/SRR012/12887/SRR12887207/SRR12887207.lite.1	SRX9352457	E-RWD-41	WGS	RANDOM	GENOMIC	PAIRED	0	0	ILLUMINA	Illumina HiSeq 4000	SRP288432	PRJNA670311		670311	SRS7575679	SAMN16516363	simple	318829	Pyricularia oryzae	E-RWD-41							no					IRRI	SRA1147454		public	3E21C70E18BFBCB7F09E835802A4421F	CE838111A033399CD7406C9D23EA338E
SRR12887198	2020-12-23 00:03:20	2020-10-24 12:29:46	10355850	3106755000	10355850	300	1197		https://sra-downloadb.be-md.ncbi.nlm.nih.gov/sos9/sra-pub-zq-922/SRR012/12887/SRR12887198/SRR12887198.lite.1	SRX9352466	W-NGR-59	WGS	RANDOM	GENOMIC	PAIRED	0	0	ILLUMINA	Illumina HiSeq 4000	SRP288432	PRJNA670311		670311	SRS7575688	SAMN16516371	simple	318829	Pyricularia oryzae	W-NGR-59							no					IRRI	SRA1147454		public	BF2EBA33C54BEB238A7FA56E8DAB5BD1	B0B4A79723C05BCF1A062D9C7C7B722B
SRR12887197	2020-12-23 00:03:20	2020-10-24 12:29:08	10605738	3181721400	10605738	300	1260		https://sra-downloadb.be-md.ncbi.nlm.nih.gov/sos9/sra-pub-zq-922/SRR012/12887/SRR12887197/SRR12887197.lite.1	SRX9352467	E-KYA-65	WGS	RANDOM	GENOMIC	PAIRED	0	0	ILLUMINA	Illumina HiSeq 4000	SRP288432	PRJNA670311		670311	SRS7575689	SAMN16516372	simple	318829	Pyricularia oryzae	E-KYA-65							no					IRRI	SRA1147454		public	E28EFD65444A43F2EE5BA1F734959A41	EC5E64AF7C7ABB25BE06E84F551CBD53
SRR12887196	2020-12-23 00:03:20	2020-10-24 12:33:03	14235042	4270512600	14235042	300	1644		https://sra-downloadb.be-md.ncbi.nlm.nih.gov/sos9/sra-pub-zq-922/SRR012/12887/SRR12887196/SRR12887196.lite.1	SRX9352468	A-PH-71	WGS	RANDOM	GENOMIC	PAIRED	0	0	ILLUMINA	Illumina HiSeq 4000	SRP288432	PRJNA670311		670311	SRS7575690	SAMN16516373	simple	318829	Pyricularia oryzae	A-PH-71							no					IRRI	SRA1147454		public	4B3764A38EC73B5A95929562D17883DF	D1BC793EA9C26999A44CED85DF909C26
SRR12887195	2020-12-23 00:03:20	2020-10-24 12:28:24	9983582	2995074600	9983582	300	1160		https://sra-downloadb.be-md.ncbi.nlm.nih.gov/sos9/sra-pub-zq-922/SRR012/12887/SRR12887195/SRR12887195.lite.1	SRX9352469	E-BRD-1-	WGS	RANDOM	GENOMIC	PAIRED	0	0	ILLUMINA	Illumina HiSeq 4000	SRP288432	PRJNA670311		670311	SRS7575691	SAMN16516374	simple	318829	Pyricularia oryzae	E-BRD-1-							no					IRRI	SRA1147454		public	D8D94CDA195128329A1EE5BDA655B378	752CA91E12B12E4B17F40980AD979A99
SRR12887194	2020-12-23 00:03:20	2020-10-24 12:29:47	11042854	3312856200	11042854	300	1267		https://sra-downloadb.be-md.ncbi.nlm.nih.gov/sos9/sra-pub-zq-922/SRR012/12887/SRR12887194/SRR12887194.lite.1	SRX9352470	W-BEN-12-	WGS	RANDOM	GENOMIC	PAIRED	0	0	ILLUMINA	Illumina HiSeq 4000	SRP288432	PRJNA670311		670311	SRS7575692	SAMN16516375	simple	318829	Pyricularia oryzae	W-BEN-12-							no					IRRI	SRA1147454		public	C5818C0CE16EFEA819F68C92139B2FC2	F8AD8032CF8FFD472FC2AE1FD0632946
SRR12887193	2020-12-23 00:03:20	2020-10-24 12:28:05	9359793	2807937900	9359793	300	1073		https://sra-downloadb.be-md.ncbi.nlm.nih.gov/sos9/sra-pub-zq-922/SRR012/12887/SRR12887193/SRR12887193.lite.1	SRX9352471	W-BKF-15-	WGS	RANDOM	GENOMIC	PAIRED	0	0	ILLUMINA	Illumina HiSeq 4000	SRP288432	PRJNA670311		670311	SRS7575693	SAMN16516376	simple	318829	Pyricularia oryzae	W-BKF-15-							no					IRRI	SRA1147454		public	938E2E18B2B307015F63CA17AE7FDD07	FFD92667EA2DA06969D89940BEB67EF3
SRR12887192	2020-12-23 00:03:20	2020-10-24 12:27:36	8116381	2434914300	8116381	300	931		https://sra-downloadb.be-md.ncbi.nlm.nih.gov/sos9/sra-pub-zq-922/SRR012/12887/SRR12887192/SRR12887192.lite.1	SRX9352472	W-BEN-12	WGS	RANDOM	GENOMIC	PAIRED	0	0	ILLUMINA	Illumina HiSeq 4000	SRP288432	PRJNA670311		670311	SRS7575694	SAMN16516350	simple	318829	Pyricularia oryzae	W-BEN-12							no					IRRI	SRA1147454		public	B5242E915CC0362C6D63660D917A110A	96A5668B54903643FB6852714CF94745
SRR12887191	2020-12-23 00:03:20	2020-10-24 12:28:31	9230277	2769083100	9230277	300	1076		https://sra-downloadb.be-md.ncbi.nlm.nih.gov/sos9/sra-pub-zq-922/SRR012/12887/SRR12887191/SRR12887191.lite.1	SRX9352473	E-RWD-4-	WGS	RANDOM	GENOMIC	PAIRED	0	0	ILLUMINA	Illumina HiSeq 4000	SRP288432	PRJNA670311		670311	SRS7575695	SAMN16516378	simple	318829	Pyricularia oryzae	E-RWD-4-							no					IRRI	SRA1147454		public	ED655A39DFF4B2061AD4761FECCC9BDA	AD4FD6014D941B7413ED9FC73FBFEF79
SRR12887190	2020-12-23 00:03:20	2020-10-24 12:27:07	7999582	2399874600	7999582	300	912		https://sra-downloadb.be-md.ncbi.nlm.nih.gov/sos9/sra-pub-zq-922/SRR012/12887/SRR12887190/SRR12887190.lite.1	SRX9352474	W-TOG-5-	WGS	RANDOM	GENOMIC	PAIRED	0	0	ILLUMINA	Illumina HiSeq 4000	SRP288432	PRJNA670311		670311	SRS7575696	SAMN16516379	simple	318829	Pyricularia oryzae	W-TOG-5-							no					IRRI	SRA1147454		public	4F8BD4BDD48DCED522F79EC018B6C19E	84EFE1DBA2F99E01D067B00F4C398804
SRR12887189	2020-12-23 00:03:20	2020-10-24 12:28:07	10347811	3104343300	10347811	300	1169		https://sra-downloadb.be-md.ncbi.nlm.nih.gov/sos9/sra-pub-zq-922/SRR012/12887/SRR12887189/SRR12887189.lite.1	SRX9352475	ARG-61	WGS	RANDOM	GENOMIC	PAIRED	0	0	ILLUMINA	Illumina HiSeq 4000	SRP288432	PRJNA670311		670311	SRS7575697	SAMN16516380	simple	318829	Pyricularia oryzae	ARG-61							no					IRRI	SRA1147454		public	3F5D830CB89C66A8AFD6D130B906E5F0	8E17502B7DF25762C2AF5BDA3F1AA229
SRR12887188	2020-12-23 00:03:20	2020-10-24 12:28:05	9719556	2915866800	9719556	300	1110		https://sra-downloadb.be-md.ncbi.nlm.nih.gov/sos9/sra-pub-zq-922/SRR012/12887/SRR12887188/SRR12887188.lite.1	SRX9352476	ARG-60	WGS	RANDOM	GENOMIC	PAIRED	0	0	ILLUMINA	Illumina HiSeq 4000	SRP288432	PRJNA670311		670311	SRS7575698	SAMN16516381	simple	318829	Pyricularia oryzae	ARG-60							no					IRRI	SRA1147454		public	D6336AFD6F4F5DDB9FDF5DD7B197944C	E942C466BDE49F34CF9A7D9B43A900EF
SRR12887187	2020-12-23 00:03:20	2020-10-24 12:28:38	10939157	3281747100	10939157	300	1229		https://sra-downloadb.be-md.ncbi.nlm.nih.gov/sos9/sra-pub-zq-922/SRR012/12887/SRR12887187/SRR12887187.lite.1	SRX9352477	A-PHL-64	WGS	RANDOM	GENOMIC	PAIRED	0	0	ILLUMINA	Illumina HiSeq 4000	SRP288432	PRJNA670311		670311	SRS7575699	SAMN16516382	simple	318829	Pyricularia oryzae	A-PHL-64							no					IRRI	SRA1147454		public	7E559A5C545E29C8AED8240FD149D7E5	B068913D4F6AD14C02DAE04E42F5EF17
SRR12887186	2020-12-23 00:03:21	2020-10-24 12:26:16	7943556	2383066800	7943556	300	923		https://sra-downloadb.be-md.ncbi.nlm.nih.gov/sos9/sra-pub-zq-922/SRR012/12887/SRR12887186/SRR12887186.lite.1	SRX9352478	E-TZA-25	WGS	RANDOM	GENOMIC	PAIRED	0	0	ILLUMINA	Illumina HiSeq 4000	SRP288432	PRJNA670311		670311	SRS7575700	SAMN16516383	simple	318829	Pyricularia oryzae	E-TZA-25							no					IRRI	SRA1147454		public	DAC172FE8ADD3B3795DD54500AE6D488	F6AD8F20D5E5BBCDE152F41B38A5ECE7
SRR12887185	2020-12-23 00:03:21	2020-10-24 12:27:47	9081411	2724423300	9081411	300	1038		https://sra-downloadb.be-md.ncbi.nlm.nih.gov/sos9/sra-pub-zq-922/SRR012/12887/SRR12887185/SRR12887185.lite.1	SRX9352479	W-BEN-9	WGS	RANDOM	GENOMIC	PAIRED	0	0	ILLUMINA	Illumina HiSeq 4000	SRP288432	PRJNA670311		670311	SRS7575701	SAMN16516384	simple	318829	Pyricularia oryzae	W-BEN-9							no					IRRI	SRA1147454		public	4EE86DCCEE41C574ADF38F3D70FB6FAF	87D56C03F286E7BC338CC4C70FE6D86B
SRR12887184	2020-12-23 00:03:21	2020-10-24 12:27:11	9058100	2717430000	9058100	300	1042		https://sra-downloadb.be-md.ncbi.nlm.nih.gov/sos9/sra-pub-zq-922/SRR012/12887/SRR12887184/SRR12887184.lite.1	SRX9352480	W-GHA-7-	WGS	RANDOM	GENOMIC	PAIRED	0	0	ILLUMINA	Illumina HiSeq 4000	SRP288432	PRJNA670311		670311	SRS7575702	SAMN16516385	simple	318829	Pyricularia oryzae	W-GHA-7-							no					IRRI	SRA1147454		public	4BA16B81EC96D8D5D784B3AFFABCC15E	00214EFADE4B4289FDA417888DE663C1
SRR12887183	2020-12-23 00:03:21	2020-10-24 12:28:55	11671850	3501555000	11671850	300	1346		https://sra-downloadb.be-md.ncbi.nlm.nih.gov/sos9/sra-pub-zq-922/SRR012/12887/SRR12887183/SRR12887183.lite.1	SRX9352481	E-TZA-69	WGS	RANDOM	GENOMIC	PAIRED	0	0	ILLUMINA	Illumina HiSeq 4000	SRP288432	PRJNA670311		670311	SRS7575703	SAMN16516386	simple	318829	Pyricularia oryzae	E-TZA-69							no					IRRI	SRA1147454		public	61A03730D0C06263750206FAC6879886	B9351B294A34BED330EE5A596B6B82FE
SRR12887182	2020-12-23 00:03:21	2020-10-24 12:26:11	9824568	2947370400	9824568	300	1117		https://sra-downloadb.be-md.ncbi.nlm.nih.gov/sos9/sra-pub-zq-922/SRR012/12887/SRR12887182/SRR12887182.lite.1	SRX9352482	E-TZA-22-	WGS	RANDOM	GENOMIC	PAIRED	0	0	ILLUMINA	Illumina HiSeq 4000	SRP288432	PRJNA670311		670311	SRS7575704	SAMN16516387	simple	318829	Pyricularia oryzae	E-TZA-22-							no					IRRI	SRA1147454		public	6C6EE28A3E35FC12D6DC28129BA2B3C3	7626C24AE72E8283E6A80D80FBB3FDC3
SRR12887181	2020-12-23 00:03:21	2020-10-24 12:26:24	8573637	2572091100	8573637	300	957		https://sra-downloadb.be-md.ncbi.nlm.nih.gov/sos9/sra-pub-zq-922/SRR012/12887/SRR12887181/SRR12887181.lite.1	SRX9352483	W-NGR-13	WGS	RANDOM	GENOMIC	PAIRED	0	0	ILLUMINA	Illumina HiSeq 4000	SRP288432	PRJNA670311		670311	SRS7575705	SAMN16516351	simple	318829	Pyricularia oryzae	W-NGR-13							no					IRRI	SRA1147454		public	105E73081F04404DAA3DFD206CB326F8	9D949086D6122A61ED37FAC43F6A71A9
SRR12887180	2020-12-23 00:03:21	2020-10-24 12:27:33	10422599	3126779700	10422599	300	1233		https://sra-downloadb.be-md.ncbi.nlm.nih.gov/sos9/sra-pub-zq-922/SRR012/12887/SRR12887180/SRR12887180.lite.1	SRX9352484	W-BFA-16-	WGS	RANDOM	GENOMIC	PAIRED	0	0	ILLUMINA	Illumina HiSeq 4000	SRP288432	PRJNA670311		670311	SRS7575706	SAMN16516388	simple	318829	Pyricularia oryzae	W-BFA-16-							no					IRRI	SRA1147454		public	3E3F79F87F2F4F83F4FFA406EB76F017	CBAA3D7D27A4FA6CA2C7EC370D53FA0B
SRR12887179	2020-12-23 00:03:21	2020-10-24 12:27:42	9246810	2774043000	9246810	300	1050		https://sra-downloadb.be-md.ncbi.nlm.nih.gov/sos9/sra-pub-zq-922/SRR012/12887/SRR12887179/SRR12887179.lite.1	SRX9352485	W-GHA-7	WGS	RANDOM	GENOMIC	PAIRED	0	0	ILLUMINA	Illumina HiSeq 4000	SRP288432	PRJNA670311		670311	SRS7575707	SAMN16516389	simple	318829	Pyricularia oryzae	W-GHA-7							no					IRRI	SRA1147454		public	E11755BAEBDD70FB16B5B4243A8FDA51	D988BDB741564EA426341401C854A39D
SRR12887178	2020-12-23 00:03:21	2020-10-24 12:28:04	11457514	3437254200	11457514	300	1303		https://sra-downloadb.be-md.ncbi.nlm.nih.gov/sos9/sra-pub-zq-922/SRR012/12887/SRR12887178/SRR12887178.lite.1	SRX9352486	E-TZA-70	WGS	RANDOM	GENOMIC	PAIRED	0	0	ILLUMINA	Illumina HiSeq 4000	SRP288432	PRJNA670311		670311	SRS7575708	SAMN16516390	simple	318829	Pyricularia oryzae	E-TZA-70							no					IRRI	SRA1147454		public	A4AC023DB432999B7D5D279A4FF560C1	6A482C79D408EB8BA026DB59E0F04BAB
SRR12887177	2020-12-23 00:03:21	2020-10-24 12:32:07	12589318	3776795400	12589318	300	1416		https://sra-downloadb.be-md.ncbi.nlm.nih.gov/sos9/sra-pub-zq-922/SRR012/12887/SRR12887177/SRR12887177.lite.1	SRX9352487	E-UGA-34	WGS	RANDOM	GENOMIC	PAIRED	0	0	ILLUMINA	Illumina HiSeq 4000	SRP288432	PRJNA670311		670311	SRS7575709	SAMN16516391	simple	318829	Pyricularia oryzae	E-UGA-34							no					IRRI	SRA1147454		public	85B317B89146DAF4EB90AFD3C59FB5DA	C444ACA1CAECD5CFABA29F50E462BEBC
SRR12887175	2020-12-23 00:03:21	2020-10-24 12:26:40	8409926	2522977800	8409926	300	956		https://sra-downloadb.be-md.ncbi.nlm.nih.gov/sos9/sra-pub-zq-922/SRR012/12887/SRR12887175/SRR12887175.lite.1	SRX9352489	E-TZA-21-	WGS	RANDOM	GENOMIC	PAIRED	0	0	ILLUMINA	Illumina HiSeq 4000	SRP288432	PRJNA670311		670311	SRS7575710	SAMN16516393	simple	318829	Pyricularia oryzae	E-TZA-21-							no					IRRI	SRA1147454		public	670D088802943318443B5D0D3512BA2C	7BE730B9CA81A4D8F03A4FDA6B16772F
SRR12887176	2020-12-23 00:03:21	2020-10-24 12:27:40	10363749	3109124700	10363749	300	1164		https://sra-downloadb.be-md.ncbi.nlm.nih.gov/sos9/sra-pub-zq-922/SRR012/12887/SRR12887176/SRR12887176.lite.1	SRX9352488	E-KEN-29	WGS	RANDOM	GENOMIC	PAIRED	0	0	ILLUMINA	Illumina HiSeq 4000	SRP288432	PRJNA670311		670311	SRS7575711	SAMN16516392	simple	318829	Pyricularia oryzae	E-KEN-29							no					IRRI	SRA1147454		public	A073C30385CF403F9C00ABD1E62BB7FE	4CC1E19FCFB5596DCD7644ED8FA57545
SRR12887174	2020-12-23 00:03:21	2020-10-24 12:28:30	11875644	3562693200	11875644	300	1375		https://sra-downloadb.be-md.ncbi.nlm.nih.gov/sos9/sra-pub-zq-922/SRR012/12887/SRR12887174/SRR12887174.lite.1	SRX9352490	A-PHL-39-	WGS	RANDOM	GENOMIC	PAIRED	0	0	ILLUMINA	Illumina HiSeq 4000	SRP288432	PRJNA670311		670311	SRS7575712	SAMN16516394	simple	318829	Pyricularia oryzae	A-PHL-39-							no					IRRI	SRA1147454		public	C2820ADE3E1792EBD2F896DCED46776D	1AA28EF27D95EDBB8BC80A1883F64330
SRR12887173	2020-12-23 00:03:21	2020-10-24 12:28:43	12045091	3613527300	12045091	300	1424		https://sra-downloadb.be-md.ncbi.nlm.nih.gov/sos9/sra-pub-zq-922/SRR012/12887/SRR12887173/SRR12887173.lite.1	SRX9352491	GUY-56	WGS	RANDOM	GENOMIC	PAIRED	0	0	ILLUMINA	Illumina HiSeq 4000	SRP288432	PRJNA670311		670311	SRS7575713	SAMN16520532	simple	318829	Pyricularia oryzae	GUY-56							no					IRRI	SRA1147454		public	B57DD71FA141002EE01690ABA88FB9C1	55BE66FB2C38D2700076454D0E6FC453
SRR12101017	2021-12-31 02:54:56	2020-06-26 22:27:26	21512636	4302527200	21512636	200	1837		https://sra-downloadb.be-md.ncbi.nlm.nih.gov/sos13/sra-pub-zq-1301/SRR012/12101/SRR12101017/SRR12101017.lite.1	SRX8625380	Pyricularia oryzae_D14_S30_HiSeq	WGS	RANDOM	GENOMIC	PAIRED	0	0	ILLUMINA	Illumina HiSeq 4000	SRP125258	PRJNA418767		418767	SRS30215862	SAMN15040825	simple	318829	Pyricularia oryzae	Pyricularia oryzae D14/s30							no					UNIVERSITY OF BEDFORDSHIRE	SRA1091752		public	DAECA0E2DDF3DD498650B846BC0C4BC4	3018C4D1D80A662EB2E10F343A4CFD1E
SRR12101018	2021-12-31 02:54:56	2020-06-26 22:35:53	24444285	4888857000	24444285	200	2102		https://sra-downloadb.be-md.ncbi.nlm.nih.gov/sos13/sra-pub-zq-1301/SRR012/12101/SRR12101018/SRR12101018.lite.1	SRX8625379	Pyricularia oryzae_D15_S6_HiSeq	WGS	RANDOM	GENOMIC	PAIRED	0	0	ILLUMINA	Illumina HiSeq 4000	SRP125258	PRJNA418767		418767	SRS30215861	SAMN15040824	simple	318829	Pyricularia oryzae	Pyricularia oryzae D15/s6							no					UNIVERSITY OF BEDFORDSHIRE	SRA1091752		public	AF8101B0767B83D76AADA449286F1990	F9527C31294E352FCB82956A8262EE23
SRR12101025	2021-12-31 02:54:56	2020-06-26 22:26:00	23146113	4629222600	23146113	200	2021		https://sra-downloadb.be-md.ncbi.nlm.nih.gov/sos13/sra-pub-zq-1301/SRR012/12101/SRR12101025/SRR12101025.lite.1	SRX8625372	Pyricularia oryzae_D1_S53B_HiSeq	WGS	RANDOM	GENOMIC	PAIRED	0	0	ILLUMINA	Illumina HiSeq 4000	SRP125258	PRJNA418767		418767	SRS6913265	SAMN15040831	simple	318829	Pyricularia oryzae	Pyricularia oryzae D1/s53b							no					UNIVERSITY OF BEDFORDSHIRE	SRA1091752		public	CA4825DFF9076130DF39D7A48C13B489	C6613B225770FCB8A0FE69B0FD1104FE
SRR12101024	2021-12-31 02:54:56	2020-06-26 22:27:15	24017695	4803539000	24017695	200	2089		https://sra-downloadb.be-md.ncbi.nlm.nih.gov/sos13/sra-pub-zq-1301/SRR012/12101/SRR12101024/SRR12101024.lite.1	SRX8625373	Pyricularia oryzae_D1_S50_HiSeq	WGS	RANDOM	GENOMIC	PAIRED	0	0	ILLUMINA	Illumina HiSeq 4000	SRP125258	PRJNA418767		418767	SRS6913266	SAMN15040832	simple	318829	Pyricularia oryzae	Pyricularia oryzae D1/s50							no					UNIVERSITY OF BEDFORDSHIRE	SRA1091752		public	02671D84AD075F8B0EB3D9B57DEA8ADA	76D75E393D04D11140E8E9986A3111B5
DRR195603	2020-06-27 05:18:37	2020-06-27 05:35:07	4181727	1919608487	4181727	459	986		https://sra-downloadb.be-md.ncbi.nlm.nih.gov/sos13/sra-pub-zq-1301/DRR000/195/DRR195603/DRR195603.lite.1	DRX186020	Whole genome sequence of Ina168	WGS	RANDOM	GENOMIC	PAIRED	550	0	ILLUMINA	Illumina MiSeq	DRP006218	PRJDB8014		641815	DRS143272	SAMD00161430	simple	318829	Pyricularia oryzae	SAMD00161430							no					IBRC	DRA009148		public	0D8AC7DA506E236196DF3D8BA6E26EED	E06B62D45D4DEC7554DFF2B265847065
SRR12102168	2021-12-31 02:54:56	2020-06-27 13:19:42	21904668	4380933600	21904668	200	1882		https://sra-downloadb.be-md.ncbi.nlm.nih.gov/sos13/sra-pub-zq-1301/SRR012/12102/SRR12102168/SRR12102168.lite.1	SRX8626502	Pyricularia oryzae_T6_HiSeq	WGS	RANDOM	GENOMIC	PAIRED	0	0	ILLUMINA	Illumina HiSeq 4000	SRP125258	PRJNA418767		418767	SRS6914513	SAMN15098632	simple	318829	Pyricularia oryzae	Pyricularia oryzae T6							no					UNIVERSITY OF BEDFORDSHIRE	SRA1091837		public	179A005E95B0B19F5AB62FF7CA223177	B9ADD7300E6BEBF05364D155452AFA3B
SRR12102167	2021-12-31 02:54:56	2020-06-27 13:13:48	16756699	3351339800	16756699	200	1423		https://sra-downloadb.be-md.ncbi.nlm.nih.gov/sos13/sra-pub-zq-1301/SRR012/12102/SRR12102167/SRR12102167.lite.1	SRX8626503	Pyricularia oryzae_K5_24W_HiSeq	WGS	RANDOM	GENOMIC	PAIRED	0	0	ILLUMINA	Illumina HiSeq 4000	SRP125258	PRJNA418767		418767	SRS6914514	SAMN15098633	simple	318829	Pyricularia oryzae	Pyricularia oryzae K5/24W							no					UNIVERSITY OF BEDFORDSHIRE	SRA1091837		public	C1A149C3F1E3B68256F3526165921F26	5337F0AF65BDCA82911B97BD4EDBBAA0
SRR12101023	2021-12-31 02:54:56	2020-06-26 22:24:25	22601048	4520209600	22601048	200	1931		https://sra-downloadb.be-md.ncbi.nlm.nih.gov/sos13/sra-pub-zq-1301/SRR012/12101/SRR12101023/SRR12101023.lite.1	SRX8625374	Pyricularia oryzae_K17_HiSeq	WGS	RANDOM	GENOMIC	PAIRED	0	0	ILLUMINA	Illumina HiSeq 4000	SRP125258	PRJNA418767		418767	SRS30215864	SAMN15040823	simple	318829	Pyricularia oryzae	Pyricularia oryzae K17							no					UNIVERSITY OF BEDFORDSHIRE	SRA1091752		public	813030C49451D4E9BF29171E6B838679	22AE1C834A808ADC5701B5167400C0C9
SRR12101022	2021-12-31 02:54:56	2020-06-26 22:26:27	17253364	3450672800	17253364	200	1489		https://sra-downloadb.be-md.ncbi.nlm.nih.gov/sos13/sra-pub-zq-1301/SRR012/12101/SRR12101022/SRR12101022.lite.1	SRX8625375	Pyricularia oryzae_K13_HiSeq	WGS	RANDOM	GENOMIC	PAIRED	0	0	ILLUMINA	Illumina HiSeq 4000	SRP125258	PRJNA418767		418767	SRS30215865	SAMN15040822	simple	318829	Pyricularia oryzae	Pyricularia oryzae K13							no					UNIVERSITY OF BEDFORDSHIRE	SRA1091752		public	AC96F7F863FFABF4C22537C68EFFAA33	53D74ABD084E285A6AF2F7271B678B6D
SRR12101020	2021-12-31 02:54:56	2020-06-26 22:30:31	20556795	4111359000	20556795	200	1777		https://sra-downloadb.be-md.ncbi.nlm.nih.gov/sos13/sra-pub-zq-1301/SRR012/12101/SRR12101020/SRR12101020.lite.1	SRX8625377	Pyricularia oryzae_K28_82W_HiSeq	WGS	RANDOM	GENOMIC	PAIRED	0	0	ILLUMINA	Illumina HiSeq 4000	SRP125258	PRJNA418767		418767	SRS30215866	SAMN15040820	simple	318829	Pyricularia oryzae	Pyricularia oryzae K28/128w							no					UNIVERSITY OF BEDFORDSHIRE	SRA1091752		public	9C2A0495776DB7E2F278D0625EE49421	0ED16AA8EBB82C41F8813D4D99D486CE
SRR12101021	2021-12-31 02:54:56	2020-06-26 22:23:32	18743457	3748691400	18743457	200	1609		https://sra-downloadb.be-md.ncbi.nlm.nih.gov/sos13/sra-pub-zq-1301/SRR012/12101/SRR12101021/SRR12101021.lite.1	SRX8625376	Pyricularia oryzae_K65_159W_HiSeq	WGS	RANDOM	GENOMIC	PAIRED	0	0	ILLUMINA	Illumina HiSeq 4000	SRP125258	PRJNA418767		418767	SRS30215867	SAMN15040819	simple	318829	Pyricularia oryzae	Pyricularia oryzae K65/159w							no					UNIVERSITY OF BEDFORDSHIRE	SRA1091752		public	A26935CA98D453FA7B9F3F77FC50CC40	B9CC4AE40202D39D07440045DB5955E2
SRR12101019	2021-12-31 02:54:56	2020-06-26 22:23:12	17965963	3593192600	17965963	200	1548		https://sra-downloadb.be-md.ncbi.nlm.nih.gov/sos13/sra-pub-zq-1301/SRR012/12101/SRR12101019/SRR12101019.lite.1	SRX8625378	Pyricularia oryzae_K7_28W_HiSeq	WGS	RANDOM	GENOMIC	PAIRED	0	0	ILLUMINA	Illumina HiSeq 4000	SRP125258	PRJNA418767		418767	SRS30215868	SAMN15040821	simple	318829	Pyricularia oryzae	Pyricularia oryzae K7/28w							no					UNIVERSITY OF BEDFORDSHIRE	SRA1091752		public	AE9FDF7AD9B34A1E4E68F20DEB836CD9	262C84E3759214914B0D73D00A402118
SRR12101027	2021-12-31 02:54:56	2020-06-26 22:26:21	25294215	5058843000	25294215	200	2190		https://sra-downloadb.be-md.ncbi.nlm.nih.gov/sos13/sra-pub-zq-1301/SRR012/12101/SRR12101027/SRR12101027.lite.1	SRX8625370	Pyricularia oryzae_D10_S71_HiSeq	WGS	RANDOM	GENOMIC	PAIRED	0	0	ILLUMINA	Illumina HiSeq 4000	SRP125258	PRJNA418767		418767	SRS30215860	SAMN15040828	simple	318829	Pyricularia oryzae	Pyricularia oryzae D10/s71							no					UNIVERSITY OF BEDFORDSHIRE	SRA1091752		public	D502FB607984BE9C343CCA5035B90BBC	3D85632D86E1EB63D32E3D8E59FE2D22
SRR12101029	2021-12-31 02:54:56	2020-06-26 22:25:06	21994108	4398821600	21994108	200	1904		https://sra-downloadb.be-md.ncbi.nlm.nih.gov/sos13/sra-pub-zq-1301/SRR012/12101/SRR12101029/SRR12101029.lite.1	SRX8625368	Pyricularia oryzae_D10_S9_Hiseq	WGS	RANDOM	GENOMIC	PAIRED	0	0	ILLUMINA	Illumina HiSeq 4000	SRP125258	PRJNA418767		418767	SRS6913263	SAMN15040829	simple	318829	Pyricularia oryzae	Pyricularia oryzae D10/s9							no					UNIVERSITY OF BEDFORDSHIRE	SRA1091752		public	4A4F5B58390B3C823410DD2C33FC0DED	8E5FBEB1FEE9076F67815EE8E33037F2
SRR12101028	2021-12-31 02:54:56	2020-06-26 22:22:08	21929267	4385853400	21929267	200	1898		https://sra-downloadb.be-md.ncbi.nlm.nih.gov/sos13/sra-pub-zq-1301/SRR012/12101/SRR12101028/SRR12101028.lite.1	SRX8625369	Pyricularia oryzae_D9_S50_HiSeq	WGS	RANDOM	GENOMIC	PAIRED	0	0	ILLUMINA	Illumina HiSeq 4000	SRP125258	PRJNA418767		418767	SRS30215863	SAMN15040827	simple	318829	Pyricularia oryzae	Pyricularia oryzae D9/s50							no					UNIVERSITY OF BEDFORDSHIRE	SRA1091752		public	DB4CC4D7706C4199DAB583749065AED5	5BDF02252E43D3CDE7C4E3460D859884
SRR11836446	2020-05-23 21:47:17	2020-05-23 21:45:32	7641464	1528292800	7641464	200	1050		https://sra-downloadb.be-md.ncbi.nlm.nih.gov/sos12/sra-pub-zq-1211/SRR011/836/SRR11836446/SRR11836446.lite.1	SRX8386855	SV9610 reads	WGS	size fractionation	GENOMIC	PAIRED	0	0	ILLUMINA	Illumina HiSeq 2000	SRP142892	PRJNA304354	2	304354	SRS6700656	SAMN04318449	simple	318829	Pyricularia oryzae	SV9610 genome							no					FUJIAN AGRICULTURE AND FORESTRY UNIVERSITY	SRA1079134		public	ECCE1CD8E1441D44ECD5F2BD4EFB1578	6104CD0212B61B5DF3DA3ED2793877CF
SRR11836445	2020-05-23 21:16:19	2020-05-23 21:13:43	7358699	1471739800	7358699	200	1011		https://sra-downloadb.be-md.ncbi.nlm.nih.gov/sos9/sra-pub-zq-922/SRR011/11836/SRR11836445/SRR11836445.lite.1	SRX8386856	SV9623 reads	WGS	size fractionation	GENOMIC	PAIRED	0	0	ILLUMINA	Illumina HiSeq 2000	SRP142892	PRJNA304354	2	304354	SRS6700657	SAMN04318450	simple	318829	Pyricularia oryzae	SV9623 genome							no					FUJIAN AGRICULTURE AND FORESTRY UNIVERSITY	SRA1079134		public	4E27C9AD9FF587D4725F72A9D2BAB7CD	4EE6682BBADFC8F8D3564597B3DF7E44
SRR11836441	2020-05-23 20:48:33	2020-05-23 20:43:28	7737899	1547579800	7737899	200	1060		https://sra-downloadb.be-md.ncbi.nlm.nih.gov/sos9/sra-pub-zq-924/SRR011/11836/SRR11836441/SRR11836441.lite.1	SRX8386860	EI9411 reads	WGS	size fractionation	GENOMIC	PAIRED	0	0	ILLUMINA	Illumina HiSeq 2000	SRP142892	PRJNA304354	2	304354	SRS6700661	SAMN04318447	simple	318829	Pyricularia oryzae	EI9411 genome							no					FUJIAN AGRICULTURE AND FORESTRY UNIVERSITY	SRA1079134		public	370F1C1C2B327EEB22D39B45A5ABEB7D	1D3C41D1571B9F6D6B1F335CED249988
SRR11836442	2020-05-23 21:47:17	2020-05-23 21:45:14	7128541	1425708200	7128541	200	981		https://sra-downloadb.be-md.ncbi.nlm.nih.gov/sos12/sra-pub-zq-1214/SRR011/11836/SRR11836442/SRR11836442.lite.1	SRX8386859	EI9604 reads	WGS	size fractionation	GENOMIC	PAIRED	0	0	ILLUMINA	Illumina HiSeq 2000	SRP142892	PRJNA304354	2	304354	SRS6700660	SAMN04318448	simple	318829	Pyricularia oryzae	EI9604 genome							no					FUJIAN AGRICULTURE AND FORESTRY UNIVERSITY	SRA1079134		public	935553ADE9F71302C6D57025F817B7EC	A976DC966AC2D8FBF120C1572CE58E0E
SRR11528298	2020-06-07 11:35:21	2020-04-12 11:07:40	28294349	8488304700	28294349	300	2487		https://sra-downloadb.be-md.ncbi.nlm.nih.gov/sos8/sra-pub-zq-820/SRR011/11528/SRR11528298/SRR11528298.lite.1	SRX8099359	G11_Guy11_Replicate1	WGS	size fractionation	GENOMIC	PAIRED	0	0	ILLUMINA	Illumina HiSeq 2500	SRP225397	PRJNA577277	3	577277	SRS6465771	SAMN14584686	simple	318829	Pyricularia oryzae	G11_Replicate1							no					FUJIAN AGRICULTURE AND FORESTRY UNIVERSITY	SRA1064609		public	98CA69DE2C2ADED616036768F60749B9	85F08388700FAD17C6565A5106B7867B
SRR11528297	2020-06-07 11:35:21	2020-04-12 10:59:37	21073205	6321961500	21073205	300	1849		https://sra-downloadb.be-md.ncbi.nlm.nih.gov/sos9/sra-pub-zq-922/SRR011/11528/SRR11528297/SRR11528297.lite.1	SRX8099360	G1_Guy11_Replicate2	WGS	size fractionation	GENOMIC	PAIRED	0	0	ILLUMINA	Illumina HiSeq 2500	SRP225397	PRJNA577277	3	577277	SRS6465772	SAMN14584687	simple	318829	Pyricularia oryzae	G1_Replicate2							no					FUJIAN AGRICULTURE AND FORESTRY UNIVERSITY	SRA1064609		public	FE633D4743884CF46B0DE0BEE8246819	6B7AF8F385EE92FFF3850E6E2F2DACE4
SRR11528299	2020-06-07 11:35:21	2020-04-12 11:23:47	26068980	7820694000	26068980	300	2304		https://sra-downloadb.be-md.ncbi.nlm.nih.gov/sos9/sra-pub-zq-922/SRR011/11528/SRR11528299/SRR11528299.lite.1	SRX8099358	G5_Guy11_Replicate1	WGS	size fractionation	GENOMIC	PAIRED	0	0	ILLUMINA	Illumina HiSeq 2500	SRP225397	PRJNA577277	3	577277	SRS6465770	SAMN14584685	simple	318829	Pyricularia oryzae	G5_Replicate1							no					FUJIAN AGRICULTURE AND FORESTRY UNIVERSITY	SRA1064609		public	0495CE1ECCE32F54E3AA368F2D4F12CF	8728D3CC5D2A9DD4DFF6E9EB3B6A4A7A
ERR3771227	2019-12-20 00:49:17	2019-12-20 10:16:07	1368681	310120911	1368681	226	130		https://sra-downloadb.be-md.ncbi.nlm.nih.gov/sos12/sra-pub-zq-1216/ERR003/771/ERR3771227.sralite.1	ERX3772976	FR13_mini	WGS	unspecified	GENOMIC	PAIRED	300	0	ILLUMINA	NextSeq 500	ERP109180	PRJEB27137		474889	ERS2528417	SAMEA4708258	simple	318829	Pyricularia oryzae	SAMEA4708258							no					THE SAINSBURY LABORATORY	ERA2322869		public	3DBDEB421C02DC11E8AF1206E6A66BD9	582DF841F28D53744C577D3CA083ED22
ERR3771228	2019-12-20 00:49:17	2019-12-20 10:17:07	1330739	302907946	1330739	227	127		https://sra-downloadb.be-md.ncbi.nlm.nih.gov/sos9/sra-pub-zq-922/ERR003/771/ERR3771228.sralite.1	ERX3772977	FR13_mini	WGS	unspecified	GENOMIC	PAIRED	300	0	ILLUMINA	NextSeq 500	ERP109180	PRJEB27137		474889	ERS2528417	SAMEA4708258	simple	318829	Pyricularia oryzae	SAMEA4708258							no					THE SAINSBURY LABORATORY	ERA2322869		public	DA3E76E94381D820118B97D9402612A7	E90AFBE32ECEF5A9DD2DCB53C4CD9051
ERR3771229	2019-12-20 00:49:17	2019-12-20 10:17:49	1369972	311801027	1369972	227	131		https://sra-downloadb.be-md.ncbi.nlm.nih.gov/sos12/sra-pub-zq-1216/ERR003/771/ERR3771229.sralite.1	ERX3772978	FR13_mini	WGS	unspecified	GENOMIC	PAIRED	300	0	ILLUMINA	NextSeq 500	ERP109180	PRJEB27137		474889	ERS2528417	SAMEA4708258	simple	318829	Pyricularia oryzae	SAMEA4708258							no					THE SAINSBURY LABORATORY	ERA2322869		public	E3C125FDE642220F04FAB9A5FA3BCF39	EEAEE74A9C4A62F8DEDBE0F1B44DBFCF
ERR3771230	2019-12-20 00:49:17	2019-12-20 10:18:24	1317003	301919143	1317003	229	128		https://sra-downloadb.be-md.ncbi.nlm.nih.gov/sos9/sra-pub-zq-922/ERR003/771/ERR3771230.sralite.1	ERX3772979	FR13_mini	WGS	unspecified	GENOMIC	PAIRED	300	0	ILLUMINA	NextSeq 500	ERP109180	PRJEB27137		474889	ERS2528417	SAMEA4708258	simple	318829	Pyricularia oryzae	SAMEA4708258							no					THE SAINSBURY LABORATORY	ERA2322869		public	9ED2644A0E130CFDF2A352E5F21F3C21	87A0B7A882A96844405F9C73DB4835C9
ERR3771231	2019-12-20 00:49:17	2019-12-20 10:19:03	1505328	350291051	1505328	232	147		https://sra-downloadb.be-md.ncbi.nlm.nih.gov/sos12/sra-pub-zq-1216/ERR003/771/ERR3771231.sralite.1	ERX3772980	US71_mini	WGS	unspecified	GENOMIC	PAIRED	300	0	ILLUMINA	NextSeq 500	ERP109180	PRJEB27137		474889	ERS2528418	SAMEA4708259	simple	318829	Pyricularia oryzae	SAMEA4708259							no					THE SAINSBURY LABORATORY	ERA2322869		public	D60A1216E1FF5D4D11D542539BCFED75	C8785307864720F8B89AC753BA80CE3D
ERR3771232	2019-12-20 00:49:17	2019-12-20 10:19:57	1473141	344411539	1473141	233	144		https://sra-downloadb.be-md.ncbi.nlm.nih.gov/sos12/sra-pub-zq-1216/ERR003/771/ERR3771232.sralite.1	ERX3772981	US71_mini	WGS	unspecified	GENOMIC	PAIRED	300	0	ILLUMINA	NextSeq 500	ERP109180	PRJEB27137		474889	ERS2528418	SAMEA4708259	simple	318829	Pyricularia oryzae	SAMEA4708259							no					THE SAINSBURY LABORATORY	ERA2322869		public	53092EE93C171CB07CDB583A549912B8	C0311C145BDB4B605DF2AA6A19DC54FF
ERR3771233	2019-12-20 00:49:17	2019-12-20 10:20:32	1513492	353706094	1513492	233	149		https://sra-downloadb.be-md.ncbi.nlm.nih.gov/sos9/sra-pub-zq-922/ERR003/771/ERR3771233.sralite.1	ERX3772982	US71_mini	WGS	unspecified	GENOMIC	PAIRED	300	0	ILLUMINA	NextSeq 500	ERP109180	PRJEB27137		474889	ERS2528418	SAMEA4708259	simple	318829	Pyricularia oryzae	SAMEA4708259							no					THE SAINSBURY LABORATORY	ERA2322869		public	64DE808B64D235D63CE2AD60FE351B83	C6D9D96AE9D259AF3CB6F3655310B9E8
ERR3771234	2019-12-20 00:49:17	2019-12-20 10:21:02	1458796	342999341	1458796	235	145		https://sra-downloadb.be-md.ncbi.nlm.nih.gov/sos12/sra-pub-zq-1216/ERR003/771/ERR3771234.sralite.1	ERX3772983	US71_mini	WGS	unspecified	GENOMIC	PAIRED	300	0	ILLUMINA	NextSeq 500	ERP109180	PRJEB27137		474889	ERS2528418	SAMEA4708259	simple	318829	Pyricularia oryzae	SAMEA4708259							no					THE SAINSBURY LABORATORY	ERA2322869		public	0E8D72BE03379DEDF576912DFFF558A4	9FE5D201C9AF5A90407E768D67FAEB23
ERR3771235	2019-12-20 00:49:17	2019-12-20 10:21:42	1063094	265302055	1063094	249	113		https://sra-downloadb.be-md.ncbi.nlm.nih.gov/sos9/sra-pub-zq-922/ERR003/771/ERR3771235.sralite.1	ERX3772984	CD156_mini	WGS	unspecified	GENOMIC	PAIRED	300	0	ILLUMINA	NextSeq 500	ERP109180	PRJEB27137		474889	ERS2528420	SAMEA4708261	simple	318829	Pyricularia oryzae	SAMEA4708261							no					THE SAINSBURY LABORATORY	ERA2322869		public	0E01CA35020651A811F5C4AE370E84CA	2C5FFE33D9419CEBB52CF2D83D6CA4AD
ERR3771236	2019-12-20 00:49:17	2019-12-20 10:21:54	1045979	262151774	1045979	250	111		https://sra-downloadb.be-md.ncbi.nlm.nih.gov/sos12/sra-pub-zq-1216/ERR003/771/ERR3771236.sralite.1	ERX3772985	CD156_mini	WGS	unspecified	GENOMIC	PAIRED	300	0	ILLUMINA	NextSeq 500	ERP109180	PRJEB27137		474889	ERS2528420	SAMEA4708261	simple	318829	Pyricularia oryzae	SAMEA4708261							no					THE SAINSBURY LABORATORY	ERA2322869		public	42D53CCA2130DBAD9549748CACDF28E1	4FBB83A7F715688A12F0C907684FDE3E
ERR3771237	2019-12-20 00:49:17	2019-12-20 10:22:16	1069485	267791830	1069485	250	114		https://sra-downloadb.be-md.ncbi.nlm.nih.gov/sos12/sra-pub-zq-1216/ERR003/771/ERR3771237.sralite.1	ERX3772986	CD156_mini	WGS	unspecified	GENOMIC	PAIRED	300	0	ILLUMINA	NextSeq 500	ERP109180	PRJEB27137		474889	ERS2528420	SAMEA4708261	simple	318829	Pyricularia oryzae	SAMEA4708261							no					THE SAINSBURY LABORATORY	ERA2322869		public	2579BD3F040EDF28B7F2BF9FE48E11F6	B10E469710BB98BEE4A929F606B4D853
ERR3771238	2019-12-20 00:49:17	2019-12-20 10:22:25	1038934	261411211	1038934	251	111		https://sra-downloadb.be-md.ncbi.nlm.nih.gov/sos9/sra-pub-zq-922/ERR003/771/ERR3771238.sralite.1	ERX3772987	CD156_mini	WGS	unspecified	GENOMIC	PAIRED	300	0	ILLUMINA	NextSeq 500	ERP109180	PRJEB27137		474889	ERS2528420	SAMEA4708261	simple	318829	Pyricularia oryzae	SAMEA4708261							no					THE SAINSBURY LABORATORY	ERA2322869		public	1EC187590BB9F47A1CBEC3AE1F6713DD	35F75325F27F040ED810D07BEF7D3A80
SRR9989236	2021-12-31 02:53:40	2019-08-16 16:52:59	23047180	4609436000	23047180	200	1995		https://sra-downloadb.be-md.ncbi.nlm.nih.gov/sos13/sra-pub-zq-1301/SRR009/9989/SRR9989236/SRR9989236.lite.1	SRX6728621	Pyricularia oryzae_D15/s47_HiSeq	WGS	RANDOM	GENOMIC	PAIRED	0	0	ILLUMINA	Illumina HiSeq 4000	SRP125258	PRJNA418767		418767	SRS5280494	SAMN12143010	simple	318829	Pyricularia oryzae	Pyricularia oryzae D15/s47							no					UNIVERSITY OF BEDFORDSHIRE	SRA942661		public	CA6BA4EAF8E09F0E53D4462694753DE9	A881AB1FB325C82308FC40A723F2C21A
SRR9983183	2021-12-31 02:53:39	2019-08-16 06:52:22	24689522	4937904400	24689522	200	2176		https://sra-downloadb.be-md.ncbi.nlm.nih.gov/sos13/sra-pub-zq-1301/SRR009/9983/SRR9983183/SRR9983183.lite.1	SRX6724263	Pyricularia oryzae_E17_HiSeq	WGS	RANDOM	GENOMIC	PAIRED	0	0	ILLUMINA	Illumina HiSeq 4000	SRP125258	PRJNA418767		418767	SRS5276469	SAMN12143005	simple	318829	Pyricularia oryzae	Pyricularia oryzae E17							no					UNIVERSITY OF BEDFORDSHIRE	SRA942043		public	C1EC3C68B841EF72C70C6BD195F8434E	F68B8FC361F626EB70AF5A20B4C4CADC
SRR9993993	2021-12-31 02:53:40	2019-08-19 08:11:21	21853430	4370686000	21853430	200	1866		https://sra-downloadb.be-md.ncbi.nlm.nih.gov/sos13/sra-pub-zq-1301/SRR009/9993/SRR9993993/SRR9993993.lite.1	SRX6733179	Pyricularia oryzae_E7_HiSeq	WGS	RANDOM	GENOMIC	PAIRED	0	0	ILLUMINA	Illumina HiSeq 4000	SRP125258	PRJNA418767		418767	SRS5284981	SAMN12143017	simple	318829	Pyricularia oryzae	Pyricularia oryzae E7							no					UNIVERSITY OF BEDFORDSHIRE	SRA943474		public	7800F098E99BE875E5ED95A6CBA2C695	87F2F07BE9FF0E47603EFBD0F9F8AF3C
SRR9989237	2021-12-31 02:53:40	2019-08-16 16:53:32	24532200	4906440000	24532200	200	2168		https://sra-downloadb.be-md.ncbi.nlm.nih.gov/sos13/sra-pub-zq-1301/SRR009/9989/SRR9989237/SRR9989237.lite.1	SRX6728620	Pyricularia oryzae_K13/67_HiSeq	WGS	RANDOM	GENOMIC	PAIRED	0	0	ILLUMINA	Illumina HiSeq 4000	SRP125258	PRJNA418767		418767	SRS5280493	SAMN12143011	simple	318829	Pyricularia oryzae	Pyricularia oryzae K13/67							no					UNIVERSITY OF BEDFORDSHIRE	SRA942661		public	9502A9D3731C6D6F9466081E520FB502	2846665D80BA7FFF97298A9B8D43E221
SRR9983182	2021-12-31 02:53:40	2019-08-16 06:51:02	21629275	4325855000	21629275	200	1865		https://sra-downloadb.be-md.ncbi.nlm.nih.gov/sos13/sra-pub-zq-1301/SRR009/9983/SRR9983182/SRR9983182.lite.1	SRX6724264	Pyricularia oryzae_K38_HiSeq	WGS	RANDOM	GENOMIC	PAIRED	0	0	ILLUMINA	Illumina HiSeq 4000	SRP125258	PRJNA418767		418767	SRS5276470	SAMN12143009	simple	318829	Pyricularia oryzae	Pyricularia oryzae K38							no					UNIVERSITY OF BEDFORDSHIRE	SRA942043		public	6F28CC2CDF17D6FB5024D2D238DF3C83	612C0C4E4CCE9F4857C52D28524D7CAF
SRR9989238	2021-12-31 02:53:40	2019-08-16 16:53:48	26056235	5211247000	26056235	200	2311		https://sra-downloadb.be-md.ncbi.nlm.nih.gov/sos13/sra-pub-zq-1301/SRR009/9989/SRR9989238/SRR9989238.lite.1	SRX6728619	Pyricularia oryzae_K48/115n_HiSeq	WGS	RANDOM	GENOMIC	PAIRED	0	0	ILLUMINA	Illumina HiSeq 4000	SRP125258	PRJNA418767		418767	SRS5280492	SAMN12143012	simple	318829	Pyricularia oryzae	Pyricularia oryzae K48/115n							no					UNIVERSITY OF BEDFORDSHIRE	SRA942661		public	0DA0FF451D48431B3C59E82114FA00BD	DF83CA1E840C1D5255E6B18AF885346A
SRR9989239	2021-12-31 02:53:40	2019-08-16 16:48:15	15179572	3035914400	15179572	200	1340		https://sra-downloadb.be-md.ncbi.nlm.nih.gov/sos13/sra-pub-zq-1301/SRR009/9989/SRR9989239/SRR9989239.lite.1	SRX6728618	Pyricularia oryzae_K5_HiSeq	WGS	RANDOM	GENOMIC	PAIRED	0	0	ILLUMINA	Illumina HiSeq 4000	SRP125258	PRJNA418767		418767	SRS5280491	SAMN12143013	simple	318829	Pyricularia oryzae	Pyricularia oryzae K5							no					UNIVERSITY OF BEDFORDSHIRE	SRA942661		public	5FD096C72F848B01F1D56F6FBC6D59DF	276E2DCE057A72F6244C726AB84244E6
SRR9989235	2021-12-31 02:53:40	2019-08-16 16:50:36	20125152	4025030400	20125152	200	1808		https://sra-downloadb.be-md.ncbi.nlm.nih.gov/sos13/sra-pub-zq-1301/SRR009/9989/SRR9989235/SRR9989235.lite.1	SRX6728622	Pyricularia oryzae_T11_HiSeq	WGS	RANDOM	GENOMIC	PAIRED	0	0	ILLUMINA	Illumina HiSeq 4000	SRP125258	PRJNA418767		418767	SRS5280495	SAMN12143014	simple	318829	Pyricularia oryzae	Pyricularia oryzae T11							no					UNIVERSITY OF BEDFORDSHIRE	SRA942661		public	1FAA80C5CCD30B16EBFEECA78AFDBBBA	B8BA671D289601372702C0EA8B49EAC7
SRR9993988	2021-12-31 02:53:40	2019-08-19 08:09:36	21354912	4270982400	21354912	200	1885		https://sra-downloadb.be-md.ncbi.nlm.nih.gov/sos13/sra-pub-zq-1301/SRR009/9993/SRR9993988/SRR9993988.lite.1	SRX6733184	Pyricularia oryzae_T12_HiSeq	WGS	RANDOM	GENOMIC	PAIRED	0	0	ILLUMINA	Illumina HiSeq 4000	SRP125258	PRJNA418767		418767	SRS5284986	SAMN12143020	simple	318829	Pyricularia oryzae	Pyricularia oryzae T12							no					UNIVERSITY OF BEDFORDSHIRE	SRA943474		public	62C2F75F11AC993456EFF9446ABE3BBF	7C14F1F1A71C047D499CFBDF75819229
SRR9993992	2021-12-31 02:53:40	2019-08-19 08:11:33	21626633	4325326600	21626633	200	1878		https://sra-downloadb.be-md.ncbi.nlm.nih.gov/sos13/sra-pub-zq-1301/SRR009/9993/SRR9993992/SRR9993992.lite.1	SRX6733180	Pyricularia oryzae_T17_HiSeq	WGS	RANDOM	GENOMIC	PAIRED	0	0	ILLUMINA	Illumina HiSeq 4000	SRP125258	PRJNA418767		418767	SRS5284982	SAMN12143018	simple	318829	Pyricularia oryzae	Pyricularia oryzae T17							no					UNIVERSITY OF BEDFORDSHIRE	SRA943474		public	C6ADE41C836978D482BE7154EA13DF93	BE0AEBA16C0942577BA8B4D536C92661
SRR9993989	2021-12-31 02:53:40	2019-08-19 08:10:47	23078337	4615667400	23078337	200	2009		https://sra-downloadb.be-md.ncbi.nlm.nih.gov/sos13/sra-pub-zq-1301/SRR009/9993/SRR9993989/SRR9993989.lite.1	SRX6733183	Pyricularia oryzae_T5_HiSeq	WGS	RANDOM	GENOMIC	PAIRED	0	0	ILLUMINA	Illumina HiSeq 4000	SRP125258	PRJNA418767		418767	SRS5284985	SAMN12143019	simple	318829	Pyricularia oryzae	Pyricularia oryzae T5							no					UNIVERSITY OF BEDFORDSHIRE	SRA943474		public	8313B0E01F5FB2643DF6BA1A637549B8	9DA8FC93C8C18AE52798BB6112626931
SRR9993991	2021-12-31 02:53:40	2019-08-19 08:12:24	25466826	5093365200	25466826	200	2276		https://sra-downloadb.be-md.ncbi.nlm.nih.gov/sos13/sra-pub-zq-1301/SRR009/9993/SRR9993991/SRR9993991.lite.1	SRX6733181	Pyricularia oryzae_U13_HiSeq	WGS	RANDOM	GENOMIC	PAIRED	0	0	ILLUMINA	Illumina HiSeq 4000	SRP125258	PRJNA418767		418767	SRS5284983	SAMN12143015	simple	318829	Pyricularia oryzae	Pyricularia oryzae U13							no					UNIVERSITY OF BEDFORDSHIRE	SRA943474		public	FA884AADA3A0132CC57A1E7667C189BA	8E1FBF82F5586E542D2CADDDBB5E1FC8
SRR9993990	2021-12-31 02:53:40	2019-08-19 08:15:01	23230286	4646057200	23230286	200	1978		https://sra-downloadb.be-md.ncbi.nlm.nih.gov/sos13/sra-pub-zq-1301/SRR009/9993/SRR9993990/SRR9993990.lite.1	SRX6733182	Pyricularia oryzae_U47_HiSeq	WGS	RANDOM	GENOMIC	PAIRED	0	0	ILLUMINA	Illumina HiSeq 4000	SRP125258	PRJNA418767		418767	SRS5284984	SAMN12143016	simple	318829	Pyricularia oryzae	Pyricularia oryzae U47							no					UNIVERSITY OF BEDFORDSHIRE	SRA943474		public	ACE474C88E5B82E26FB087A5BE902523	3B7000E9E8C34C83B732037FF4DE2AC4
SRR10271357	2020-06-07 11:35:22	2019-10-13 14:31:02	23383551	7015065300	23383551	300	2966		https://sra-downloadb.be-md.ncbi.nlm.nih.gov/sos12/sra-pub-zq-1211/SRR010/271/SRR10271357/SRR10271357.lite.1	SRX6984565	G0_Guy11	WGS	size fractionation	GENOMIC	PAIRED	0	0	ILLUMINA	Illumina HiSeq 2500	SRP225397	PRJNA577277	3	577277	SRS5508795	SAMN13022764	simple	318829	Pyricularia oryzae	G0_Guy11							no					FUJIAN AGRICULTURE AND FORESTRY UNIVERSITY	SRA978433		public	0BFD6CA55627C307AB186B771AF4729C	C8FA1FE5A401772386F13F7AFA66561E
SRR10271354	2020-06-07 11:35:21	2019-10-13 14:23:56	15365186	3841296500	15365186	250	2112		https://sra-downloadb.be-md.ncbi.nlm.nih.gov/sos12/sra-pub-zq-1211/SRR010/271/SRR10271354/SRR10271354.lite.1	SRX6984568	G11_Guy11	WGS	size fractionation	GENOMIC	PAIRED	0	0	ILLUMINA	Illumina HiSeq 2500	SRP225397	PRJNA577277	3	577277	SRS5508798	SAMN13022767	simple	318829	Pyricularia oryzae	G11_Guy11							no					FUJIAN AGRICULTURE AND FORESTRY UNIVERSITY	SRA978433		public	90C9BCEC87E85E0C38FD8267BBEC339A	9D21A864596097E8C08C345D319999EE
SRR11528304	2020-06-07 11:35:21	2020-04-12 11:06:33	23325215	6997564500	23325215	300	2064		https://sra-downloadb.be-md.ncbi.nlm.nih.gov/sos9/sra-pub-zq-922/SRR011/11528/SRR11528304/SRR11528304.lite.1	SRX8099353	G11_Guy11_Replicate2	WGS	size fractionation	GENOMIC	PAIRED	0	0	ILLUMINA	Illumina HiSeq 2500	SRP225397	PRJNA577277	3	577277	SRS6465765	SAMN14584689	simple	318829	Pyricularia oryzae	G11_Replicate2							no					FUJIAN AGRICULTURE AND FORESTRY UNIVERSITY	SRA1064609		public	49EFF48472D3244867BFA387D8E12B66	207FCD5A3DB9A4EA5BBF54050EFB49A1
SRR11528301	2020-06-07 11:35:21	2020-04-12 11:52:57	22711516	6813454800	22711516	300	1996		https://sra-downloadb.be-md.ncbi.nlm.nih.gov/sos8/sra-pub-zq-820/SRR011/11528/SRR11528301/SRR11528301.lite.1	SRX8099356	G11_Guy11_Replicate3	WGS	size fractionation	GENOMIC	PAIRED	0	0	ILLUMINA	Illumina HiSeq 2500	SRP225397	PRJNA577277	3	577277	SRS6465768	SAMN14584692	simple	318829	Pyricularia oryzae	G11_Replicate3							no					FUJIAN AGRICULTURE AND FORESTRY UNIVERSITY	SRA1064609		public	6AB8138D2C95F36097CDAB2DF03B51DB	879E53B78BB49A1518C60864080905D0
SRR10271356	2020-06-07 11:35:21	2019-10-13 14:23:25	14377582	3594395500	14377582	250	1926		https://sra-downloadb.be-md.ncbi.nlm.nih.gov/sos12/sra-pub-zq-1211/SRR010/271/SRR10271356/SRR10271356.lite.1	SRX6984566	G1_Guy11	WGS	size fractionation	GENOMIC	PAIRED	0	0	ILLUMINA	Illumina HiSeq 2500	SRP225397	PRJNA577277	3	577277	SRS5508796	SAMN13022765	simple	318829	Pyricularia oryzae	G1_Guy11							no					FUJIAN AGRICULTURE AND FORESTRY UNIVERSITY	SRA978433		public	9BC0B4904AF432CF99C7EF6DB9837204	8F7C366AD851055ABB4477C121195DF9
SRR11528300	2020-06-07 11:35:21	2020-04-12 11:13:22	25136836	7541050800	25136836	300	2208		https://sra-downloadb.be-md.ncbi.nlm.nih.gov/sos12/sra-pub-zq-1216/SRR011/11528/SRR11528300/SRR11528300.lite.1	SRX8099357	G1_Guy11_Replicate1	WGS	size fractionation	GENOMIC	PAIRED	0	0	ILLUMINA	Illumina HiSeq 2500	SRP225397	PRJNA577277	3	577277	SRS6465769	SAMN14584684	simple	318829	Pyricularia oryzae	G1_Replicate1							no					FUJIAN AGRICULTURE AND FORESTRY UNIVERSITY	SRA1064609		public	651478ACCE47AD0136CB54917B3286DA	965D67DF5D0AE280D2B646E9D9764444
SRR11528303	2020-06-07 11:35:21	2020-04-12 10:53:21	23528171	7058451300	23528171	300	2078		https://sra-downloadb.be-md.ncbi.nlm.nih.gov/sos8/sra-pub-zq-820/SRR011/11528/SRR11528303/SRR11528303.lite.1	SRX8099354	G1_Guy11_Replicate3	WGS	size fractionation	GENOMIC	PAIRED	0	0	ILLUMINA	Illumina HiSeq 2500	SRP225397	PRJNA577277	3	577277	SRS6465766	SAMN14584690	simple	318829	Pyricularia oryzae	G1_Replicate3							no					FUJIAN AGRICULTURE AND FORESTRY UNIVERSITY	SRA1064609		public	A3D5C57B3EF7955F1C9F19437E17ACAB	79FCBC34F26AAF51A0D7B774FD41EAF5
SRR10271355	2020-06-07 11:35:21	2019-10-13 14:25:09	18956404	4739101000	18956404	250	2657		https://sra-downloadb.be-md.ncbi.nlm.nih.gov/sos12/sra-pub-zq-1211/SRR010/271/SRR10271355/SRR10271355.lite.1	SRX6984567	G5_Guy11	WGS	size fractionation	GENOMIC	PAIRED	0	0	ILLUMINA	Illumina HiSeq 2500	SRP225397	PRJNA577277	3	577277	SRS5508797	SAMN13022766	simple	318829	Pyricularia oryzae	G5_Guy11							no					FUJIAN AGRICULTURE AND FORESTRY UNIVERSITY	SRA978433		public	A394EEB2A75A71C93D3E8BCC2A2BB9C0	62A26B3BB182F708A41F8876677165E2
SRR11528305	2020-06-07 11:35:21	2020-04-12 11:07:44	23705586	7111675800	23705586	300	2084		https://sra-downloadb.be-md.ncbi.nlm.nih.gov/sos12/sra-pub-zq-1216/SRR011/11528/SRR11528305/SRR11528305.lite.1	SRX8099352	G5_Guy11_Replicate2	WGS	size fractionation	GENOMIC	PAIRED	0	0	ILLUMINA	Illumina HiSeq 2500	SRP225397	PRJNA577277	3	577277	SRS6465764	SAMN14584688	simple	318829	Pyricularia oryzae	G5_Replicate2							no					FUJIAN AGRICULTURE AND FORESTRY UNIVERSITY	SRA1064609		public	7F238A501BB6ADACFBBC5134BBEB2173	4A019E040080C05FB0F9BC6F61D94635
SRR11528302	2020-06-07 11:35:21	2020-04-12 12:25:32	25053607	7516082100	25053607	300	2212		https://sra-downloadb.be-md.ncbi.nlm.nih.gov/sos9/sra-pub-zq-922/SRR011/11528/SRR11528302/SRR11528302.lite.1	SRX8099355	G5_Guy11_Replicate3	WGS	size fractionation	GENOMIC	PAIRED	0	0	ILLUMINA	Illumina HiSeq 2500	SRP225397	PRJNA577277	3	577277	SRS6465767	SAMN14584691	simple	318829	Pyricularia oryzae	G5_Replicate3							no					FUJIAN AGRICULTURE AND FORESTRY UNIVERSITY	SRA1064609		public	67D92BC4B4E3DCE835DADD21AC449693	0E53879F3EFAA9347244D4B7C1892F02
ERR3397102	2019-06-27 19:27:00	2019-07-02 09:39:57	23423182	1780161832	0	76	982		https://sra-downloadb.be-md.ncbi.nlm.nih.gov/sos12/sra-pub-zq-1216/ERR003/397/ERR3397102.sralite.1	ERX3420961	CD156	WGS	size fractionation	GENOMIC	SINGLE	0	0	ILLUMINA	Illumina Genome Analyzer IIx	ERP009415	PRJEB8341		276752	ERS652450	SAMEA3231216	simple	318829	Pyricularia oryzae	SAMEA3231216							no					INRA TOULOUSE	ERA2017066		public	C6B758DC434BDAE0E9532B39B6AFBB63	9DD5F9081C5307AA8A500CEF1BB245DD
SRR9972916	2021-12-31 02:53:39	2019-08-15 12:41:34	1773608	1055671604	1773608	595	630		https://sra-downloadb.be-md.ncbi.nlm.nih.gov/sos13/sra-pub-zq-1301/SRR009/9972/SRR9972916/SRR9972916.lite.1	SRX6720240	Pyricularia oryzae_E34_MiSeq2	WGS	RANDOM	GENOMIC	PAIRED	0	0	ILLUMINA	Illumina MiSeq	SRP125258	PRJNA418767		418767	SRS5272658	SAMN12142210	simple	318829	Pyricularia oryzae	Pyricularia oryzae							no					UNIVERSITY OF BEDFORDSHIRE	SRA941307		public	1614D320BCD6166308ED7E916977A876	2D201863C4459602D84E3EDAA045CFF5
SRR9972917	2021-12-31 02:53:39	2019-08-15 12:44:15	4631612	2696389121	4631612	582	1467		https://sra-downloadb.be-md.ncbi.nlm.nih.gov/sos13/sra-pub-zq-1301/SRR009/9972/SRR9972917/SRR9972917.lite.1	SRX6720239	Pyricularia oryzae_E34_MiSeq1	WGS	RANDOM	GENOMIC	PAIRED	0	0	ILLUMINA	Illumina MiSeq	SRP125258	PRJNA418767		418767	SRS5272658	SAMN12142210	simple	318829	Pyricularia oryzae	Pyricularia oryzae							no					UNIVERSITY OF BEDFORDSHIRE	SRA941307		public	157CBE45BF827CE1A373F5A4104AD72E	75A54C01A8BF151525780F65F09D0EA0
SRR9983184	2021-12-31 02:53:39	2019-08-16 06:50:33	20939630	4187926000	20939630	200	1787		https://sra-downloadb.be-md.ncbi.nlm.nih.gov/sos13/sra-pub-zq-1301/SRR009/9983/SRR9983184/SRR9983184.lite.1	SRX6724262	Pyricularia oryzae_D1/s11_HiSeq	WGS	RANDOM	GENOMIC	PAIRED	0	0	ILLUMINA	Illumina HiSeq 4000	SRP125258	PRJNA418767		418767	SRS5276468	SAMN12143006	simple	318829	Pyricularia oryzae	Pyricularia oryzae D1/s11							no					UNIVERSITY OF BEDFORDSHIRE	SRA942043		public	C26097FC6E0DE7E4E52484FB0B8C068D	866F2B738F6A2254C5F257D62D4792B3
SRR9983185	2021-12-31 02:53:39	2019-08-16 06:50:52	21018019	4203603800	21018019	200	1802		https://sra-downloadb.be-md.ncbi.nlm.nih.gov/sos13/sra-pub-zq-1301/SRR009/9983/SRR9983185/SRR9983185.lite.1	SRX6724261	Pyricularia oryzae_D8/s15_HiSeq	WGS	RANDOM	GENOMIC	PAIRED	0	0	ILLUMINA	Illumina HiSeq 4000	SRP125258	PRJNA418767		418767	SRS5276467	SAMN12143007	simple	318829	Pyricularia oryzae	Pyricularia oryzae D8/s15							no					UNIVERSITY OF BEDFORDSHIRE	SRA942043		public	DC95F4D58DEFE1AFED4BFCFA15748785	5FCBEAF457209692BE2422E48A7F63FD
SRR9983186	2021-12-31 02:53:39	2019-08-16 06:50:57	21386255	4277251000	21386255	200	1863		https://sra-downloadb.be-md.ncbi.nlm.nih.gov/sos13/sra-pub-zq-1301/SRR009/9983/SRR9983186/SRR9983186.lite.1	SRX6724260	Pyricularia oryzae_E1_HiSeq	WGS	RANDOM	GENOMIC	PAIRED	0	0	ILLUMINA	Illumina HiSeq 4000	SRP125258	PRJNA418767		418767	SRS5276466	SAMN12143008	simple	318829	Pyricularia oryzae	Pyricularia oryzae E1							no					UNIVERSITY OF BEDFORDSHIRE	SRA942043		public	54FF736440C59808E6C0CA4D78010E26	C49784C3E279A3A50DFE6B7DFFEBEDDB
SRR9655591	2019-07-09 11:56:27	2019-07-08 19:42:42	13320908	3996272400	13320908	300	1489		https://sra-downloadb.be-md.ncbi.nlm.nih.gov/sos12/sra-pub-zq-1214/SRR009/655/SRR9655591.sralite.1	SRX6416927	CenpC-SM	WGS	RANDOM	GENOMIC	PAIRED	0	0	ILLUMINA	Illumina HiSeq 2500	SRP168209	PRJNA504461		504461	SRS4030738	SAMN10392691	simple	318829	Pyricularia oryzae	Mo CENP-A ChIP-seq							no					JAWAHARLAL NEHRU CENTRE FOR ADVANCED SCIENTIFIC RESEARCH	SRA918667		public	AD984E2F42517D5BE2EB585D16DA0ACC	74376CE5B83594662DAAF5C8A0B321CB
SRR9655592	2019-07-09 11:56:27	2019-07-08 19:35:23	10260669	3078200700	10260669	300	1222		https://sra-downloadb.be-md.ncbi.nlm.nih.gov/sos9/sra-pub-zq-922/SRR009/655/SRR9655592.sralite.1	SRX6416926	CenpC-IP	WGS	RANDOM	GENOMIC	PAIRED	0	0	ILLUMINA	Illumina HiSeq 2500	SRP168209	PRJNA504461		504461	SRS4030738	SAMN10392691	simple	318829	Pyricularia oryzae	Mo CENP-A ChIP-seq							no					JAWAHARLAL NEHRU CENTRE FOR ADVANCED SCIENTIFIC RESEARCH	SRA918667		public	E6796383002F32FE50F0E7308348F8B8	543DAF12199AA10B1048EF36B2FBA3BF
SRR9936847	2019-08-09 00:32:22	2019-08-08 21:55:59	13507919	2944726342	13507919	218	1530		https://sra-downloadb.be-md.ncbi.nlm.nih.gov/sos12/sra-pub-zq-1216/SRR009/936/SRR9936847.sralite.1	SRX6685552	deltaMohog1(adapted)	WGS	unspecified	GENOMIC	PAIRED	0	0	ILLUMINA	Illumina HiSeq 2500	SRP217878	PRJNA559166		559166	SRS5243339	SAMN12527271	simple	318829	Pyricularia oryzae	deltaMohog1(adapted)_DNA							no					JOHANNES GUTENBERG-UNIVERSITY MAINZ	SRA936534		public	2A6452DE3E961E59BB70000A3F3CBF5F	F35CA4C08198BA4F734264C324CB104B
SRR9936846	2019-08-09 00:32:22	2019-08-08 21:55:29	10429528	2273637104	10429528	218	1195		https://sra-downloadb.be-md.ncbi.nlm.nih.gov/sos12/sra-pub-zq-1216/SRR009/936/SRR9936846.sralite.1	SRX6685553	deltaMohog1	WGS	unspecified	GENOMIC	PAIRED	0	0	ILLUMINA	Illumina HiSeq 2500	SRP217878	PRJNA559166		559166	SRS5243340	SAMN12527270	simple	318829	Pyricularia oryzae	deltaMohog1_DNA							no					JOHANNES GUTENBERG-UNIVERSITY MAINZ	SRA936534		public	78DB58ED45E88ED771C579B541FA1958	6998755D87131BE3DBD29868B1F15639
SRR9936845	2019-08-09 00:32:22	2019-08-08 21:54:53	7180657	2168558414	7180657	302	963		https://sra-downloadb.be-md.ncbi.nlm.nih.gov/sos9/sra-pub-zq-922/SRR009/936/SRR9936845.sralite.1	SRX6685554	deltaMopbs2(adapted)	WGS	unspecified	GENOMIC	PAIRED	0	0	ILLUMINA	Illumina HiSeq 2500	SRP217878	PRJNA559166		559166	SRS5243341	SAMN12527272	simple	318829	Pyricularia oryzae	deltaMopbs2(adapted)_DNA							no					JOHANNES GUTENBERG-UNIVERSITY MAINZ	SRA936534		public	E4E1E2144190AB393EDB3D49E062B74D	168909D234CBBDC6B5166DC51E41B33B
ERR1448270	2016-10-01 18:56:49		0	0	0	0	0			ERX1518748	unspecified	WGS	RANDOM	GENOMIC	PAIRED	400	0	ILLUMINA	Illumina HiSeq 2500	ERP016009	PRJEB14371		345081	ERS1201011	SAMEA4029901	simple	318829	Pyricularia oryzae	SAMEA4029901							no					UNIVERSITY OF EXETER	ERA651125		public		
ERR1448271	2016-10-01 18:56:49		0	0	0	0	0			ERX1518749	unspecified	WGS	RANDOM	GENOMIC	PAIRED	400	0	ILLUMINA	Illumina HiSeq 2500	ERP016009	PRJEB14371		345081	ERS1201012	SAMEA4029902	simple	318829	Pyricularia oryzae	SAMEA4029902							no					UNIVERSITY OF EXETER	ERA651125		public		
ERR1448272	2016-10-01 18:56:49		0	0	0	0	0			ERX1518750	unspecified	WGS	RANDOM	GENOMIC	PAIRED	400	0	ILLUMINA	Illumina HiSeq 2500	ERP016009	PRJEB14371		345081	ERS1201013	SAMEA4029903	simple	318829	Pyricularia oryzae	SAMEA4029903							no					UNIVERSITY OF EXETER	ERA651125		public		
ERR1448273	2016-10-01 18:56:49		0	0	0	0	0			ERX1518751	unspecified	WGS	RANDOM	GENOMIC	PAIRED	400	0	ILLUMINA	Illumina HiSeq 2500	ERP016009	PRJEB14371		345081	ERS1201014	SAMEA4029904	simple	318829	Pyricularia oryzae	SAMEA4029904							no					UNIVERSITY OF EXETER	ERA651125		public		
ERR2653635	2019-02-08 10:37:51	2019-06-12 10:44:01	11763382	2313371132	11763239	196	1434		https://sra-downloadb.be-md.ncbi.nlm.nih.gov/sos9/sra-pub-zq-922/ERR002/653/ERR2653635.sralite.1	ERX2670089	unspecified	WGS	RANDOM	GENOMIC	PAIRED	461	0	ILLUMINA	Illumina HiSeq 2500	ERP109461	PRJEB27387		518845	ERS2571862	SAMEA4751761	simple	318829	Pyricularia oryzae	SAMEA4751761							no					UNIVERSITY OF EXETER	ERA1522597		public	AD642E619D8DCACD1F17B13E6120C987	2AB64520390AA3DD8F2A77D866756847
ERR2653636	2019-02-08 10:37:51	2019-06-12 10:46:42	17123101	3379209321	17121715	197	2043		https://sra-downloadb.be-md.ncbi.nlm.nih.gov/sos9/sra-pub-zq-922/ERR002/653/ERR2653636.sralite.1	ERX2670090	unspecified	WGS	RANDOM	GENOMIC	PAIRED	402	0	ILLUMINA	Illumina HiSeq 2500	ERP109461	PRJEB27387		518845	ERS2571863	SAMEA4751762	simple	318829	Pyricularia oryzae	SAMEA4751762							no					UNIVERSITY OF EXETER	ERA1522597		public	FC860DD0BE1FA66D4D605E3BE276D6CC	1A8D98DCB24446E7947CDCA15E0E60F6
ERR2653637	2019-02-08 10:37:51	2019-06-12 10:38:55	10356747	2036878345	10356150	196	1262		https://sra-downloadb.be-md.ncbi.nlm.nih.gov/sos9/sra-pub-zq-922/ERR002/653/ERR2653637.sralite.1	ERX2670091	unspecified	WGS	RANDOM	GENOMIC	PAIRED	439	0	ILLUMINA	Illumina HiSeq 2500	ERP109461	PRJEB27387		518845	ERS2571864	SAMEA4751763	simple	318829	Pyricularia oryzae	SAMEA4751763							no					UNIVERSITY OF EXETER	ERA1522597		public	9E2D72CC5E2FD72635093E41A37A8D66	33C8FE03A3D4E615848535C5E0EBBA6A
ERR2653638	2019-02-08 10:37:51	2019-06-12 10:47:12	15148880	2986819760	15147694	197	1818		https://sra-downloadb.be-md.ncbi.nlm.nih.gov/sos12/sra-pub-zq-1216/ERR002/653/ERR2653638.sralite.1	ERX2670092	unspecified	WGS	RANDOM	GENOMIC	PAIRED	411	0	ILLUMINA	Illumina HiSeq 2500	ERP109461	PRJEB27387		518845	ERS2571865	SAMEA4751764	simple	318829	Pyricularia oryzae	SAMEA4751764							no					UNIVERSITY OF EXETER	ERA1522597		public	423F1C90E883CF9FB5C1D7B26A578F3F	7F54B5BA1ED87826761E4D9AAF5EFEE7
ERR2653641	2019-02-08 10:37:51	2019-06-12 10:38:55	11645716	2294246878	11645040	197	1409		https://sra-downloadb.be-md.ncbi.nlm.nih.gov/sos9/sra-pub-zq-922/ERR002/653/ERR2653641.sralite.1	ERX2670095	unspecified	WGS	RANDOM	GENOMIC	PAIRED	439	0	ILLUMINA	Illumina HiSeq 2500	ERP109461	PRJEB27387		518845	ERS2571868	SAMEA4751767	simple	318829	Pyricularia oryzae	SAMEA4751767							no					UNIVERSITY OF EXETER	ERA1522597		public	6F49E7C827974FCC6F24A8F70521B245	C34117D6BE623FEE88DF4428A7A745A8
ERR2653642	2019-02-08 10:37:51	2019-06-12 10:44:10	13148654	2590468314	13147809	197	1587		https://sra-downloadb.be-md.ncbi.nlm.nih.gov/sos9/sra-pub-zq-922/ERR002/653/ERR2653642.sralite.1	ERX2670096	unspecified	WGS	RANDOM	GENOMIC	PAIRED	441	0	ILLUMINA	Illumina HiSeq 2500	ERP109461	PRJEB27387		518845	ERS2571869	SAMEA4751768	simple	318829	Pyricularia oryzae	SAMEA4751768							no					UNIVERSITY OF EXETER	ERA1522597		public	A951BF9B432B721009DD1230BA6A0F89	92A8DE96CA571DDB55C1A679DDC9260A
ERR2653643	2019-02-08 10:37:51	2019-06-12 10:51:28	12927959	6741265378	12927959	521	3639		https://sra-downloadb.be-md.ncbi.nlm.nih.gov/sos12/sra-pub-zq-1216/ERR002/653/ERR2653643.sralite.1	ERX2670097	unspecified	WGS	RANDOM	GENOMIC	PAIRED	436	0	ILLUMINA	Illumina MiSeq	ERP109461	PRJEB27387		518845	ERS2571870	SAMEA4751769	simple	318829	Pyricularia oryzae	SAMEA4751769							no					UNIVERSITY OF EXETER	ERA1522597		public	B4E7696B3451D6F91C2C8EFFBD9B57A1	578328B94482495400C038EED87E6454
ERR2653644	2019-02-08 10:37:51	2019-06-12 10:44:57	12498068	2460257770	12497455	196	1513		https://sra-downloadb.be-md.ncbi.nlm.nih.gov/sos12/sra-pub-zq-1216/ERR002/653/ERR2653644.sralite.1	ERX2670098	unspecified	WGS	RANDOM	GENOMIC	PAIRED	447	0	ILLUMINA	Illumina HiSeq 2500	ERP109461	PRJEB27387		518845	ERS2571871	SAMEA4751770	simple	318829	Pyricularia oryzae	SAMEA4751770							no					UNIVERSITY OF EXETER	ERA1522597		public	84A6C71E5BB414105559B64AD0F465A9	BBE175ECA2A5BFE00273CE00FFE31486
ERR2653648	2019-02-08 10:37:51	2019-06-12 10:47:20	23116838	1576690647	23116838	68	1168		https://sra-downloadb.be-md.ncbi.nlm.nih.gov/sos12/sra-pub-zq-1216/ERR002/653/ERR2653648.sralite.1	ERX2670102	unspecified	WGS	RANDOM	GENOMIC	PAIRED	281	0	ILLUMINA	Illumina Genome Analyzer II	ERP109461	PRJEB27387		518845	ERS2571875	SAMEA4751774	simple	318829	Pyricularia oryzae	SAMEA4751774							no					UNIVERSITY OF EXETER	ERA1522597		public	559E0F59DDEFA5F90459DA40CDBB3B7C	64409F68F0EEEA53BB7A34A885590C3D
ERR2653649	2019-02-08 10:37:51	2019-06-12 10:44:53	11976270	2359072401	11975754	196	1446		https://sra-downloadb.be-md.ncbi.nlm.nih.gov/sos9/sra-pub-zq-922/ERR002/653/ERR2653649.sralite.1	ERX2670103	unspecified	WGS	RANDOM	GENOMIC	PAIRED	432	0	ILLUMINA	Illumina HiSeq 2500	ERP109461	PRJEB27387		518845	ERS2571876	SAMEA4751775	simple	318829	Pyricularia oryzae	SAMEA4751775							no					UNIVERSITY OF EXETER	ERA1522597		public	81F36F00B42BD518E23832325B7EE81E	5FCFF6B1514E535C2DA64680F7281B47
ERR2653650	2019-02-08 10:37:51	2019-06-12 10:45:33	13197229	2598725150	13196557	196	1599		https://sra-downloadb.be-md.ncbi.nlm.nih.gov/sos9/sra-pub-zq-922/ERR002/653/ERR2653650.sralite.1	ERX2670104	unspecified	WGS	RANDOM	GENOMIC	PAIRED	445	0	ILLUMINA	Illumina HiSeq 2500	ERP109461	PRJEB27387		518845	ERS2571877	SAMEA4751776	simple	318829	Pyricularia oryzae	SAMEA4751776							no					UNIVERSITY OF EXETER	ERA1522597		public	8DCC863A932CB56E468777F52D81A50B	1CC1A3E0D8B6F465BDCC5F0B18A00B48
ERR2653651	2019-02-08 10:37:51	2019-06-12 10:45:52	14018517	2760465208	14017688	196	1694		https://sra-downloadb.be-md.ncbi.nlm.nih.gov/sos12/sra-pub-zq-1216/ERR002/653/ERR2653651.sralite.1	ERX2670105	unspecified	WGS	RANDOM	GENOMIC	PAIRED	441	0	ILLUMINA	Illumina HiSeq 2500	ERP109461	PRJEB27387		518845	ERS2571878	SAMEA4751777	simple	318829	Pyricularia oryzae	SAMEA4751777							no					UNIVERSITY OF EXETER	ERA1522597		public	1904554786437ED5BB7B535C1F7A2508	BB06E9E4946F584D6E47DE2F68EE5572
ERR2660275	2019-02-08 10:37:52	2019-06-12 10:47:05	12493819	3683798767	12484963	294	2049		https://sra-downloadb.be-md.ncbi.nlm.nih.gov/sos12/sra-pub-zq-1216/ERR002/660/ERR2660275.sralite.1	ERX2676653	unspecified	WGS	RANDOM	GENOMIC	PAIRED	470	0	ILLUMINA	Illumina HiSeq 2500	ERP109496	PRJEB27419		518846	ERS2573604	SAMEA4753505	simple	318829	Pyricularia oryzae	SAMEA4753505							no					UNIVERSITY OF EXETER	ERA1523064		public	F02F02CAC4B545282DFDC66401C6C215	26360842A9038531196F0A78F9DFAA11
ERR2660589	2019-02-08 10:37:52	2019-06-12 10:48:53	23080159	5701510006	23076296	247	2780		https://sra-downloadb.be-md.ncbi.nlm.nih.gov/sos12/sra-pub-zq-1216/ERR002/660/ERR2660589.sralite.1	ERX2676967	unspecified	WGS	RANDOM	GENOMIC	PAIRED	395	0	ILLUMINA	Illumina HiSeq 2500	ERP109508	PRJEB27430		518847	ERS2573833	SAMEA4753734	simple	318829	Pyricularia oryzae	SAMEA4753734							no					UNIVERSITY OF EXETER	ERA1523083		public	853C853516A5A94FB475FE94E71ED5E5	893C2E89B4AAED63440FEAEE3E71CF10
ERR2660590	2019-02-08 10:37:52	2019-06-12 10:38:25	9228235	2299631479	9226215	249	1024		https://sra-downloadb.be-md.ncbi.nlm.nih.gov/sos9/sra-pub-zq-922/ERR002/660/ERR2660590.sralite.1	ERX2676968	unspecified	WGS	RANDOM	GENOMIC	PAIRED	329	0	ILLUMINA	Illumina HiSeq 2500	ERP109508	PRJEB27430		518847	ERS2573834	SAMEA4753735	simple	318829	Pyricularia oryzae	SAMEA4753735							no					UNIVERSITY OF EXETER	ERA1523083		public	AC913699AC9806E74E3B64083A9136AF	5714CF406B072DF74A53C6EF28D0604F
ERR2660591	2019-02-08 10:37:52	2019-06-12 10:51:38	27814822	6875849889	27809737	247	3439		https://sra-downloadb.be-md.ncbi.nlm.nih.gov/sos9/sra-pub-zq-922/ERR002/660/ERR2660591.sralite.1	ERX2676969	unspecified	WGS	RANDOM	GENOMIC	PAIRED	393	0	ILLUMINA	Illumina HiSeq 2500	ERP109508	PRJEB27430		518847	ERS2573835	SAMEA4753736	simple	318829	Pyricularia oryzae	SAMEA4753736							no					UNIVERSITY OF EXETER	ERA1523083		public	C9914DB16890C0A761E96702C1622E02	3AF755A1AEFE89775380B7DCEB7C4F5D
ERR2660592	2019-02-08 10:37:52	2019-06-12 10:49:33	24195096	5971000592	24192349	246	2928		https://sra-downloadb.be-md.ncbi.nlm.nih.gov/sos9/sra-pub-zq-922/ERR002/660/ERR2660592.sralite.1	ERX2676970	unspecified	WGS	RANDOM	GENOMIC	PAIRED	405	0	ILLUMINA	Illumina HiSeq 2500	ERP109508	PRJEB27430		518847	ERS2573836	SAMEA4753737	simple	318829	Pyricularia oryzae	SAMEA4753737							no					UNIVERSITY OF EXETER	ERA1523083		public	2C454E88777C84329F473966A5478A2D	56D8C8D6A16AB0FC2E9FEE1F10775F51
ERR2660276	2019-02-08 10:37:52	2019-06-12 10:47:29	14408995	4250893118	14397006	295	2355		https://sra-downloadb.be-md.ncbi.nlm.nih.gov/sos9/sra-pub-zq-922/ERR002/660/ERR2660276.sralite.1	ERX2676654	unspecified	WGS	RANDOM	GENOMIC	PAIRED	465	0	ILLUMINA	Illumina HiSeq 2500	ERP109496	PRJEB27419		518846	ERS2573605	SAMEA4753506	simple	318829	Pyricularia oryzae	SAMEA4753506							no					UNIVERSITY OF EXETER	ERA1523064		public	348C80C2D0F4BCE68C0461B053C5D85C	39B650144A392EAB5E0427157BF037C6
ERR2660277	2019-02-08 10:37:52	2019-06-12 10:47:06	13420003	3952884355	13404501	294	2215		https://sra-downloadb.be-md.ncbi.nlm.nih.gov/sos9/sra-pub-zq-922/ERR002/660/ERR2660277.sralite.1	ERX2676655	unspecified	WGS	RANDOM	GENOMIC	PAIRED	491	0	ILLUMINA	Illumina HiSeq 2500	ERP109496	PRJEB27419		518846	ERS2573606	SAMEA4753507	simple	318829	Pyricularia oryzae	SAMEA4753507							no					UNIVERSITY OF EXETER	ERA1523064		public	79D153123A25E1F5DEF0A0224C33AEF6	4D3F3007222F380B10A310D1BC4964BC
ERR2660278	2019-02-08 10:37:52	2019-06-12 10:46:32	11735899	3456371679	11726248	294	1962		https://sra-downloadb.be-md.ncbi.nlm.nih.gov/sos12/sra-pub-zq-1216/ERR002/660/ERR2660278.sralite.1	ERX2676656	unspecified	WGS	RANDOM	GENOMIC	PAIRED	471	0	ILLUMINA	Illumina HiSeq 2500	ERP109496	PRJEB27419		518846	ERS2573607	SAMEA4753508	simple	318829	Pyricularia oryzae	SAMEA4753508							no					UNIVERSITY OF EXETER	ERA1523064		public	55360C512123F05594FA74A171241E42	11AC6271BDB08E78FEA58AC136552137
ERR2660279	2019-02-08 10:37:52	2019-06-12 10:38:44	8118548	2390959647	8113268	294	1357		https://sra-downloadb.be-md.ncbi.nlm.nih.gov/sos9/sra-pub-zq-922/ERR002/660/ERR2660279.sralite.1	ERX2676657	unspecified	WGS	RANDOM	GENOMIC	PAIRED	486	0	ILLUMINA	Illumina HiSeq 2500	ERP109496	PRJEB27419		518846	ERS2573608	SAMEA4753509	simple	318829	Pyricularia oryzae	SAMEA4753509							no					UNIVERSITY OF EXETER	ERA1523064		public	872D93ED34CFDAFE138725967291DBC5	37B60E07854A992070CF2ED3CCAE9D00
ERR2660280	2019-02-08 10:37:52	2019-06-12 10:46:25	13874425	4091490081	13862287	294	2275		https://sra-downloadb.be-md.ncbi.nlm.nih.gov/sos9/sra-pub-zq-922/ERR002/660/ERR2660280.sralite.1	ERX2676658	unspecified	WGS	RANDOM	GENOMIC	PAIRED	467	0	ILLUMINA	Illumina HiSeq 2500	ERP109496	PRJEB27419		518846	ERS2573609	SAMEA4753510	simple	318829	Pyricularia oryzae	SAMEA4753510							no					UNIVERSITY OF EXETER	ERA1523064		public	645571D8E68BD1889109290A3DB1CA68	A933F825CB88D2B1AC2967E7E341DD4C
ERR2660281	2019-02-08 10:37:52	2019-06-12 10:47:38	14236317	4194513422	14226349	294	2358		https://sra-downloadb.be-md.ncbi.nlm.nih.gov/sos12/sra-pub-zq-1216/ERR002/660/ERR2660281.sralite.1	ERX2676659	unspecified	WGS	RANDOM	GENOMIC	PAIRED	483	0	ILLUMINA	Illumina HiSeq 2500	ERP109496	PRJEB27419		518846	ERS2573610	SAMEA4753511	simple	318829	Pyricularia oryzae	SAMEA4753511							no					UNIVERSITY OF EXETER	ERA1523064		public	FE3AE41478C739B96E267F8C2033C952	2BB54137A46F580521A81AFA8217D855
ERR2660282	2019-02-08 10:37:52	2019-06-12 10:46:14	13587899	2698222455	13587208	198	1735		https://sra-downloadb.be-md.ncbi.nlm.nih.gov/sos12/sra-pub-zq-1216/ERR002/660/ERR2660282.sralite.1	ERX2676660	unspecified	WGS	RANDOM	GENOMIC	PAIRED	428	0	ILLUMINA	Illumina HiSeq 2500	ERP109496	PRJEB27419		518846	ERS2573611	SAMEA4753512	simple	318829	Pyricularia oryzae	SAMEA4753512							no					UNIVERSITY OF EXETER	ERA1523064		public	11157D4198579170722C983F8FE4CFD2	93BFD99A2E573F487A564FD5005BD3E8
ERR2660283	2019-02-08 10:37:52	2019-06-12 10:44:12	10204749	2024537438	10204586	198	1344		https://sra-downloadb.be-md.ncbi.nlm.nih.gov/sos9/sra-pub-zq-922/ERR002/660/ERR2660283.sralite.1	ERX2676661	unspecified	WGS	RANDOM	GENOMIC	PAIRED	459	0	ILLUMINA	Illumina HiSeq 2500	ERP109496	PRJEB27419		518846	ERS2573612	SAMEA4753513	simple	318829	Pyricularia oryzae	SAMEA4753513							no					UNIVERSITY OF EXETER	ERA1523064		public	3B473BCEE52731FEA3A355DA22031961	8BCBBE7EE29CF8F57FAD4D6D634E6B06
ERR2660284	2019-02-08 10:37:52	2019-06-12 10:46:34	13276705	2635452293	13276366	198	1716		https://sra-downloadb.be-md.ncbi.nlm.nih.gov/sos12/sra-pub-zq-1216/ERR002/660/ERR2660284.sralite.1	ERX2676662	unspecified	WGS	RANDOM	GENOMIC	PAIRED	443	0	ILLUMINA	Illumina HiSeq 2500	ERP109496	PRJEB27419		518846	ERS2573613	SAMEA4753514	simple	318829	Pyricularia oryzae	SAMEA4753514							no					UNIVERSITY OF EXETER	ERA1523064		public	B2568A38738080D4A11B05843485431A	1D23DAE06D5CA199C93695531A993E03
ERR2660285	2019-02-08 10:37:52	2019-06-12 10:45:45	12005180	2379801209	12004910	198	1573		https://sra-downloadb.be-md.ncbi.nlm.nih.gov/sos12/sra-pub-zq-1216/ERR002/660/ERR2660285.sralite.1	ERX2676663	unspecified	WGS	RANDOM	GENOMIC	PAIRED	452	0	ILLUMINA	Illumina HiSeq 2500	ERP109496	PRJEB27419		518846	ERS2573614	SAMEA4753515	simple	318829	Pyricularia oryzae	SAMEA4753515							no					UNIVERSITY OF EXETER	ERA1523064		public	0E29276C4FF6FC0A4D3F517E2FBD9780	50EA9F955220CED96A804BD9F0BF9384
ERR2660286	2019-02-08 10:37:52	2019-06-12 10:43:48	10706930	2125118693	10706728	198	1397		https://sra-downloadb.be-md.ncbi.nlm.nih.gov/sos9/sra-pub-zq-922/ERR002/660/ERR2660286.sralite.1	ERX2676664	unspecified	WGS	RANDOM	GENOMIC	PAIRED	466	0	ILLUMINA	Illumina HiSeq 2500	ERP109496	PRJEB27419		518846	ERS2573615	SAMEA4753516	simple	318829	Pyricularia oryzae	SAMEA4753516							no					UNIVERSITY OF EXETER	ERA1523064		public	8F7F6EAF7682A500DFD4F43D6C9BDC69	22DFD34D6D8756D0690B2B16FEEC196F
ERR2660287	2019-02-08 10:37:52	2019-06-12 10:45:21	10701674	2122132100	10701479	198	1409		https://sra-downloadb.be-md.ncbi.nlm.nih.gov/sos12/sra-pub-zq-1216/ERR002/660/ERR2660287.sralite.1	ERX2676665	unspecified	WGS	RANDOM	GENOMIC	PAIRED	458	0	ILLUMINA	Illumina HiSeq 2500	ERP109496	PRJEB27419		518846	ERS2573616	SAMEA4753517	simple	318829	Pyricularia oryzae	SAMEA4753517							no					UNIVERSITY OF EXETER	ERA1523064		public	497ECC53B50CDCAFE4E7240A5BE727E9	99F1D51F291C195987C47C182CB975E2
ERR2660288	2019-02-08 10:37:52	2019-06-12 10:46:09	13423610	2664431358	13423256	198	1756		https://sra-downloadb.be-md.ncbi.nlm.nih.gov/sos9/sra-pub-zq-922/ERR002/660/ERR2660288.sralite.1	ERX2676666	unspecified	WGS	RANDOM	GENOMIC	PAIRED	459	0	ILLUMINA	Illumina HiSeq 2500	ERP109496	PRJEB27419		518846	ERS2573617	SAMEA4753518	simple	318829	Pyricularia oryzae	SAMEA4753518							no					UNIVERSITY OF EXETER	ERA1523064		public	7EADC0F0583513B6A03CB9600FDDEB58	8447F08E6F57FFE03CB609B6532992F5
ERR2660289	2019-02-08 10:37:52	2019-06-12 10:38:08	6667609	1320713149	6667171	198	857		https://sra-downloadb.be-md.ncbi.nlm.nih.gov/sos12/sra-pub-zq-1216/ERR002/660/ERR2660289.sralite.1	ERX2676667	unspecified	WGS	RANDOM	GENOMIC	PAIRED	408	0	ILLUMINA	Illumina HiSeq 2500	ERP109496	PRJEB27419		518846	ERS2573618	SAMEA4753519	simple	318829	Pyricularia oryzae	SAMEA4753519							no					UNIVERSITY OF EXETER	ERA1523064		public	5BDA3D68D47239643F1BE0C4B23BB79C	F3A48148C2AD732DAF6782F7572D215B
ERR2660290	2019-02-08 10:37:52	2019-06-12 10:39:00	9220126	1830217032	9219860	198	1195		https://sra-downloadb.be-md.ncbi.nlm.nih.gov/sos9/sra-pub-zq-922/ERR002/660/ERR2660290.sralite.1	ERX2676668	unspecified	WGS	RANDOM	GENOMIC	PAIRED	456	0	ILLUMINA	Illumina HiSeq 2500	ERP109496	PRJEB27419		518846	ERS2573619	SAMEA4753520	simple	318829	Pyricularia oryzae	SAMEA4753520							no					UNIVERSITY OF EXETER	ERA1523064		public	FA58E44D1BF8CE7CD4E9C10900156130	669D540B058F36ABE60972734E8162EF
ERR2660291	2019-02-08 10:37:52	2019-06-12 10:45:13	11955373	2371696935	11955037	198	1556		https://sra-downloadb.be-md.ncbi.nlm.nih.gov/sos9/sra-pub-zq-922/ERR002/660/ERR2660291.sralite.1	ERX2676669	unspecified	WGS	RANDOM	GENOMIC	PAIRED	441	0	ILLUMINA	Illumina HiSeq 2500	ERP109496	PRJEB27419		518846	ERS2573620	SAMEA4753521	simple	318829	Pyricularia oryzae	SAMEA4753521							no					UNIVERSITY OF EXETER	ERA1523064		public	C6B0394045C263ED464753440A37B078	2380E51961A0FD8B04C32B15FAFAB6A7
ERR2660292	2019-02-08 10:37:52	2019-06-12 10:46:09	11171859	2217163415	11171456	198	1446		https://sra-downloadb.be-md.ncbi.nlm.nih.gov/sos9/sra-pub-zq-922/ERR002/660/ERR2660292.sralite.1	ERX2676670	unspecified	WGS	RANDOM	GENOMIC	PAIRED	443	0	ILLUMINA	Illumina HiSeq 2500	ERP109496	PRJEB27419		518846	ERS2573621	SAMEA4753522	simple	318829	Pyricularia oryzae	SAMEA4753522							no					UNIVERSITY OF EXETER	ERA1523064		public	8C95D20BD98619B35B98A69F1723D227	8C336FCDC87F2AD4AB98CE4C302D3526
ERR2660293	2019-02-08 10:37:52	2019-06-12 10:38:49	9271586	1840147315	9271362	198	1178		https://sra-downloadb.be-md.ncbi.nlm.nih.gov/sos12/sra-pub-zq-1216/ERR002/660/ERR2660293.sralite.1	ERX2676671	unspecified	WGS	RANDOM	GENOMIC	PAIRED	397	0	ILLUMINA	Illumina HiSeq 2500	ERP109496	PRJEB27419		518846	ERS2573622	SAMEA4753523	simple	318829	Pyricularia oryzae	SAMEA4753523							no					UNIVERSITY OF EXETER	ERA1523064		public	2F2767C81A967D6D8185FCEB60D05D9A	2077D22B7DD221B415E24DC31074BE58
ERR2660294	2019-02-08 10:37:52	2019-06-12 10:44:59	10676328	2118718039	10676105	198	1399		https://sra-downloadb.be-md.ncbi.nlm.nih.gov/sos9/sra-pub-zq-922/ERR002/660/ERR2660294.sralite.1	ERX2676672	unspecified	WGS	RANDOM	GENOMIC	PAIRED	468	0	ILLUMINA	Illumina HiSeq 2500	ERP109496	PRJEB27419		518846	ERS2573623	SAMEA4753524	simple	318829	Pyricularia oryzae	SAMEA4753524							no					UNIVERSITY OF EXETER	ERA1523064		public	2B187C50E2F5D98308DB3BF8B1C17439	9C6BB3DE354746DDFADC8AD93723CA9A
ERR2660295	2019-02-08 10:37:52	2019-06-12 10:38:56	10643958	2112393346	10643618	198	1358		https://sra-downloadb.be-md.ncbi.nlm.nih.gov/sos9/sra-pub-zq-922/ERR002/660/ERR2660295.sralite.1	ERX2676673	unspecified	WGS	RANDOM	GENOMIC	PAIRED	413	0	ILLUMINA	Illumina HiSeq 2500	ERP109496	PRJEB27419		518846	ERS2573624	SAMEA4753525	simple	318829	Pyricularia oryzae	SAMEA4753525							no					UNIVERSITY OF EXETER	ERA1523064		public	2FC30484251141DFA98F8BC013C3954D	EAF9110725FA33EC584D352CDDE66985
ERR2660296	2019-02-08 10:37:52	2019-06-12 10:47:06	14515467	2875887321	14515147	198	1908		https://sra-downloadb.be-md.ncbi.nlm.nih.gov/sos12/sra-pub-zq-1216/ERR002/660/ERR2660296.sralite.1	ERX2676674	unspecified	WGS	RANDOM	GENOMIC	PAIRED	448	0	ILLUMINA	Illumina HiSeq 2500	ERP109496	PRJEB27419		518846	ERS2573625	SAMEA4753526	simple	318829	Pyricularia oryzae	SAMEA4753526							no					UNIVERSITY OF EXETER	ERA1523064		public	5F426564D630D8D936C117172D4AD917	3A10DD97B4BBE4F435C1B82825339B7E
ERR2660297	2019-02-08 10:37:52	2019-06-12 10:48:48	18722103	3713256393	18721576	198	2473		https://sra-downloadb.be-md.ncbi.nlm.nih.gov/sos9/sra-pub-zq-922/ERR002/660/ERR2660297.sralite.1	ERX2676675	unspecified	WGS	RANDOM	GENOMIC	PAIRED	469	0	ILLUMINA	Illumina HiSeq 2500	ERP109496	PRJEB27419		518846	ERS2573626	SAMEA4753527	simple	318829	Pyricularia oryzae	SAMEA4753527							no					UNIVERSITY OF EXETER	ERA1523064		public	27A2C9601F8559FCC7E0EBE6CEB83D70	E7374318C518B6B685613229DD6638B5
ERR2660298	2019-02-08 10:37:52	2019-06-12 10:53:33	31653737	7861024774	31648283	248	3942		https://sra-downloadb.be-md.ncbi.nlm.nih.gov/sos9/sra-pub-zq-922/ERR002/660/ERR2660298.sralite.1	ERX2676676	unspecified	WGS	RANDOM	GENOMIC	PAIRED	437	0	ILLUMINA	Illumina HiSeq 2500	ERP109496	PRJEB27419		518846	ERS2573627	SAMEA4753528	simple	318829	Pyricularia oryzae	SAMEA4753528							no					UNIVERSITY OF EXETER	ERA1523064		public	83AC07E15A7000ABADFB0D3E6782CB7C	22C3CD7C9756A17FA293088F15785CCF
ERR2660299	2019-02-08 10:37:52	2019-06-12 10:47:16	14676734	3618517286	14530298	246	1787		https://sra-downloadb.be-md.ncbi.nlm.nih.gov/sos12/sra-pub-zq-1216/ERR002/660/ERR2660299.sralite.1	ERX2676677	unspecified	WGS	RANDOM	GENOMIC	PAIRED	418	0	ILLUMINA	Illumina HiSeq 2500	ERP109496	PRJEB27419		518846	ERS2573628	SAMEA4753529	simple	318829	Pyricularia oryzae	SAMEA4753529							no					UNIVERSITY OF EXETER	ERA1523064		public	1F24311731B47EBB2A541F6BB57453CA	A878ADA47B41C10D8C303171D4A49AC3
ERR2660300	2019-02-08 10:37:52	2019-06-12 10:53:59	37003606	9205668899	36999052	248	4539		https://sra-downloadb.be-md.ncbi.nlm.nih.gov/sos12/sra-pub-zq-1216/ERR002/660/ERR2660300.sralite.1	ERX2676678	unspecified	WGS	RANDOM	GENOMIC	PAIRED	427	0	ILLUMINA	Illumina HiSeq 2500	ERP109496	PRJEB27419		518846	ERS2573629	SAMEA4753530	simple	318829	Pyricularia oryzae	SAMEA4753530							no					UNIVERSITY OF EXETER	ERA1523064		public	290920E2DAFCCDA3978E759440EA6D68	2333C2C4E0E7F01773DFBCEEDDFC1F6D
ERR2660301	2019-02-08 10:37:52	2019-06-12 10:53:27	36033252	8943083203	36026656	248	4230		https://sra-downloadb.be-md.ncbi.nlm.nih.gov/sos12/sra-pub-zq-1216/ERR002/660/ERR2660301.sralite.1	ERX2676679	unspecified	WGS	RANDOM	GENOMIC	PAIRED	319	0	ILLUMINA	Illumina HiSeq 2500	ERP109496	PRJEB27419		518846	ERS2573630	SAMEA4753531	simple	318829	Pyricularia oryzae	SAMEA4753531							no					UNIVERSITY OF EXETER	ERA1523064		public	A2194C0A6F23D60F2EF2BC4FA28CF803	431931EFA1DEF13D25C3D6A624DA681C
ERR2660302	2019-02-08 10:37:52	2019-06-12 10:51:16	22652695	5580724440	22648095	246	2808		https://sra-downloadb.be-md.ncbi.nlm.nih.gov/sos12/sra-pub-zq-1216/ERR002/660/ERR2660302.sralite.1	ERX2676680	unspecified	WGS	RANDOM	GENOMIC	PAIRED	435	0	ILLUMINA	Illumina HiSeq 2500	ERP109496	PRJEB27419		518846	ERS2573631	SAMEA4753532	simple	318829	Pyricularia oryzae	SAMEA4753532							no					UNIVERSITY OF EXETER	ERA1523064		public	72E46B65121D49606115C36761711A87	ED76ECF9757151C22C46E56C9D5C72B0
ERR2662958	2019-02-08 10:40:20	2019-06-12 10:51:20	28407294	6932676175	28318043	244	3306		https://sra-downloadb.be-md.ncbi.nlm.nih.gov/sos9/sra-pub-zq-922/ERR002/662/ERR2662958.sralite.1	ERX2678919	unspecified	WGS	RANDOM	GENOMIC	PAIRED	329	0	ILLUMINA	Illumina HiSeq 2500	ERP109508	PRJEB27430		518847	ERS2575703	SAMEA4755607	simple	318829	Pyricularia oryzae	SAMEA4755607							no					UNIVERSITY OF EXETER	ERA1523361		public	AC7D513CC8F45DE6FD93D86515B0FFBE	0EF41A4795159FDF230B4795F9223D8A
ERR2662959	2019-02-08 10:40:20	2019-06-12 10:51:29	24992458	6180044421	24986824	247	3036		https://sra-downloadb.be-md.ncbi.nlm.nih.gov/sos9/sra-pub-zq-922/ERR002/662/ERR2662959.sralite.1	ERX2678920	unspecified	WGS	RANDOM	GENOMIC	PAIRED	381	0	ILLUMINA	Illumina HiSeq 2500	ERP109508	PRJEB27430		518847	ERS2575704	SAMEA4755608	simple	318829	Pyricularia oryzae	SAMEA4755608							no					UNIVERSITY OF EXETER	ERA1523361		public	4C4FD201BC10DCBFDB176D747413C2DD	1FABF05477EDE3E7742A06041C6B27B5
ERR1976658	2018-12-02 14:14:53	2018-12-03 14:53:19	40371451	12192178202	40371451	302	5654		https://sra-downloadb.be-md.ncbi.nlm.nih.gov/sos12/sra-pub-zq-1216/ERR001/976/ERR1976658.sralite.1	ERX2037879	unspecified	WGS	RANDOM	GENOMIC	PAIRED	430	0	ILLUMINA	Illumina HiSeq 4000	ERP023034	PRJEB20844		508012	ERS1735868	SAMEA104071975	simple	318829	Pyricularia oryzae	SAMEA104071975							no					KING ABDULLAH UNIVERSITY OF SCIENCE AND TECHNOLOGY	ERA925056		public	3C93ADC3F1B61DDD6C590B3081FC5B2C	3FC0F0DE6C73EE83D311EA00C5194E06
ERR1976659	2018-12-02 14:14:53	2018-12-03 14:50:39	29636584	8950248368	29636584	302	4061		https://sra-downloadb.be-md.ncbi.nlm.nih.gov/sos9/sra-pub-zq-922/ERR001/976/ERR1976659.sralite.1	ERX2037880	unspecified	WGS	RANDOM	GENOMIC	PAIRED	430	0	ILLUMINA	Illumina HiSeq 4000	ERP023034	PRJEB20844		508012	ERS1735869	SAMEA104071976	simple	318829	Pyricularia oryzae	SAMEA104071976							no					KING ABDULLAH UNIVERSITY OF SCIENCE AND TECHNOLOGY	ERA925056		public	960A4A53881B46570D1B759099D52550	4AC71AF5A1A968819C2D5737665024FE
ERR1976660	2018-12-02 14:14:53	2018-12-03 14:54:55	35063517	10589182134	35063517	302	4833		https://sra-downloadb.be-md.ncbi.nlm.nih.gov/sos9/sra-pub-zq-922/ERR001/976/ERR1976660.sralite.1	ERX2037881	unspecified	WGS	RANDOM	GENOMIC	PAIRED	430	0	ILLUMINA	Illumina HiSeq 4000	ERP023034	PRJEB20844		508012	ERS1735870	SAMEA104071977	simple	318829	Pyricularia oryzae	SAMEA104071977							no					KING ABDULLAH UNIVERSITY OF SCIENCE AND TECHNOLOGY	ERA925056		public	FBBD70165E9E51B2E3F03D06E8F0DFA4	A51887CF8952DC55B9867AE73D1BD70B
ERR1976661	2018-12-02 14:14:53	2018-12-03 15:24:27	57662410	17414047820	57662410	302	7783		https://sra-downloadb.be-md.ncbi.nlm.nih.gov/sos9/sra-pub-zq-922/ERR001/976/ERR1976661.sralite.1	ERX2037882	unspecified	WGS	RANDOM	GENOMIC	PAIRED	430	0	ILLUMINA	Illumina HiSeq 4000	ERP023034	PRJEB20844		508012	ERS1735871	SAMEA104071978	simple	318829	Pyricularia oryzae	SAMEA104071978							no					KING ABDULLAH UNIVERSITY OF SCIENCE AND TECHNOLOGY	ERA925056		public	78568BCEA6F52FD7C9F9287C9DC3EE80	601195EF4284935F26DE98E06A8930B5
ERR1976662	2018-12-02 14:14:53	2018-12-03 15:11:20	36720047	11089454194	36720047	302	4960		https://sra-downloadb.be-md.ncbi.nlm.nih.gov/sos9/sra-pub-zq-922/ERR001/976/ERR1976662.sralite.1	ERX2037883	unspecified	WGS	RANDOM	GENOMIC	PAIRED	430	0	ILLUMINA	Illumina HiSeq 4000	ERP023034	PRJEB20844		508012	ERS1735872	SAMEA104071979	simple	318829	Pyricularia oryzae	SAMEA104071979							no					KING ABDULLAH UNIVERSITY OF SCIENCE AND TECHNOLOGY	ERA925056		public	3326991562581D4768A89274DB68171F	25D26C2A4E83F655BA932E7384E58C44
ERR1976663	2018-12-02 14:14:53	2018-12-03 15:18:01	54622272	16495926144	54622272	302	7374		https://sra-downloadb.be-md.ncbi.nlm.nih.gov/sos9/sra-pub-zq-922/ERR001/976/ERR1976663.sralite.1	ERX2037884	unspecified	WGS	RANDOM	GENOMIC	PAIRED	430	0	ILLUMINA	Illumina HiSeq 4000	ERP023034	PRJEB20844		508012	ERS1735873	SAMEA104071980	simple	318829	Pyricularia oryzae	SAMEA104071980							no					KING ABDULLAH UNIVERSITY OF SCIENCE AND TECHNOLOGY	ERA925056		public	9B463A7CF174C2A921BFF3F55023497C	45BC4F25A4641E0EAA8CF44D4975C84C
ERR1976664	2018-12-02 14:14:53	2018-12-03 15:24:08	20755073	6268032046	20755073	302	2846		https://sra-downloadb.be-md.ncbi.nlm.nih.gov/sos9/sra-pub-zq-922/ERR001/976/ERR1976664.sralite.1	ERX2037885	unspecified	WGS	RANDOM	GENOMIC	PAIRED	430	0	ILLUMINA	Illumina HiSeq 4000	ERP023034	PRJEB20844		508012	ERS1735874	SAMEA104071981	simple	318829	Pyricularia oryzae	SAMEA104071981							no					KING ABDULLAH UNIVERSITY OF SCIENCE AND TECHNOLOGY	ERA925056		public	95A09C05ED820FE3575526F487B01607	0047CA4BFC11E3681CB4054DC34EF906
ERR1976665	2018-12-02 14:14:53	2018-12-03 15:29:38	37577129	11348292958	37577129	302	5262		https://sra-downloadb.be-md.ncbi.nlm.nih.gov/sos12/sra-pub-zq-1216/ERR001/976/ERR1976665.sralite.1	ERX2037886	unspecified	WGS	RANDOM	GENOMIC	PAIRED	430	0	ILLUMINA	Illumina HiSeq 4000	ERP023034	PRJEB20844		508012	ERS1735875	SAMEA104071982	simple	318829	Pyricularia oryzae	SAMEA104071982							no					KING ABDULLAH UNIVERSITY OF SCIENCE AND TECHNOLOGY	ERA925056		public	67F357F77869EFA0089DE078D299EEE8	7D25D2CE8C494F2976CDE73B733E6013
ERR1976666	2018-12-02 14:14:53	2018-12-03 15:41:37	37990162	11473028924	37990162	302	5016		https://sra-downloadb.be-md.ncbi.nlm.nih.gov/sos12/sra-pub-zq-1216/ERR001/976/ERR1976666.sralite.1	ERX2037887	unspecified	WGS	RANDOM	GENOMIC	PAIRED	430	0	ILLUMINA	Illumina HiSeq 4000	ERP023034	PRJEB20844		508012	ERS1735868	SAMEA104071975	simple	318829	Pyricularia oryzae	SAMEA104071975							no					KING ABDULLAH UNIVERSITY OF SCIENCE AND TECHNOLOGY	ERA925056		public	3BACCABC860735208C500BB172CCC243	B7F3B04BA0029FAF6390A0ACA13CCD5F
ERR1976667	2018-12-02 14:14:53	2018-12-03 15:45:55	28682430	8662093860	28682430	302	3730		https://sra-downloadb.be-md.ncbi.nlm.nih.gov/sos9/sra-pub-zq-922/ERR001/976/ERR1976667.sralite.1	ERX2037888	unspecified	WGS	RANDOM	GENOMIC	PAIRED	430	0	ILLUMINA	Illumina HiSeq 4000	ERP023034	PRJEB20844		508012	ERS1735869	SAMEA104071976	simple	318829	Pyricularia oryzae	SAMEA104071976							no					KING ABDULLAH UNIVERSITY OF SCIENCE AND TECHNOLOGY	ERA925056		public	314AF9E8B787B08839B70802D42F7D1F	F8A2DB5D7ABCF514CF1C9CDE690BA041
ERR1976668	2018-12-02 14:14:53	2018-12-03 16:05:06	34934243	10550141386	34934243	302	4640		https://sra-downloadb.be-md.ncbi.nlm.nih.gov/sos9/sra-pub-zq-922/ERR001/976/ERR1976668.sralite.1	ERX2037889	unspecified	WGS	RANDOM	GENOMIC	PAIRED	430	0	ILLUMINA	Illumina HiSeq 4000	ERP023034	PRJEB20844		508012	ERS1735870	SAMEA104071977	simple	318829	Pyricularia oryzae	SAMEA104071977							no					KING ABDULLAH UNIVERSITY OF SCIENCE AND TECHNOLOGY	ERA925056		public	09F7D69D563825FC125A71F574919398	FD48E90D54D0881F5ACDD992692F1854
ERR1976669	2018-12-02 14:14:53	2018-12-03 15:55:54	54019865	16313999230	54019865	302	6713		https://sra-downloadb.be-md.ncbi.nlm.nih.gov/sos9/sra-pub-zq-922/ERR001/976/ERR1976669.sralite.1	ERX2037890	unspecified	WGS	RANDOM	GENOMIC	PAIRED	430	0	ILLUMINA	Illumina HiSeq 4000	ERP023034	PRJEB20844		508012	ERS1735871	SAMEA104071978	simple	318829	Pyricularia oryzae	SAMEA104071978							no					KING ABDULLAH UNIVERSITY OF SCIENCE AND TECHNOLOGY	ERA925056		public	E4B5C9F8DBDDBDA51E03E244C1CE8590	02A5441446C19964880867A24E8398A8
ERR1976670	2018-12-02 14:14:53	2018-12-03 16:05:47	33367104	10076865408	33367104	302	4128		https://sra-downloadb.be-md.ncbi.nlm.nih.gov/sos9/sra-pub-zq-922/ERR001/976/ERR1976670.sralite.1	ERX2037891	unspecified	WGS	RANDOM	GENOMIC	PAIRED	430	0	ILLUMINA	Illumina HiSeq 4000	ERP023034	PRJEB20844		508012	ERS1735872	SAMEA104071979	simple	318829	Pyricularia oryzae	SAMEA104071979							no					KING ABDULLAH UNIVERSITY OF SCIENCE AND TECHNOLOGY	ERA925056		public	D9F769EE201B39200A3C99A0AF50434E	AE08E53695EB970D9A55B06159264DBD
ERR1976671	2018-12-02 14:14:53	2018-12-03 16:30:32	51449689	15537806078	51449689	302	6551		https://sra-downloadb.be-md.ncbi.nlm.nih.gov/sos9/sra-pub-zq-922/ERR001/976/ERR1976671.sralite.1	ERX2037892	unspecified	WGS	RANDOM	GENOMIC	PAIRED	430	0	ILLUMINA	Illumina HiSeq 4000	ERP023034	PRJEB20844		508012	ERS1735873	SAMEA104071980	simple	318829	Pyricularia oryzae	SAMEA104071980							no					KING ABDULLAH UNIVERSITY OF SCIENCE AND TECHNOLOGY	ERA925056		public	F7D42F51B455D9E4E8B889482F632E12	DFF80759AD215E3A0B4FE3242578C467
ERR1976672	2018-12-02 14:14:53	2018-12-03 16:10:41	19728574	5958029348	19728574	302	2579		https://sra-downloadb.be-md.ncbi.nlm.nih.gov/sos12/sra-pub-zq-1216/ERR001/976/ERR1976672.sralite.1	ERX2037893	unspecified	WGS	RANDOM	GENOMIC	PAIRED	430	0	ILLUMINA	Illumina HiSeq 4000	ERP023034	PRJEB20844		508012	ERS1735874	SAMEA104071981	simple	318829	Pyricularia oryzae	SAMEA104071981							no					KING ABDULLAH UNIVERSITY OF SCIENCE AND TECHNOLOGY	ERA925056		public	97C9AB189A3B5A29076C0370B952D31E	F1F3F361C7F92E88AF944849D29EBE87
SRR7503877	2019-01-02 16:38:11	2018-07-12 06:13:03	8810941	2643282300	8810941	300	990		https://sra-downloadb.be-md.ncbi.nlm.nih.gov/sos12/sra-pub-zq-1211/SRR007/503/SRR7503877/SRR7503877.sralite.1	SRX4373238	Mo10100	WGS	RANDOM	GENOMIC	PAIRED	0	0	ILLUMINA	Illumina HiSeq 2500	SRP152923	PRJNA438312	3	438312	SRS3530897	SAMN08712647	simple	318829	Pyricularia oryzae	CJ10100							no					KASETSART UNIVERSITY	SRA736743		public	E48FA60204E40AD51C7E8B88B021DCFC	A88EAC990F044DA0FA65A3F22C869AA2
ERR2662946	2018-08-17 08:13:37		0	0	0	0	0			ERX2678907	unspecified	WGS	RANDOM	GENOMIC	PAIRED	516	0	ILLUMINA	Illumina HiSeq 2500	ERP109527	PRJEB27449		486486	ERS2575691	SAMEA4755595	simple	318829	Pyricularia oryzae	SAMEA4755595							no					UNIVERSITY OF EXETER	ERA1523360		public		
ERR2662947	2018-08-17 08:13:37		0	0	0	0	0			ERX2678908	unspecified	WGS	RANDOM	GENOMIC	PAIRED	508	0	ILLUMINA	Illumina HiSeq 2500	ERP109527	PRJEB27449		486486	ERS2575692	SAMEA4755596	simple	318829	Pyricularia oryzae	SAMEA4755596							no					UNIVERSITY OF EXETER	ERA1523360		public		
ERR2662948	2018-08-17 08:13:37		0	0	0	0	0			ERX2678909	unspecified	WGS	RANDOM	GENOMIC	PAIRED	494	0	ILLUMINA	Illumina HiSeq 2500	ERP109527	PRJEB27449		486486	ERS2575693	SAMEA4755597	simple	318829	Pyricularia oryzae	SAMEA4755597							no					UNIVERSITY OF EXETER	ERA1523360		public		
ERR2662949	2018-08-17 08:13:37		0	0	0	0	0			ERX2678910	unspecified	WGS	RANDOM	GENOMIC	PAIRED	513	0	ILLUMINA	Illumina HiSeq 2500	ERP109527	PRJEB27449		486486	ERS2575694	SAMEA4755598	simple	318829	Pyricularia oryzae	SAMEA4755598							no					UNIVERSITY OF EXETER	ERA1523360		public		
ERR2662950	2018-08-17 08:13:37		0	0	0	0	0			ERX2678911	unspecified	WGS	RANDOM	GENOMIC	PAIRED	484	0	ILLUMINA	Illumina HiSeq 2500	ERP109527	PRJEB27449		486486	ERS2575695	SAMEA4755599	simple	318829	Pyricularia oryzae	SAMEA4755599							no					UNIVERSITY OF EXETER	ERA1523360		public		
ERR2662951	2018-08-17 08:13:37		0	0	0	0	0			ERX2678912	unspecified	WGS	RANDOM	GENOMIC	PAIRED	516	0	ILLUMINA	Illumina HiSeq 2500	ERP109527	PRJEB27449		486486	ERS2575696	SAMEA4755600	simple	318829	Pyricularia oryzae	SAMEA4755600							no					UNIVERSITY OF EXETER	ERA1523360		public		
ERR2662952	2018-08-17 08:13:37		0	0	0	0	0			ERX2678913	unspecified	WGS	RANDOM	GENOMIC	PAIRED	495	0	ILLUMINA	Illumina HiSeq 2500	ERP109527	PRJEB27449		486486	ERS2575697	SAMEA4755601	simple	318829	Pyricularia oryzae	SAMEA4755601							no					UNIVERSITY OF EXETER	ERA1523360		public		
ERR2662953	2018-08-17 08:13:37		0	0	0	0	0			ERX2678914	unspecified	WGS	RANDOM	GENOMIC	PAIRED	533	0	ILLUMINA	Illumina HiSeq 2500	ERP109527	PRJEB27449		486486	ERS2575698	SAMEA4755602	simple	318829	Pyricularia oryzae	SAMEA4755602							no					UNIVERSITY OF EXETER	ERA1523360		public		
ERR2662954	2018-08-17 08:13:37		0	0	0	0	0			ERX2678915	unspecified	WGS	RANDOM	GENOMIC	PAIRED	501	0	ILLUMINA	Illumina HiSeq 2500	ERP109527	PRJEB27449		486486	ERS2575699	SAMEA4755603	simple	318829	Pyricularia oryzae	SAMEA4755603							no					UNIVERSITY OF EXETER	ERA1523360		public		
ERR2662955	2018-08-17 08:13:37		0	0	0	0	0			ERX2678916	unspecified	WGS	RANDOM	GENOMIC	PAIRED	496	0	ILLUMINA	Illumina HiSeq 2500	ERP109527	PRJEB27449		486486	ERS2575700	SAMEA4755604	simple	318829	Pyricularia oryzae	SAMEA4755604							no					UNIVERSITY OF EXETER	ERA1523360		public		
ERR2662956	2018-08-17 08:13:37		0	0	0	0	0			ERX2678917	unspecified	WGS	RANDOM	GENOMIC	PAIRED	488	0	ILLUMINA	Illumina HiSeq 2500	ERP109527	PRJEB27449		486486	ERS2575701	SAMEA4755605	simple	318829	Pyricularia oryzae	SAMEA4755605							no					UNIVERSITY OF EXETER	ERA1523360		public		
ERR2662957	2018-08-17 08:13:37		0	0	0	0	0			ERX2678918	unspecified	WGS	RANDOM	GENOMIC	PAIRED	493	0	ILLUMINA	Illumina HiSeq 2500	ERP109527	PRJEB27449		486486	ERS2575702	SAMEA4755606	simple	318829	Pyricularia oryzae	SAMEA4755606							no					UNIVERSITY OF EXETER	ERA1523360		public		
SRR8258945	2019-12-28 00:08:28	2018-11-29 05:34:12	1632588	982817976	1632588	602	477		https://sra-downloadb.be-md.ncbi.nlm.nih.gov/sos12/sra-pub-zq-1214/SRR008/258/SRR8258945.sralite.1	SRX5076124	PoMZ5-1-6 MP1k	WGS	PCR	GENOMIC	PAIRED	0	0	ILLUMINA	Illumina MiSeq	SRP171074	PRJNA507314	3	507314	SRS4089707	SAMN10491321	simple	318829	Pyricularia oryzae	Pyricularia oryzae MZ5-1-6							no					ACADEMIA SINICA	SRA816131		public	97A4E28BF0780B722D368AF0F820BE83	85B712BEF743ECBD5568991757043CB8
SRR8258944	2019-12-28 00:08:28	2018-11-29 05:34:04	1577169	949455738	1577169	602	456		https://sra-downloadb.be-md.ncbi.nlm.nih.gov/sos12/sra-pub-zq-1216/SRR008/258/SRR8258944.sralite.1	SRX5076125	PoMZ5-1-6 MP3k	WGS	PCR	GENOMIC	PAIRED	0	0	ILLUMINA	Illumina MiSeq	SRP171074	PRJNA507314	3	507314	SRS4089707	SAMN10491321	simple	318829	Pyricularia oryzae	Pyricularia oryzae MZ5-1-6							no					ACADEMIA SINICA	SRA816131		public	A58AAB518544CDB631C82D90D745CB79	E2582367891C3E5B4F54F4C5685F592D
SRR8258942	2019-12-28 00:08:28	2018-11-29 05:37:03	4234995	2549466990	4234995	602	1211		https://sra-downloadb.be-md.ncbi.nlm.nih.gov/sos12/sra-pub-zq-1216/SRR008/258/SRR8258942.sralite.1	SRX5076127	PoMZ5-1-6 PE	WGS	PCR	GENOMIC	PAIRED	0	0	ILLUMINA	Illumina MiSeq	SRP171074	PRJNA507314	3	507314	SRS4089707	SAMN10491321	simple	318829	Pyricularia oryzae	Pyricularia oryzae MZ5-1-6							no					ACADEMIA SINICA	SRA816131		public	5C70DCB8E8FFE71DD6B35357165271BB	6B25F079F3049C1AD67E6D55F58B71D5
SRR8258941	2019-12-28 00:08:28	2018-11-29 05:34:40	1726416	1039302432	1726416	602	484		https://sra-downloadb.be-md.ncbi.nlm.nih.gov/sos12/sra-pub-zq-1214/SRR008/258/SRR8258941.sralite.1	SRX5076128	PoMZ5-1-6 MP5k	WGS	PCR	GENOMIC	PAIRED	0	0	ILLUMINA	Illumina MiSeq	SRP171074	PRJNA507314	3	507314	SRS4089707	SAMN10491321	simple	318829	Pyricularia oryzae	Pyricularia oryzae MZ5-1-6							no					ACADEMIA SINICA	SRA816131		public	024749362A994F3BE6241A59793BECB4	98541B6FDC46DECA2FFE76D32DE53599
SRR8258940	2019-12-28 00:08:28	2018-11-29 05:34:45	1592453	958656706	1592453	602	445		https://sra-downloadb.be-md.ncbi.nlm.nih.gov/sos9/sra-pub-zq-922/SRR008/258/SRR8258940.sralite.1	SRX5076129	PoMZ5-1-6 MP7k	WGS	PCR	GENOMIC	PAIRED	0	0	ILLUMINA	Illumina MiSeq	SRP171074	PRJNA507314	3	507314	SRS4089707	SAMN10491321	simple	318829	Pyricularia oryzae	Pyricularia oryzae MZ5-1-6							no					ACADEMIA SINICA	SRA816131		public	CC7BE636167E0C4FBE4431486B643CEC	BDB9DD7C9E7A25A60938F352641342D9
ERR1976673	2018-12-02 14:14:53	2018-12-03 16:28:47	37316697	11269642494	37316697	302	4789		https://sra-downloadb.be-md.ncbi.nlm.nih.gov/sos12/sra-pub-zq-1216/ERR001/976/ERR1976673.sralite.1	ERX2037894	unspecified	WGS	RANDOM	GENOMIC	PAIRED	430	0	ILLUMINA	Illumina HiSeq 4000	ERP023034	PRJEB20844		508012	ERS1735875	SAMEA104071982	simple	318829	Pyricularia oryzae	SAMEA104071982							no					KING ABDULLAH UNIVERSITY OF SCIENCE AND TECHNOLOGY	ERA925056		public	1C15FAE28D5927822D196F91B144CE89	8E1C337CE802587C3B2674E9510120E1
SRR6669138	2018-03-22 10:40:13	2018-02-04 12:41:37	7302788	2190836400	7302788	300	1408		https://sra-downloadb.be-md.ncbi.nlm.nih.gov/sos12/sra-pub-zq-1214/SRR006/669/SRR6669138.sralite.1	SRX3645916	TW-2-7-2-A-1	WGS	size fractionation	GENOMIC	PAIRED	0	0	ILLUMINA	Illumina HiSeq 2500	SRP132141	PRJNA354675	2	354675	SRS2910613	SAMN06050126	simple	318829	Pyricularia oryzae	TW-2-7-2-A-1  genome							no					FUJIAN AGRICULTURE AND FORESTRY UNIVERSITY	SRA655366		public	F4D3749C72C0901CE42778C810E402DC	85E741C1DF8A39B142841433C134D420
SRR6669137	2018-03-22 10:40:13	2018-02-04 12:42:38	7532411	2259723300	7532411	300	1445		https://sra-downloadb.be-md.ncbi.nlm.nih.gov/sos12/sra-pub-zq-1214/SRR006/669/SRR6669137.sralite.1	SRX3645917	TW-6-2-2-B-1	WGS	size fractionation	GENOMIC	PAIRED	0	0	ILLUMINA	Illumina HiSeq 2500	SRP132141	PRJNA354675	2	354675	SRS2910614	SAMN06050127	simple	318829	Pyricularia oryzae	TW-6-2-2-B-1  genome							no					FUJIAN AGRICULTURE AND FORESTRY UNIVERSITY	SRA655366		public	3DCDB8152AB730DBB8CFA99FC25CF0AA	8E162FD4DE741D605732A2124AC43196
SRR6669189	2018-03-22 10:40:13	2018-02-04 12:46:25	9164336	2749300800	9164336	300	1119		https://sra-downloadb.be-md.ncbi.nlm.nih.gov/sos12/sra-pub-zq-1211/SRR006/669/SRR6669189/SRR6669189.sralite.1	SRX3645865	13FM-16-1	WGS	size fractionation	GENOMIC	PAIRED	0	0	ILLUMINA	Illumina HiSeq 2500	SRP132141	PRJNA354675	2	354675	SRS2910562	SAMN06050060	simple	318829	Pyricularia oryzae	13FM-16-1  genome							no					FUJIAN AGRICULTURE AND FORESTRY UNIVERSITY	SRA655366		public	4306C219739AC25ACBD7F101E34D93A3	2F12A4468E4DC0B3780A904D249AD94A
SRR6669190	2018-03-22 10:40:13	2018-02-04 12:48:50	11139442	3341832600	11139442	300	1346		https://sra-downloadb.be-md.ncbi.nlm.nih.gov/sos12/sra-pub-zq-1211/SRR006/669/SRR6669190/SRR6669190.sralite.1	SRX3645864	13FM-24-1	WGS	size fractionation	GENOMIC	PAIRED	0	0	ILLUMINA	Illumina HiSeq 2500	SRP132141	PRJNA354675	2	354675	SRS2910561	SAMN06050061	simple	318829	Pyricularia oryzae	13FM-24-1  genome							no					FUJIAN AGRICULTURE AND FORESTRY UNIVERSITY	SRA655366		public	6FEB87E40637FCB4AB73B262719C2BA3	501739E9EEE1FF42E9B58DF70F261EC2
SRR6669187	2018-03-22 10:40:13	2018-02-04 12:47:33	9695925	2908777500	9695925	300	1170		https://sra-downloadb.be-md.ncbi.nlm.nih.gov/sos12/sra-pub-zq-1211/SRR006/669/SRR6669187/SRR6669187.sralite.1	SRX3645867	13FM-3-2	WGS	size fractionation	GENOMIC	PAIRED	0	0	ILLUMINA	Illumina HiSeq 2500	SRP132141	PRJNA354675	2	354675	SRS2910564	SAMN06050062	simple	318829	Pyricularia oryzae	13FM-3-2  genome							no					FUJIAN AGRICULTURE AND FORESTRY UNIVERSITY	SRA655366		public	8359F1D7F3991F6006F97E55005367CD	315572431994F55F5D7624EAC3E4099F
SRR6669188	2018-03-22 10:40:13	2018-02-04 12:47:19	8896658	2668997400	8896658	300	1073		https://sra-downloadb.be-md.ncbi.nlm.nih.gov/sos12/sra-pub-zq-1214/SRR006/669/SRR6669188.sralite.1	SRX3645866	13FM-5-1	WGS	size fractionation	GENOMIC	PAIRED	0	0	ILLUMINA	Illumina HiSeq 2500	SRP132141	PRJNA354675	2	354675	SRS2910563	SAMN06050063	simple	318829	Pyricularia oryzae	13FM-5-1  genome							no					FUJIAN AGRICULTURE AND FORESTRY UNIVERSITY	SRA655366		public	A56ABDFC230D72CBC5ABA3F0083A3922	E924C7BBC3BEDF9BF7210AD670DA95F9
SRR6669193	2018-03-22 10:40:13	2018-02-04 12:45:49	6659908	1997972400	6659908	300	809		https://sra-downloadb.be-md.ncbi.nlm.nih.gov/sos12/sra-pub-zq-1214/SRR006/669/SRR6669193.sralite.1	SRX3645861	13FM-9-1	WGS	size fractionation	GENOMIC	PAIRED	0	0	ILLUMINA	Illumina HiSeq 2500	SRP132141	PRJNA354675	2	354675	SRS2910558	SAMN06050064	simple	318829	Pyricularia oryzae	13FM-9-1  genome							no					FUJIAN AGRICULTURE AND FORESTRY UNIVERSITY	SRA655366		public	A51FDD5801ACE1713419B473E99A3C6C	AA8702D71926B14E6C50759842518B2D
SRR6669194	2018-03-22 10:40:13	2018-02-04 12:47:06	13483598	3370899500	13483598	250	1868		https://sra-downloadb.be-md.ncbi.nlm.nih.gov/sos12/sra-pub-zq-1211/SRR006/669/SRR6669194/SRR6669194.sralite.1	SRX3645860	AV1-1-1	WGS	size fractionation	GENOMIC	PAIRED	0	0	ILLUMINA	Illumina HiSeq 2500	SRP132141	PRJNA354675	2	354675	SRS2910557	SAMN06050065	simple	318829	Pyricularia oryzae	AV1-1-1  genome							no					FUJIAN AGRICULTURE AND FORESTRY UNIVERSITY	SRA655366		public	AAC70B6E67A739C4B4A50B5C668FF1E5	10A34F37EF259317824817C954BD55C0
SRR6669192	2018-03-22 10:40:13	2018-02-04 12:44:59	7104744	1420948800	7104744	200	960		https://sra-downloadb.be-md.ncbi.nlm.nih.gov/sos12/sra-pub-zq-1214/SRR006/669/SRR6669192.sralite.1	SRX3645862	BJ-90-611	WGS	size fractionation	GENOMIC	PAIRED	0	0	ILLUMINA	Illumina HiSeq 2500	SRP132141	PRJNA354675	2	354675	SRS2910559	SAMN06050066	simple	318829	Pyricularia oryzae	BJ-90-611  genome							no					FUJIAN AGRICULTURE AND FORESTRY UNIVERSITY	SRA655366		public	E267DA12111B8708F7DBBC219B1BD467	A5DF0071A5197B30652EDCF93365DA7E
SRR6669191	2018-03-22 10:40:13	2018-02-04 12:47:10	10673612	3202083600	10673612	300	1309		https://sra-downloadb.be-md.ncbi.nlm.nih.gov/sos12/sra-pub-zq-1211/SRR006/669/SRR6669191/SRR6669191.sralite.1	SRX3645863	BJ08-8-1	WGS	size fractionation	GENOMIC	PAIRED	0	0	ILLUMINA	Illumina HiSeq 2500	SRP132141	PRJNA354675	2	354675	SRS2910560	SAMN06050067	simple	318829	Pyricularia oryzae	BJ08-8  genome							no					FUJIAN AGRICULTURE AND FORESTRY UNIVERSITY	SRA655366		public	3F338094D206ACBE215E3C75FF9AAC9B	E1E5B533A9109EE9A978E42AD71AD020
SRR6669195	2018-03-22 10:40:13	2018-02-04 12:48:42	9922256	2976676800	9922256	300	1216		https://sra-downloadb.be-md.ncbi.nlm.nih.gov/sos12/sra-pub-zq-1211/SRR006/669/SRR6669195/SRR6669195.sralite.1	SRX3645859	DB11-621	WGS	size fractionation	GENOMIC	PAIRED	0	0	ILLUMINA	Illumina HiSeq 2500	SRP132141	PRJNA354675	2	354675	SRS2910556	SAMN06050068	simple	318829	Pyricularia oryzae	DB11-621  genome							no					FUJIAN AGRICULTURE AND FORESTRY UNIVERSITY	SRA655366		public	E8B34B7351A2D5C7EE95F72C6797DD4B	E8759F41856C691152EBB06B17613649
SRR6669196	2018-03-22 10:40:13	2018-02-04 12:45:22	8920283	1784056600	8920283	200	1198		https://sra-downloadb.be-md.ncbi.nlm.nih.gov/sos12/sra-pub-zq-1211/SRR006/669/SRR6669196/SRR6669196.sralite.1	SRX3645858	FJ0204804	WGS	size fractionation	GENOMIC	PAIRED	0	0	ILLUMINA	Illumina HiSeq 2500	SRP132141	PRJNA354675	2	354675	SRS2910555	SAMN06050069	simple	318829	Pyricularia oryzae	FJ0204804  genome							no					FUJIAN AGRICULTURE AND FORESTRY UNIVERSITY	SRA655366		public	29DD50515DAEB34B83055271A29364A3	213CA2543492C4D2524F6B96D6E7F863
SRR6669182	2018-03-22 10:40:13	2018-02-04 12:44:22	7027989	1405597800	7027989	200	960		https://sra-downloadb.be-md.ncbi.nlm.nih.gov/sos12/sra-pub-zq-1214/SRR006/669/SRR6669182.sralite.1	SRX3645872	FJ43ZB15-68	WGS	size fractionation	GENOMIC	PAIRED	0	0	ILLUMINA	Illumina HiSeq 2500	SRP132141	PRJNA354675	2	354675	SRS2910569	SAMN06050080	simple	318829	Pyricularia oryzae	FJ43ZB15-68  genome							no					FUJIAN AGRICULTURE AND FORESTRY UNIVERSITY	SRA655366		public	D180AD646D63AA3B05A759F2CE382A3E	F05C9860A30649C2568A1421373D5117
SRR6669181	2018-03-22 10:40:13	2018-02-04 12:45:01	7470591	1494118200	7470591	200	1019		https://sra-downloadb.be-md.ncbi.nlm.nih.gov/sos12/sra-pub-zq-1214/SRR006/669/SRR6669181.sralite.1	SRX3645873	FJ72ZC7-77	WGS	size fractionation	GENOMIC	PAIRED	0	0	ILLUMINA	Illumina HiSeq 2500	SRP132141	PRJNA354675	2	354675	SRS2910570	SAMN06050081	simple	318829	Pyricularia oryzae	FJ72ZC7-77  genome							no					FUJIAN AGRICULTURE AND FORESTRY UNIVERSITY	SRA655366		public	0C9BC01ED5E59F47418E90450440C525	CB5AB1DCBEC625BEFBFA6AF64BEABC6A
SRR6669180	2018-03-22 10:40:13	2018-02-04 12:44:36	7860578	1965144500	7860578	250	1053		https://sra-downloadb.be-md.ncbi.nlm.nih.gov/sos12/sra-pub-zq-1211/SRR006/669/SRR6669180/SRR6669180.sralite.1	SRX3645874	FJ78-JJ	WGS	size fractionation	GENOMIC	PAIRED	0	0	ILLUMINA	Illumina HiSeq 2500	SRP132141	PRJNA354675	2	354675	SRS2910571	SAMN06050082	simple	318829	Pyricularia oryzae	FJ78-JJ  genome							no					FUJIAN AGRICULTURE AND FORESTRY UNIVERSITY	SRA655366		public	A1200B60815E4D681AC11EA71DEF808B	B1BF7035C4E99EE168D5380E2A6AC771
SRR6669186	2018-03-22 10:40:13	2018-02-04 12:45:08	8590959	2147739750	8590959	250	1143		https://sra-downloadb.be-md.ncbi.nlm.nih.gov/sos12/sra-pub-zq-1211/SRR006/669/SRR6669186/SRR6669186.sralite.1	SRX3645868	FJ81-JY	WGS	size fractionation	GENOMIC	PAIRED	0	0	ILLUMINA	Illumina HiSeq 2500	SRP132141	PRJNA354675	2	354675	SRS2910565	SAMN06050083	simple	318829	Pyricularia oryzae	FJ81-JY  genome							no					FUJIAN AGRICULTURE AND FORESTRY UNIVERSITY	SRA655366		public	8008679B991B624E5265A81971E068E8	DC3B2F7A02721099B9416DC6E437CD34
SRR6669185	2018-03-22 10:40:13	2018-02-04 12:44:56	8471016	2117754000	8471016	250	1137		https://sra-downloadb.be-md.ncbi.nlm.nih.gov/sos12/sra-pub-zq-1211/SRR006/669/SRR6669185/SRR6669185.sralite.1	SRX3645869	FJ81-MH	WGS	size fractionation	GENOMIC	PAIRED	0	0	ILLUMINA	Illumina HiSeq 2500	SRP132141	PRJNA354675	2	354675	SRS2910566	SAMN06050084	simple	318829	Pyricularia oryzae	FJ81-MH  genome							no					FUJIAN AGRICULTURE AND FORESTRY UNIVERSITY	SRA655366		public	A619D1228E9CD1DA34A50AFDE6AC448A	000AFD6EF58346D17813ACC085FFDB77
SRR6669184	2018-03-22 10:40:13	2018-02-04 12:45:04	8731932	2182983000	8731932	250	1163		https://sra-downloadb.be-md.ncbi.nlm.nih.gov/sos12/sra-pub-zq-1211/SRR006/669/SRR6669184/SRR6669184.sralite.1	SRX3645870	FJ81-SW	WGS	size fractionation	GENOMIC	PAIRED	0	0	ILLUMINA	Illumina HiSeq 2500	SRP132141	PRJNA354675	2	354675	SRS2910567	SAMN06050085	simple	318829	Pyricularia oryzae	FJ81-SW  genome							no					FUJIAN AGRICULTURE AND FORESTRY UNIVERSITY	SRA655366		public	D4D55D0A73223DCA3C3FE5FAE2D4B896	ED8B20D13C5DB336837B114210BE86D1
SRR6669183	2018-03-22 10:40:13	2018-02-04 12:46:17	7851564	1962891000	7851564	250	1051		https://sra-downloadb.be-md.ncbi.nlm.nih.gov/sos12/sra-pub-zq-1211/SRR006/669/SRR6669183/SRR6669183.sralite.1	SRX3645871	FJ81-ZP	WGS	size fractionation	GENOMIC	PAIRED	0	0	ILLUMINA	Illumina HiSeq 2500	SRP132141	PRJNA354675	2	354675	SRS2910568	SAMN06050086	simple	318829	Pyricularia oryzae	FJ81-ZP  genome							no					FUJIAN AGRICULTURE AND FORESTRY UNIVERSITY	SRA655366		public	EC7033346B1092ED0192C3845E19A06B	46E115504FC5E8694FB70C8B8AD01F1C
SRR6669179	2018-03-22 10:40:13	2018-02-04 12:45:16	7465175	2239552500	7465175	300	1428		https://sra-downloadb.be-md.ncbi.nlm.nih.gov/sos12/sra-pub-zq-1211/SRR006/669/SRR6669179/SRR6669179.sralite.1	SRX3645875	FJ81221ZB11-14	WGS	size fractionation	GENOMIC	PAIRED	0	0	ILLUMINA	Illumina HiSeq 2500	SRP132141	PRJNA354675	2	354675	SRS2910572	SAMN06050087	simple	318829	Pyricularia oryzae	FJ81221ZB11-14  genome							no					FUJIAN AGRICULTURE AND FORESTRY UNIVERSITY	SRA655366		public	5140BB3BCB0995600712EEAD00BB63DD	F03C9D04C077FE64D29C670CBCA77223
SRR6669177	2018-03-22 10:40:13	2018-02-04 12:44:51	8568850	2142212500	8568850	250	1142		https://sra-downloadb.be-md.ncbi.nlm.nih.gov/sos12/sra-pub-zq-1211/SRR006/669/SRR6669177/SRR6669177.sralite.1	SRX3645877	FJ86-CT	WGS	size fractionation	GENOMIC	PAIRED	0	0	ILLUMINA	Illumina HiSeq 2500	SRP132141	PRJNA354675	2	354675	SRS2910574	SAMN06050088	simple	318829	Pyricularia oryzae	FJ86-CT  genome							no					FUJIAN AGRICULTURE AND FORESTRY UNIVERSITY	SRA655366		public	BF243B87BEDA2895B262B198B605A485	26C034939C61EDF605695EEBE00C037E
SRR6669178	2018-03-22 10:40:13	2018-02-04 12:52:20	7297376	2189212800	7297376	300	1401		https://sra-downloadb.be-md.ncbi.nlm.nih.gov/sos12/sra-pub-zq-1214/SRR006/669/SRR6669178.sralite.1	SRX3645876	FJ86061ZE3-39	WGS	size fractionation	GENOMIC	PAIRED	0	0	ILLUMINA	Illumina HiSeq 2500	SRP132141	PRJNA354675	2	354675	SRS2910573	SAMN06050089	simple	318829	Pyricularia oryzae	FJ86061ZE3-39  genome							no					FUJIAN AGRICULTURE AND FORESTRY UNIVERSITY	SRA655366		public	BAB294E045E4530D9D4FC09146E15F37	B42C761AC6A6DF9E27F07FC7160B85FF
SRR6669197	2018-03-22 10:40:13	2018-02-04 12:44:13	8206165	1641233000	8206165	200	1112		https://sra-downloadb.be-md.ncbi.nlm.nih.gov/sos12/sra-pub-zq-1211/SRR006/669/SRR6669197/SRR6669197.sralite.1	SRX3645857	FJSH0703	WGS	size fractionation	GENOMIC	PAIRED	0	0	ILLUMINA	Illumina HiSeq 2500	SRP132141	PRJNA354675	2	354675	SRS2910554	SAMN06050094	simple	318829	Pyricularia oryzae	FJSH0703  genome							no					FUJIAN AGRICULTURE AND FORESTRY UNIVERSITY	SRA655366		public	20D4CDC1541628675E56E8C779BD84FC	6B0C2395F94F41956D7E8CC6EDACBA39
SRR6669198	2018-03-22 10:40:13	2018-02-04 12:44:22	7775955	1555191000	7775955	200	1046		https://sra-downloadb.be-md.ncbi.nlm.nih.gov/sos12/sra-pub-zq-1211/SRR006/669/SRR6669198/SRR6669198.sralite.1	SRX3645856	GD-05-029b	WGS	size fractionation	GENOMIC	PAIRED	0	0	ILLUMINA	Illumina HiSeq 2500	SRP132141	PRJNA354675	2	354675	SRS2910553	SAMN06050095	simple	318829	Pyricularia oryzae	GD-05-029b  genome							no					FUJIAN AGRICULTURE AND FORESTRY UNIVERSITY	SRA655366		public	11320F030BF7D2A73A8CDD5E43F68554	1E64B85E7E5B6B141F33D88D34B35C95
SRR6669164	2018-03-22 10:40:13	2018-02-04 12:42:18	7514102	1502820400	7514102	200	1016		https://sra-downloadb.be-md.ncbi.nlm.nih.gov/sos12/sra-pub-zq-1214/SRR006/669/SRR6669164.sralite.1	SRX3645890	HN-0812-3	WGS	size fractionation	GENOMIC	PAIRED	0	0	ILLUMINA	Illumina HiSeq 2500	SRP132141	PRJNA354675	2	354675	SRS2910587	SAMN06050100	simple	318829	Pyricularia oryzae	HN-0812-3  genome							no					FUJIAN AGRICULTURE AND FORESTRY UNIVERSITY	SRA655366		public	CA07F1DD926A2F5C180624D6BE8FF351	FE558A2DAAAB0989CA8BB4EB7D7FD573
SRR6669166	2018-03-22 10:40:13	2018-02-04 12:46:01	10644192	3193257600	10644192	300	1284		https://sra-downloadb.be-md.ncbi.nlm.nih.gov/sos12/sra-pub-zq-1211/SRR006/669/SRR6669166/SRR6669166.sralite.1	SRX3645888	HN-158	WGS	size fractionation	GENOMIC	PAIRED	0	0	ILLUMINA	Illumina HiSeq 2500	SRP132141	PRJNA354675	2	354675	SRS2910585	SAMN06050101	simple	318829	Pyricularia oryzae	HN-158  genome							no					FUJIAN AGRICULTURE AND FORESTRY UNIVERSITY	SRA655366		public	8EDD2605605B9F772DAEABA0AB60D25E	049945DF37D4C1FA737BFEA5A7A270B4
SRR6669163	2018-03-22 10:40:13	2018-02-04 12:47:31	13816747	4145024100	13816747	300	1689		https://sra-downloadb.be-md.ncbi.nlm.nih.gov/sos12/sra-pub-zq-1214/SRR006/669/SRR6669163.sralite.1	SRX3645891	HN10-1604	WGS	size fractionation	GENOMIC	PAIRED	0	0	ILLUMINA	Illumina HiSeq 2500	SRP132141	PRJNA354675	2	354675	SRS2910588	SAMN06050102	simple	318829	Pyricularia oryzae	HN10-1604  genome							no					FUJIAN AGRICULTURE AND FORESTRY UNIVERSITY	SRA655366		public	A9E29D52AC5FE9E274C7E65DE7058A5D	C62D77C93D532EFB7DBFB54C4E190C08
SRR6669159	2018-03-22 10:40:13	2018-02-04 12:41:58	7457404	1491480800	7457404	200	1009		https://sra-downloadb.be-md.ncbi.nlm.nih.gov/sos12/sra-pub-zq-1214/SRR006/669/SRR6669159.sralite.1	SRX3645895	JS-10-6-1-2	WGS	size fractionation	GENOMIC	PAIRED	0	0	ILLUMINA	Illumina HiSeq 2500	SRP132141	PRJNA354675	2	354675	SRS2910592	SAMN06050103	simple	318829	Pyricularia oryzae	JS-10-6-1-2  genome							no					FUJIAN AGRICULTURE AND FORESTRY UNIVERSITY	SRA655366		public	7EA2DB50CAF6A9C9E0674926F94B320E	ED64004BC4D48A06A13DDB0CCC02B668
SRR6669165	2018-03-22 10:40:13	2018-02-04 12:45:23	9113474	2734042200	9113474	300	1125		https://sra-downloadb.be-md.ncbi.nlm.nih.gov/sos12/sra-pub-zq-1211/SRR006/669/SRR6669165/SRR6669165.sralite.1	SRX3645889	JS08-611	WGS	size fractionation	GENOMIC	PAIRED	0	0	ILLUMINA	Illumina HiSeq 2500	SRP132141	PRJNA354675	2	354675	SRS2910586	SAMN06050104	simple	318829	Pyricularia oryzae	JS08-611  genome							no					FUJIAN AGRICULTURE AND FORESTRY UNIVERSITY	SRA655366		public	A791FA7F9C2828C03C1ED6CE71C9A99B	FC3A651FDECD697DFFCE846C51F41E9A
SRR6669160	2018-03-22 10:40:13	2018-02-04 12:46:14	10675821	3202746300	10675821	300	1320		https://sra-downloadb.be-md.ncbi.nlm.nih.gov/sos12/sra-pub-zq-1211/SRR006/669/SRR6669160/SRR6669160.sralite.1	SRX3645894	JS09-138	WGS	size fractionation	GENOMIC	PAIRED	0	0	ILLUMINA	Illumina HiSeq 2500	SRP132141	PRJNA354675	2	354675	SRS2910591	SAMN06050105	simple	318829	Pyricularia oryzae	JS09-138  genome							no					FUJIAN AGRICULTURE AND FORESTRY UNIVERSITY	SRA655366		public	2B58E7811B04B0CB36C985B321CE6529	FC2CD5465586343DDB2B79DC8428C0CC
SRR6669162	2018-03-22 10:40:13	2018-02-04 12:43:28	10303970	2060794000	10303970	200	1385		https://sra-downloadb.be-md.ncbi.nlm.nih.gov/sos12/sra-pub-zq-1211/SRR006/669/SRR6669162/SRR6669162.sralite.1	SRX3645892	JX-09Z116-1	WGS	size fractionation	GENOMIC	PAIRED	0	0	ILLUMINA	Illumina HiSeq 2500	SRP132141	PRJNA354675	2	354675	SRS2910589	SAMN06050106	simple	318829	Pyricularia oryzae	JX-09Z116-1  genome							no					FUJIAN AGRICULTURE AND FORESTRY UNIVERSITY	SRA655366		public	353127B0455384C1D917E805E741A9AD	84EF8F3C5FB4E785DB902DB304A3540B
SRR6669161	2018-03-22 10:40:13	2018-02-04 12:50:08	9430078	2829023400	9430078	300	1153		https://sra-downloadb.be-md.ncbi.nlm.nih.gov/sos12/sra-pub-zq-1211/SRR006/669/SRR6669161/SRR6669161.sralite.1	SRX3645893	JX10-102	WGS	size fractionation	GENOMIC	PAIRED	0	0	ILLUMINA	Illumina HiSeq 2500	SRP132141	PRJNA354675	2	354675	SRS2910590	SAMN06050107	simple	318829	Pyricularia oryzae	JX10-102  genome							no					FUJIAN AGRICULTURE AND FORESTRY UNIVERSITY	SRA655366		public	AB164EF03F8289543061A945C37C592F	5695FC04C74819ECE90278771B125017
SRR6669158	2018-03-22 10:40:13	2018-02-04 12:45:39	10913352	3274005600	10913352	300	1336		https://sra-downloadb.be-md.ncbi.nlm.nih.gov/sos12/sra-pub-zq-1211/SRR006/669/SRR6669158/SRR6669158.sralite.1	SRX3645896	JX11-141	WGS	size fractionation	GENOMIC	PAIRED	0	0	ILLUMINA	Illumina HiSeq 2500	SRP132141	PRJNA354675	2	354675	SRS2910593	SAMN06050108	simple	318829	Pyricularia oryzae	JX11-141  genome							no					FUJIAN AGRICULTURE AND FORESTRY UNIVERSITY	SRA655366		public	496EF714110D43D4A24B465A29728884	9C1183860A4A9CA0B461ACE71CB33A9B
SRR6669157	2018-03-22 10:40:13	2018-02-04 12:44:55	14680465	3670116250	14680465	250	2055		https://sra-downloadb.be-md.ncbi.nlm.nih.gov/sos12/sra-pub-zq-1211/SRR006/669/SRR6669157/SRR6669157.sralite.1	SRX3645897	KA1-3-1	WGS	size fractionation	GENOMIC	PAIRED	0	0	ILLUMINA	Illumina HiSeq 2500	SRP132141	PRJNA354675	2	354675	SRS2910594	SAMN06050109	simple	318829	Pyricularia oryzae	KA1-3-1  genome							no					FUJIAN AGRICULTURE AND FORESTRY UNIVERSITY	SRA655366		public	82130DB9E9AA9E9CF51CB0B2F53D5EB8	C9EC09E6D65A2FE40B66A6398628A8AE
SRR6669175	2018-03-22 10:40:13	2018-02-04 12:45:09	12645112	3161278000	12645112	250	1758		https://sra-downloadb.be-md.ncbi.nlm.nih.gov/sos12/sra-pub-zq-1211/SRR006/669/SRR6669175/SRR6669175.sralite.1	SRX3645879	KA2-1-1	WGS	size fractionation	GENOMIC	PAIRED	0	0	ILLUMINA	Illumina HiSeq 2500	SRP132141	PRJNA354675	2	354675	SRS2910576	SAMN06050110	simple	318829	Pyricularia oryzae	KA2-1-1  genome							no					FUJIAN AGRICULTURE AND FORESTRY UNIVERSITY	SRA655366		public	BCABDBEA2F49262B178CD933118F1700	0A61F22673F5982E235CEB1E1B912D09
SRR6669176	2018-03-22 10:40:13	2018-02-04 12:45:07	7685685	1921421250	7685685	250	1041		https://sra-downloadb.be-md.ncbi.nlm.nih.gov/sos12/sra-pub-zq-1211/SRR006/669/SRR6669176/SRR6669176.sralite.1	SRX3645878	Nich-2-3-2	WGS	size fractionation	GENOMIC	PAIRED	0	0	ILLUMINA	Illumina HiSeq 2500	SRP132141	PRJNA354675	2	354675	SRS2910575	SAMN06050111	simple	318829	Pyricularia oryzae	Nich-2-3-2  genome							no					FUJIAN AGRICULTURE AND FORESTRY UNIVERSITY	SRA655366		public	556AAB9E577EF47267BFF7868D35A15A	C2B32CE4080493E942869113CC353560
SRR6669173	2018-03-22 10:40:13	2018-02-04 12:43:05	8327728	2081932000	8327728	250	1135		https://sra-downloadb.be-md.ncbi.nlm.nih.gov/sos12/sra-pub-zq-1211/SRR006/669/SRR6669173/SRR6669173.sralite.1	SRX3645881	Nich-2-7-4	WGS	size fractionation	GENOMIC	PAIRED	0	0	ILLUMINA	Illumina HiSeq 2500	SRP132141	PRJNA354675	2	354675	SRS2910578	SAMN06050112	simple	318829	Pyricularia oryzae	Nich-2-7-4  genome							no					FUJIAN AGRICULTURE AND FORESTRY UNIVERSITY	SRA655366		public	0B81BCF48B69CEC22CEA146CC18E6DC0	D518D7588B1F2401A4EB0A6AFDB60056
SRR6669172	2018-03-22 10:40:13	2018-02-04 12:42:49	6358420	1907526000	6358420	300	1217		https://sra-downloadb.be-md.ncbi.nlm.nih.gov/sos12/sra-pub-zq-1214/SRR006/669/SRR6669172.sralite.1	SRX3645882	SC-10-120-65-2	WGS	size fractionation	GENOMIC	PAIRED	0	0	ILLUMINA	Illumina HiSeq 2500	SRP132141	PRJNA354675	2	354675	SRS2910579	SAMN06050115	simple	318829	Pyricularia oryzae	SC-10-120-65-2  genome							no					FUJIAN AGRICULTURE AND FORESTRY UNIVERSITY	SRA655366		public	912525D2C5C6BBC8065F6D04D829DF4B	752FBF2A3278D06E363C14A8D7B921D9
SRR6669169	2018-03-22 10:40:13	2018-02-04 12:43:28	6728889	2018666700	6728889	300	1296		https://sra-downloadb.be-md.ncbi.nlm.nih.gov/sos12/sra-pub-zq-1211/SRR006/669/SRR6669169/SRR6669169.sralite.1	SRX3645885	SC-10-25-44-1	WGS	size fractionation	GENOMIC	PAIRED	0	0	ILLUMINA	Illumina HiSeq 2500	SRP132141	PRJNA354675	2	354675	SRS2910582	SAMN06050116	simple	318829	Pyricularia oryzae	SC-10-25-44-1  genome							no					FUJIAN AGRICULTURE AND FORESTRY UNIVERSITY	SRA655366		public	5C688FA1A890541031BF86949C5AAEA4	7CEB24F87E1F4D6754A66CB4C78DDDD1
SRR6669174	2018-03-22 10:40:13	2018-02-04 12:43:44	8706202	2176550500	8706202	250	1177		https://sra-downloadb.be-md.ncbi.nlm.nih.gov/sos12/sra-pub-zq-1211/SRR006/669/SRR6669174/SRR6669174.sralite.1	SRX3645880	Sar-2-20-1	WGS	size fractionation	GENOMIC	PAIRED	0	0	ILLUMINA	Illumina HiSeq 2500	SRP132141	PRJNA354675	2	354675	SRS2910577	SAMN06050113	simple	318829	Pyricularia oryzae	Sar-2-20-1  genome							no					FUJIAN AGRICULTURE AND FORESTRY UNIVERSITY	SRA655366		public	03A4E6D3E07C1B86502A87626240A414	C7F8B19D814638F05832DF48E8575A89
SRR6669171	2018-03-22 10:40:13	2018-02-04 12:41:39	6569133	1313826600	6569133	200	910		https://sra-downloadb.be-md.ncbi.nlm.nih.gov/sos12/sra-pub-zq-1214/SRR006/669/SRR6669171.sralite.1	SRX3645883	Sar-AD3-5	WGS	size fractionation	GENOMIC	PAIRED	0	0	ILLUMINA	Illumina HiSeq 2500	SRP132141	PRJNA354675	2	354675	SRS2910580	SAMN06050114	simple	318829	Pyricularia oryzae	Sar-AD3-5  genome							no					FUJIAN AGRICULTURE AND FORESTRY UNIVERSITY	SRA655366		public	29CB70994E45EB8EDD1D0B7796CDDB8F	C787786B27A84016CF58C9A6579B5953
SRR6669170	2018-03-22 10:40:13	2018-02-04 12:42:52	6802398	2040719400	6802398	300	1313		https://sra-downloadb.be-md.ncbi.nlm.nih.gov/sos12/sra-pub-zq-1214/SRR006/669/SRR6669170.sralite.1	SRX3645884	TW-1-1-1-B-1	WGS	size fractionation	GENOMIC	PAIRED	0	0	ILLUMINA	Illumina HiSeq 2500	SRP132141	PRJNA354675	2	354675	SRS2910581	SAMN06050117	simple	318829	Pyricularia oryzae	TW-1-1-1-B-1  genome							no					FUJIAN AGRICULTURE AND FORESTRY UNIVERSITY	SRA655366		public	C7D097445F15A227DD8E8DA08DD2AB2A	55637DEB2CF19DC91E77A6E75CB69ED9
SRR6669167	2018-03-22 10:40:13	2018-02-04 12:43:20	7404964	2221489200	7404964	300	1433		https://sra-downloadb.be-md.ncbi.nlm.nih.gov/sos12/sra-pub-zq-1211/SRR006/669/SRR6669167/SRR6669167.sralite.1	SRX3645887	TW-12CY-TB1-2	WGS	size fractionation	GENOMIC	PAIRED	0	0	ILLUMINA	Illumina HiSeq 2500	SRP132141	PRJNA354675	2	354675	SRS2910584	SAMN06050118	simple	318829	Pyricularia oryzae	TW-12CY-TB1-2  genome							no					FUJIAN AGRICULTURE AND FORESTRY UNIVERSITY	SRA655366		public	A3B87CA1079A1750F84EF07F4BB8C35C	7103F0F579C9EE2D3A8673C032BC52B4
SRR6669168	2018-03-22 10:40:13	2018-02-04 12:43:19	7210707	2163212100	7210707	300	1394		https://sra-downloadb.be-md.ncbi.nlm.nih.gov/sos12/sra-pub-zq-1211/SRR006/669/SRR6669168/SRR6669168.sralite.1	SRX3645886	TW-12HL-DF1-2	WGS	size fractionation	GENOMIC	PAIRED	0	0	ILLUMINA	Illumina HiSeq 2500	SRP132141	PRJNA354675	2	354675	SRS2910583	SAMN06050119	simple	318829	Pyricularia oryzae	TW-12HL-DF1-2  genome							no					FUJIAN AGRICULTURE AND FORESTRY UNIVERSITY	SRA655366		public	464866BA00C3C49B3FDD92B948548049	8808F4BE06529F500E937F65F67A0CD7
SRR6669144	2018-03-22 10:40:13	2018-02-04 12:42:21	6484309	1945292700	6484309	300	1245		https://sra-downloadb.be-md.ncbi.nlm.nih.gov/sos12/sra-pub-zq-1214/SRR006/669/SRR6669144.sralite.1	SRX3645910	TW-12HL-YL2-1	WGS	size fractionation	GENOMIC	PAIRED	0	0	ILLUMINA	Illumina HiSeq 2500	SRP132141	PRJNA354675	2	354675	SRS2910607	SAMN06050120	simple	318829	Pyricularia oryzae	TW-12HL-YL2-1  genome							no					FUJIAN AGRICULTURE AND FORESTRY UNIVERSITY	SRA655366		public	242CBEB3BEF0CE3EDC2734B371F38727	64D223808D82FA78F94833E25684AAF0
SRR6669143	2018-03-22 10:40:13	2018-02-04 12:42:24	7654606	2296381800	7654606	300	1473		https://sra-downloadb.be-md.ncbi.nlm.nih.gov/sos12/sra-pub-zq-1214/SRR006/669/SRR6669143.sralite.1	SRX3645911	TW-12TD-RH1-1	WGS	size fractionation	GENOMIC	PAIRED	0	0	ILLUMINA	Illumina HiSeq 2500	SRP132141	PRJNA354675	2	354675	SRS2910608	SAMN06050121	simple	318829	Pyricularia oryzae	TW-12TD-RH1-1  genome							no					FUJIAN AGRICULTURE AND FORESTRY UNIVERSITY	SRA655366		public	00E67C521E72134D002EE4851AB9DB7A	F78F56ED435E195951FB0A9AE16568DD
SRR6669142	2018-03-22 10:40:13	2018-02-04 12:42:44	7752572	2325771600	7752572	300	1488		https://sra-downloadb.be-md.ncbi.nlm.nih.gov/sos12/sra-pub-zq-1214/SRR006/669/SRR6669142.sralite.1	SRX3645912	TW-12TN-HB2-2	WGS	size fractionation	GENOMIC	PAIRED	0	0	ILLUMINA	Illumina HiSeq 2500	SRP132141	PRJNA354675	2	354675	SRS2910609	SAMN06050122	simple	318829	Pyricularia oryzae	TW-12TN-HB2-2  genome							no					FUJIAN AGRICULTURE AND FORESTRY UNIVERSITY	SRA655366		public	0309683B3972BDCF857A1178E071ADA9	B58DDF3E01B903DA6429CD3AB559A41B
SRR6669141	2018-03-22 10:40:13	2018-02-04 12:41:21	5372680	1611804000	5372680	300	1037		https://sra-downloadb.be-md.ncbi.nlm.nih.gov/sos12/sra-pub-zq-1214/SRR006/669/SRR6669141.sralite.1	SRX3645913	TW-12YL-DL3-2	WGS	size fractionation	GENOMIC	PAIRED	0	0	ILLUMINA	Illumina HiSeq 2500	SRP132141	PRJNA354675	2	354675	SRS2910610	SAMN06050123	simple	318829	Pyricularia oryzae	TW-12YL-DL3-2  genome							no					FUJIAN AGRICULTURE AND FORESTRY UNIVERSITY	SRA655366		public	FE7D368C04433C70F787B6F17C1A3F63	E97BC1E8111F75A9C1FDC85E681B88ED
SRR6669140	2018-03-22 10:40:13	2018-02-04 12:41:29	5682046	1704613800	5682046	300	1093		https://sra-downloadb.be-md.ncbi.nlm.nih.gov/sos12/sra-pub-zq-1214/SRR006/669/SRR6669140.sralite.1	SRX3645914	TW-12YL-DP1-1	WGS	size fractionation	GENOMIC	PAIRED	0	0	ILLUMINA	Illumina HiSeq 2500	SRP132141	PRJNA354675	2	354675	SRS2910611	SAMN06050124	simple	318829	Pyricularia oryzae	TW-12YL-DP1-1  genome							no					FUJIAN AGRICULTURE AND FORESTRY UNIVERSITY	SRA655366		public	90F54F4868E5D6CE2CF0ED264E15114E	1564134892A672220F634DB8A2F850CD
SRR6669139	2018-03-22 10:40:13	2018-02-04 12:41:08	8653096	1730619200	8653096	200	1165		https://sra-downloadb.be-md.ncbi.nlm.nih.gov/sos12/sra-pub-zq-1214/SRR006/669/SRR6669139.sralite.1	SRX3645915	TW-12YL-TT4-1	WGS	size fractionation	GENOMIC	PAIRED	0	0	ILLUMINA	Illumina HiSeq 2500	SRP132141	PRJNA354675	2	354675	SRS2910612	SAMN06050125	simple	318829	Pyricularia oryzae	TW-12YL-TT4-1  genome							no					FUJIAN AGRICULTURE AND FORESTRY UNIVERSITY	SRA655366		public	E898367F7F64F8DEF8627A0D04609936	7916F2BC6D900A5CE1DD4641020C65ED
SRR6669146	2018-03-22 10:40:13	2018-02-04 12:44:13	8549089	2564726700	8549089	300	1641		https://sra-downloadb.be-md.ncbi.nlm.nih.gov/sos12/sra-pub-zq-1211/SRR006/669/SRR6669146/SRR6669146.sralite.1	SRX3645908	TW-6-43-1	WGS	size fractionation	GENOMIC	PAIRED	0	0	ILLUMINA	Illumina HiSeq 2500	SRP132141	PRJNA354675	2	354675	SRS2910605	SAMN06050128	simple	318829	Pyricularia oryzae	TW-6-43-1  genome							no					FUJIAN AGRICULTURE AND FORESTRY UNIVERSITY	SRA655366		public	29E934C9D16DB36B24BBA0568EF0AAE9	738EC4186366286D115992CB07F627C2
SRR6669145	2018-03-22 10:40:13	2018-02-04 12:43:34	8509828	2552948400	8509828	300	1632		https://sra-downloadb.be-md.ncbi.nlm.nih.gov/sos12/sra-pub-zq-1211/SRR006/669/SRR6669145/SRR6669145.sralite.1	SRX3645909	TW-CYBP1-3	WGS	size fractionation	GENOMIC	PAIRED	0	0	ILLUMINA	Illumina HiSeq 2500	SRP132141	PRJNA354675	2	354675	SRS2910606	SAMN06050129	simple	318829	Pyricularia oryzae	TW-CYBP1-3  genome							no					FUJIAN AGRICULTURE AND FORESTRY UNIVERSITY	SRA655366		public	C48F32E03494E94E9DB0DA8EACE8A752	916C2446F70E61B5456D7239B78FB8FA
SRR6669147	2018-03-22 10:40:13	2018-02-04 12:41:54	6413427	1924028100	6413427	300	1222		https://sra-downloadb.be-md.ncbi.nlm.nih.gov/sos12/sra-pub-zq-1214/SRR006/669/SRR6669147.sralite.1	SRX3645907	TW-PT1-1	WGS	size fractionation	GENOMIC	PAIRED	0	0	ILLUMINA	Illumina HiSeq 2500	SRP132141	PRJNA354675	2	354675	SRS2910604	SAMN06050130	simple	318829	Pyricularia oryzae	TW-PT1-1  genome							no					FUJIAN AGRICULTURE AND FORESTRY UNIVERSITY	SRA655366		public	F1D67013D468CEA74D68CF72FBF0767A	B172ABF940D91848C70D6A5033B1CB57
SRR6669148	2018-03-22 10:40:13	2018-02-04 12:43:01	7650210	2295063000	7650210	300	1470		https://sra-downloadb.be-md.ncbi.nlm.nih.gov/sos12/sra-pub-zq-1214/SRR006/669/SRR6669148.sralite.1	SRX3645906	TW-PT3-1	WGS	size fractionation	GENOMIC	PAIRED	0	0	ILLUMINA	Illumina HiSeq 2500	SRP132141	PRJNA354675	2	354675	SRS2910603	SAMN06050131	simple	318829	Pyricularia oryzae	TW-PT3-1  genome							no					FUJIAN AGRICULTURE AND FORESTRY UNIVERSITY	SRA655366		public	126982465937901572E8455FC54BE750	94E57C926FBB7F9D3A81F8C006FC9CB3
SRR6669149	2018-03-22 10:40:13	2018-02-04 12:41:20	6363164	1908949200	6363164	300	1227		https://sra-downloadb.be-md.ncbi.nlm.nih.gov/sos12/sra-pub-zq-1214/SRR006/669/SRR6669149.sralite.1	SRX3645905	TW-PT6-1	WGS	size fractionation	GENOMIC	PAIRED	0	0	ILLUMINA	Illumina HiSeq 2500	SRP132141	PRJNA354675	2	354675	SRS2910602	SAMN06050132	simple	318829	Pyricularia oryzae	TW-PT6-1  genome							no					FUJIAN AGRICULTURE AND FORESTRY UNIVERSITY	SRA655366		public	B7F1FDB6D7E5361308F674C41CC5FF93	4C94DDDBDF8903E6D4474CE2DCFC5E0C
SRR6669150	2018-03-22 10:40:13	2018-02-04 12:43:05	8092299	2427689700	8092299	300	1566		https://sra-downloadb.be-md.ncbi.nlm.nih.gov/sos12/sra-pub-zq-1211/SRR006/669/SRR6669150/SRR6669150.sralite.1	SRX3645904	TW-TN4-2	WGS	size fractionation	GENOMIC	PAIRED	0	0	ILLUMINA	Illumina HiSeq 2500	SRP132141	PRJNA354675	2	354675	SRS2910601	SAMN06050133	simple	318829	Pyricularia oryzae	TW-TN4-2  genome							no					FUJIAN AGRICULTURE AND FORESTRY UNIVERSITY	SRA655366		public	E84810D235735765CCB065A1F6C002E6	5B76A1E785FA721C3FB7FC61467CACDC
SRR6669151	2018-03-22 10:40:13	2018-02-04 12:44:08	15599557	3899889250	15599557	250	2127		https://sra-downloadb.be-md.ncbi.nlm.nih.gov/sos12/sra-pub-zq-1211/SRR006/669/SRR6669151/SRR6669151.sralite.1	SRX3645903	WD-3-1	WGS	size fractionation	GENOMIC	PAIRED	0	0	ILLUMINA	Illumina HiSeq 2500	SRP132141	PRJNA354675	2	354675	SRS2910600	SAMN06050134	simple	318829	Pyricularia oryzae	WD-3-1_1  genome							no					FUJIAN AGRICULTURE AND FORESTRY UNIVERSITY	SRA655366		public	2668307967A2EB6E91926E4000A6D1B4	3A60F57F257EC2DC8BDFC2DD83BB7704
SRR6669152	2018-03-22 10:40:13	2018-02-04 12:45:29	11725318	3517595400	11725318	300	1279		https://sra-downloadb.be-md.ncbi.nlm.nih.gov/sos12/sra-pub-zq-1211/SRR006/669/SRR6669152/SRR6669152.sralite.1	SRX3645902	YN07205e	WGS	size fractionation	GENOMIC	PAIRED	0	0	ILLUMINA	Illumina HiSeq 2500	SRP132141	PRJNA354675	2	354675	SRS2910599	SAMN06050135	simple	318829	Pyricularia oryzae	YN07205e  genome							no					FUJIAN AGRICULTURE AND FORESTRY UNIVERSITY	SRA655366		public	C6E4A0CF2D02847BE93801371BD8A295	92C9C0E8965B0E2B576DFA152E87EA4B
SRR6669153	2018-03-22 10:40:13	2018-02-04 12:48:54	11279995	3383998500	11279995	300	1231		https://sra-downloadb.be-md.ncbi.nlm.nih.gov/sos12/sra-pub-zq-1211/SRR006/669/SRR6669153/SRR6669153.sralite.1	SRX3645901	YN072310	WGS	size fractionation	GENOMIC	PAIRED	0	0	ILLUMINA	Illumina HiSeq 2500	SRP132141	PRJNA354675	2	354675	SRS2910598	SAMN06050136	simple	318829	Pyricularia oryzae	YN072310  genome							no					FUJIAN AGRICULTURE AND FORESTRY UNIVERSITY	SRA655366		public	CDEDE3AF95D7FEDBE63A4D652BBB921E	24E5D959D07586B6CFDDE0B3D004193E
SRR6669154	2018-03-22 10:40:13	2018-02-04 12:52:11	12605274	3781582200	12605274	300	1373		https://sra-downloadb.be-md.ncbi.nlm.nih.gov/sos12/sra-pub-zq-1214/SRR006/669/SRR6669154.sralite.1	SRX3645900	YN072311	WGS	size fractionation	GENOMIC	PAIRED	0	0	ILLUMINA	Illumina HiSeq 2500	SRP132141	PRJNA354675	2	354675	SRS2910597	SAMN06050137	simple	318829	Pyricularia oryzae	YN072311  genome							no					FUJIAN AGRICULTURE AND FORESTRY UNIVERSITY	SRA655366		public	2492CAE86417A7361062B815C5254C11	C3CF63773AB105B7D2EEB5C90880D41A
SRR6669155	2018-03-22 10:40:13	2018-02-04 12:44:12	10238323	3071496900	10238323	300	1121		https://sra-downloadb.be-md.ncbi.nlm.nih.gov/sos12/sra-pub-zq-1211/SRR006/669/SRR6669155/SRR6669155.sralite.1	SRX3645899	YN072313	WGS	size fractionation	GENOMIC	PAIRED	0	0	ILLUMINA	Illumina HiSeq 2500	SRP132141	PRJNA354675	2	354675	SRS2910596	SAMN06050138	simple	318829	Pyricularia oryzae	YN072313  genome							no					FUJIAN AGRICULTURE AND FORESTRY UNIVERSITY	SRA655366		public	243F25BC5EFCA1016DF8F478493B9FAD	A094B327833DCD2EE70231FA53A0AB8E
SRR6669156	2018-03-22 10:40:13	2018-02-04 12:44:59	9785523	2935656900	9785523	300	1071		https://sra-downloadb.be-md.ncbi.nlm.nih.gov/sos12/sra-pub-zq-1211/SRR006/669/SRR6669156/SRR6669156.sralite.1	SRX3645898	YN08181e	WGS	size fractionation	GENOMIC	PAIRED	0	0	ILLUMINA	Illumina HiSeq 2500	SRP132141	PRJNA354675	2	354675	SRS2910595	SAMN06050139	simple	318829	Pyricularia oryzae	YN08181e  genome							no					FUJIAN AGRICULTURE AND FORESTRY UNIVERSITY	SRA655366		public	9BFA4ED5C17F4A2353D115172EE21EFC	80ED0B0554B31E225C57187829832794
SRR6669217	2018-03-22 10:40:12	2018-02-04 12:46:13	8221780	1644356000	8221780	200	1123		https://sra-downloadb.be-md.ncbi.nlm.nih.gov/sos12/sra-pub-zq-1211/SRR006/669/SRR6669217/SRR6669217.sralite.1	SRX3645837	FJ11SH-527-1	WGS	size fractionation	GENOMIC	PAIRED	0	0	ILLUMINA	Illumina HiSeq 2500	SRP132141	PRJNA354675	2	354675	SRS2910534	SAMN06050070	simple	318829	Pyricularia oryzae	FJ11SH-527-1  genome							no					FUJIAN AGRICULTURE AND FORESTRY UNIVERSITY	SRA655366		public	900274512868E7A70819C7B46C49EE71	98ECCDDF361E892AC9FC612816154C24
SRR6669218	2018-03-22 10:40:12	2018-02-04 12:45:47	6482872	1296574400	6482872	200	885		https://sra-downloadb.be-md.ncbi.nlm.nih.gov/sos12/sra-pub-zq-1214/SRR006/669/SRR6669218.sralite.1	SRX3645836	FJ11YD-673-1	WGS	size fractionation	GENOMIC	PAIRED	0	0	ILLUMINA	Illumina HiSeq 2500	SRP132141	PRJNA354675	2	354675	SRS2910533	SAMN06050071	simple	318829	Pyricularia oryzae	FJ11YD-673-1  genome							no					FUJIAN AGRICULTURE AND FORESTRY UNIVERSITY	SRA655366		public	B0E0241D3D123936FB492A666FDBABC2	5C67F7CB6B23F82A7D381B269DD4AD96
SRR6669215	2018-03-22 10:40:12	2018-02-04 12:49:06	11266751	2253350200	11266751	200	1527		https://sra-downloadb.be-md.ncbi.nlm.nih.gov/sos12/sra-pub-zq-1211/SRR006/669/SRR6669215/SRR6669215.sralite.1	SRX3645839	FJ12JN-084-3	WGS	size fractionation	GENOMIC	PAIRED	0	0	ILLUMINA	Illumina HiSeq 2500	SRP132141	PRJNA354675	2	354675	SRS2910536	SAMN06050072	simple	318829	Pyricularia oryzae	FJ12JN-084-3  genome							no					FUJIAN AGRICULTURE AND FORESTRY UNIVERSITY	SRA655366		public	4E15E1C0C7243C0D6C924D85D136AE9E	3C5EF56B676AED667B0F670434B8BF26
SRR6669216	2018-03-22 10:40:12	2018-02-04 12:46:23	6405679	1281135800	6405679	200	881		https://sra-downloadb.be-md.ncbi.nlm.nih.gov/sos12/sra-pub-zq-1214/SRR006/669/SRR6669216.sralite.1	SRX3645838	FJ13SH05-2	WGS	size fractionation	GENOMIC	PAIRED	0	0	ILLUMINA	Illumina HiSeq 2500	SRP132141	PRJNA354675	2	354675	SRS2910535	SAMN06050073	simple	318829	Pyricularia oryzae	FJ13SH05-2  genome							no					FUJIAN AGRICULTURE AND FORESTRY UNIVERSITY	SRA655366		public	DDB5E85EDECC48A51DEF7C048CEAAA92	E62BAE46D867B161F70175E2D851BAD4
SRR6669201	2018-03-22 10:40:12	2018-02-04 12:45:43	7523157	1504631400	7523157	200	1033		https://sra-downloadb.be-md.ncbi.nlm.nih.gov/sos12/sra-pub-zq-1211/SRR006/669/SRR6669201/SRR6669201.sralite.1	SRX3645853	FJ95054B	WGS	size fractionation	GENOMIC	PAIRED	0	0	ILLUMINA	Illumina HiSeq 2500	SRP132141	PRJNA354675	2	354675	SRS2910550	SAMN06050090	simple	318829	Pyricularia oryzae	FJ95054B  genome							no					FUJIAN AGRICULTURE AND FORESTRY UNIVERSITY	SRA655366		public	8F948BF2495DBC3D17E185EE90716317	49A1CED5A56FD2155C6A5AF19852E810
SRR6669202	2018-03-22 10:40:12	2018-02-04 12:48:19	8539157	1707831400	8539157	200	1169		https://sra-downloadb.be-md.ncbi.nlm.nih.gov/sos12/sra-pub-zq-1211/SRR006/669/SRR6669202/SRR6669202.sralite.1	SRX3645852	FJ95085AZB13-116	WGS	size fractionation	GENOMIC	PAIRED	0	0	ILLUMINA	Illumina HiSeq 2500	SRP132141	PRJNA354675	2	354675	SRS2910549	SAMN06050091	simple	318829	Pyricularia oryzae	FJ95085AZB13-116  genome							no					FUJIAN AGRICULTURE AND FORESTRY UNIVERSITY	SRA655366		public	EFDFDA17F1635B3077F2B95B0DD2EA1B	4B2EF7FCEDDEA77B1C774C5EFEC711F7
SRR6669203	2018-03-22 10:40:12	2018-02-04 12:46:10	7895729	1579145800	7895729	200	1080		https://sra-downloadb.be-md.ncbi.nlm.nih.gov/sos12/sra-pub-zq-1211/SRR006/669/SRR6669203/SRR6669203.sralite.1	SRX3645851	FJ98099	WGS	size fractionation	GENOMIC	PAIRED	0	0	ILLUMINA	Illumina HiSeq 2500	SRP132141	PRJNA354675	2	354675	SRS2910548	SAMN06050092	simple	318829	Pyricularia oryzae	FJ98099  genome							no					FUJIAN AGRICULTURE AND FORESTRY UNIVERSITY	SRA655366		public	AD0A97757E93164A7351732E541ACCEB	F5680DA49EF50FC34C7D6A89A5412D0E
SRR6669204	2018-03-22 10:40:12	2018-02-04 12:46:42	8649448	1729889600	8649448	200	1139		https://sra-downloadb.be-md.ncbi.nlm.nih.gov/sos12/sra-pub-zq-1211/SRR006/669/SRR6669204/SRR6669204.sralite.1	SRX3645850	FJ99138	WGS	size fractionation	GENOMIC	PAIRED	0	0	ILLUMINA	Illumina HiSeq 2500	SRP132141	PRJNA354675	2	354675	SRS2910547	SAMN06050093	simple	318829	Pyricularia oryzae	FJ99138  genome							no					FUJIAN AGRICULTURE AND FORESTRY UNIVERSITY	SRA655366		public	1428853716CFCA939F1276915F6549E8	8EE4A86C7B72C1E0ADD9313B6E0D8884
SRR6669199	2018-03-22 10:40:12	2018-02-04 12:47:46	9709152	2912745600	9709152	300	1180		https://sra-downloadb.be-md.ncbi.nlm.nih.gov/sos12/sra-pub-zq-1211/SRR006/669/SRR6669199/SRR6669199.sralite.1	SRX3645855	GD06-53	WGS	size fractionation	GENOMIC	PAIRED	0	0	ILLUMINA	Illumina HiSeq 2500	SRP132141	PRJNA354675	2	354675	SRS2910552	SAMN06050096	simple	318829	Pyricularia oryzae	GD06-53  genome							no					FUJIAN AGRICULTURE AND FORESTRY UNIVERSITY	SRA655366		public	9FD8E32968FC4DD79C5D5544E089B831	5A9CC4F963A5F4EAAAC02EC813D10E62
SRR6669200	2018-03-22 10:40:12	2018-02-04 12:48:57	9900293	2970087900	9900293	300	1190		https://sra-downloadb.be-md.ncbi.nlm.nih.gov/sos12/sra-pub-zq-1211/SRR006/669/SRR6669200/SRR6669200.sralite.1	SRX3645854	GD08-2025	WGS	size fractionation	GENOMIC	PAIRED	0	0	ILLUMINA	Illumina HiSeq 2500	SRP132141	PRJNA354675	2	354675	SRS2910551	SAMN06050097	simple	318829	Pyricularia oryzae	GD08-2025  genome							no					FUJIAN AGRICULTURE AND FORESTRY UNIVERSITY	SRA655366		public	A55278BAAF98F9D3B23615364197ADA3	F66435F848DEC910A73044FB11CC29E1
SRR6669205	2018-03-22 10:40:12	2018-02-04 12:49:36	9668710	2900613000	9668710	300	1200		https://sra-downloadb.be-md.ncbi.nlm.nih.gov/sos12/sra-pub-zq-1211/SRR006/669/SRR6669205/SRR6669205.sralite.1	SRX3645849	HB-14	WGS	size fractionation	GENOMIC	PAIRED	0	0	ILLUMINA	Illumina HiSeq 2500	SRP132141	PRJNA354675	2	354675	SRS2910546	SAMN06050098	simple	318829	Pyricularia oryzae	HB-14  genome							no					FUJIAN AGRICULTURE AND FORESTRY UNIVERSITY	SRA655366		public	4F6B1D5DDFCC72749AFDB6050BAEE045	A54E2F7545E0B17622DD241EA3E1A940
SRR6669206	2018-03-22 10:40:12	2018-02-04 12:46:21	7791919	1558383800	7791919	200	1051		https://sra-downloadb.be-md.ncbi.nlm.nih.gov/sos12/sra-pub-zq-1211/SRR006/669/SRR6669206/SRR6669206.sralite.1	SRX3645848	HB-LTH18	WGS	size fractionation	GENOMIC	PAIRED	0	0	ILLUMINA	Illumina HiSeq 2500	SRP132141	PRJNA354675	2	354675	SRS2910545	SAMN06050099	simple	318829	Pyricularia oryzae	HB-LTH18  genome							no					FUJIAN AGRICULTURE AND FORESTRY UNIVERSITY	SRA655366		public	B5524509B21ADD42D34966D62A828300	A55BCBC81595AD172FD2336BEDFB0593
SRR6669208	2018-03-22 10:40:12	2018-02-04 12:48:56	9826461	2947938300	9826461	300	1067		https://sra-downloadb.be-md.ncbi.nlm.nih.gov/sos12/sra-pub-zq-1211/SRR006/669/SRR6669208/SRR6669208.sralite.1	SRX3645846	YN08182c	WGS	size fractionation	GENOMIC	PAIRED	0	0	ILLUMINA	Illumina HiSeq 2500	SRP132141	PRJNA354675	2	354675	SRS2910543	SAMN06050140	simple	318829	Pyricularia oryzae	YN08182c  genome							no					FUJIAN AGRICULTURE AND FORESTRY UNIVERSITY	SRA655366		public	BE9CC91CF69EA9A56D91FC90D2E31E6B	0C011BB31D97818E832A21882663DF17
SRR6669207	2018-03-22 10:40:12	2018-02-04 12:49:29	11346767	3404030100	11346767	300	1234		https://sra-downloadb.be-md.ncbi.nlm.nih.gov/sos12/sra-pub-zq-1214/SRR006/669/SRR6669207.sralite.1	SRX3645847	YN126311	WGS	size fractionation	GENOMIC	PAIRED	0	0	ILLUMINA	Illumina HiSeq 2500	SRP132141	PRJNA354675	2	354675	SRS2910544	SAMN06050141	simple	318829	Pyricularia oryzae	YN126311  genome							no					FUJIAN AGRICULTURE AND FORESTRY UNIVERSITY	SRA655366		public	830C7EA47E4804B738ADE7BCA2098777	2CFBD545E30EF7447B680A3D660ECED7
SRR6669210	2018-03-22 10:40:12	2018-02-04 12:48:48	9448255	2834476500	9448255	300	1032		https://sra-downloadb.be-md.ncbi.nlm.nih.gov/sos12/sra-pub-zq-1211/SRR006/669/SRR6669210/SRR6669210.sralite.1	SRX3645844	YN126441	WGS	size fractionation	GENOMIC	PAIRED	0	0	ILLUMINA	Illumina HiSeq 2500	SRP132141	PRJNA354675	2	354675	SRS2910541	SAMN06050142	simple	318829	Pyricularia oryzae	YN126441  genome							no					FUJIAN AGRICULTURE AND FORESTRY UNIVERSITY	SRA655366		public	37CC0E0FBEDA2782BBEAC8F4CD5C41DD	121D959E8F04B88EC3AC598746770D8E
SRR6669209	2018-03-22 10:40:12	2018-02-04 12:47:44	8331337	2499401100	8331337	300	1043		https://sra-downloadb.be-md.ncbi.nlm.nih.gov/sos12/sra-pub-zq-1211/SRR006/669/SRR6669209/SRR6669209.sralite.1	SRX3645845	YN8773-19	WGS	size fractionation	GENOMIC	PAIRED	0	0	ILLUMINA	Illumina HiSeq 2500	SRP132141	PRJNA354675	2	354675	SRS2910542	SAMN06050143	simple	318829	Pyricularia oryzae	YN8773-19  genome							no					FUJIAN AGRICULTURE AND FORESTRY UNIVERSITY	SRA655366		public	1CE731248898002BA0126DF1C7893F32	B21256953E6CCD1473E0FA1AB3448B45
SRR6669212	2018-03-22 10:40:12	2018-02-04 12:47:09	7100169	2130050700	7100169	300	887		https://sra-downloadb.be-md.ncbi.nlm.nih.gov/sos12/sra-pub-zq-1214/SRR006/669/SRR6669212.sralite.1	SRX3645842	YN8773R-27	WGS	size fractionation	GENOMIC	PAIRED	0	0	ILLUMINA	Illumina HiSeq 2500	SRP132141	PRJNA354675	2	354675	SRS2910539	SAMN06050144	simple	318829	Pyricularia oryzae	YN8773R-27  genome							no					FUJIAN AGRICULTURE AND FORESTRY UNIVERSITY	SRA655366		public	0FBB84856E64D2AB2C8A2389F1CF0F85	B8105467E46B96C0A9AF24E1403DF4E8
SRR6669211	2018-03-22 10:40:12	2018-02-04 12:48:04	9231195	2769358500	9231195	300	1125		https://sra-downloadb.be-md.ncbi.nlm.nih.gov/sos12/sra-pub-zq-1211/SRR006/669/SRR6669211/SRR6669211.sralite.1	SRX3645843	ZJ00-10	WGS	size fractionation	GENOMIC	PAIRED	0	0	ILLUMINA	Illumina HiSeq 2500	SRP132141	PRJNA354675	2	354675	SRS2910540	SAMN06050145	simple	318829	Pyricularia oryzae	ZJ00-10  genome							no					FUJIAN AGRICULTURE AND FORESTRY UNIVERSITY	SRA655366		public	67FD53406997A79A69B771587FB31BBA	9F0970FF510AAF917EB1B46DC7350D42
SRR6669214	2018-03-22 10:40:12	2018-02-04 12:50:41	10394628	3118388400	10394628	300	1341		https://sra-downloadb.be-md.ncbi.nlm.nih.gov/sos12/sra-pub-zq-1214/SRR006/669/SRR6669214.sralite.1	SRX3645840	ZJ08-41	WGS	size fractionation	GENOMIC	PAIRED	0	0	ILLUMINA	Illumina HiSeq 2500	SRP132141	PRJNA354675	2	354675	SRS2910537	SAMN06050146	simple	318829	Pyricularia oryzae	ZJ08-41  genome							no					FUJIAN AGRICULTURE AND FORESTRY UNIVERSITY	SRA655366		public	CF49989681F3BE2D9BD37F23FBB169D1	C6353243E60D686D249FB45C2407F87B
SRR6669213	2018-03-22 10:40:12	2018-02-04 12:46:19	6202288	1860686400	6202288	300	1177		https://sra-downloadb.be-md.ncbi.nlm.nih.gov/sos12/sra-pub-zq-1211/SRR006/669/SRR6669213/SRR6669213.sralite.1	SRX3645841	ZJ2011-7-1	WGS	size fractionation	GENOMIC	PAIRED	0	0	ILLUMINA	Illumina HiSeq 2500	SRP132141	PRJNA354675	2	354675	SRS2910538	SAMN06050147	simple	318829	Pyricularia oryzae	ZJ2011-7-1  genome							no					FUJIAN AGRICULTURE AND FORESTRY UNIVERSITY	SRA655366		public	65BBC6E52A28DAB8C59FA56F03D950E8	78AB98C9080EE6B649071C69E7744075
SRR6384784	2017-12-18 11:22:10	2017-12-18 11:16:14	20209976	2020997600	0	100	1195		https://sra-downloadb.be-md.ncbi.nlm.nih.gov/sos12/sra-pub-zq-1214/SRR006/384/SRR6384784.sralite.1	SRX3478392	CH0549	WGS	RANDOM	GENOMIC	SINGLE	0	0	ILLUMINA	Illumina HiSeq 2500	SRP126937	PRJNA417903		417903	SRS2764381	SAMN08010955	simple	318829	Pyricularia oryzae	CH0549							no					INRA	SRA639502		public	9B9448410DFD93E57944E9A22F80C4C8	21AC1E11FEE47217D709773772D35D1E
SRR6384783	2017-12-18 11:15:11	2017-12-18 11:13:02	1276250	585731900	1276250	458	287		https://sra-downloadb.be-md.ncbi.nlm.nih.gov/sos12/sra-pub-zq-1214/SRR006/384/SRR6384783.sralite.1	SRX3478393	CH0595	WGS	RANDOM	GENOMIC	PAIRED	0	0	ILLUMINA	Illumina HiSeq 2500	SRP126937	PRJNA417903		417903	SRS2764382	SAMN08010956	simple	318829	Pyricularia oryzae	CH0595							no					INRA	SRA639502		public	0FEF202EF32E0DA4471A18ED33244E90	E6F063BCFAE6F92C3A21D4024FD447D8
SRR6384782	2017-12-18 11:15:11	2017-12-18 11:13:13	1123813	515980184	1123813	459	257		https://sra-downloadb.be-md.ncbi.nlm.nih.gov/sos12/sra-pub-zq-1214/SRR006/384/SRR6384782.sralite.1	SRX3478394	CH0680	WGS	RANDOM	GENOMIC	PAIRED	0	0	ILLUMINA	Illumina HiSeq 2500	SRP126937	PRJNA417903		417903	SRS2764383	SAMN08010957	simple	318829	Pyricularia oryzae	CH0680							no					INRA	SRA639502		public	FCF5ECF95BDE61AF0265C7598989DED0	4E9D86BB83012B3703FF80BC7C9C8074
SRR6384781	2017-12-18 11:15:11	2017-12-18 11:12:43	1241849	569772671	1241849	458	283		https://sra-downloadb.be-md.ncbi.nlm.nih.gov/sos12/sra-pub-zq-1214/SRR006/384/SRR6384781.sralite.1	SRX3478395	CH0689	WGS	RANDOM	GENOMIC	PAIRED	0	0	ILLUMINA	Illumina HiSeq 2500	SRP126937	PRJNA417903		417903	SRS2764384	SAMN08010958	simple	318829	Pyricularia oryzae	CH0689							no					INRA	SRA639502		public	6F9DB0309C61B0CC7EA4730121FDFE1B	607E73113333D80E2EE1AC54331D1ED5
SRR6384780	2017-12-18 11:15:11	2017-12-18 11:13:03	1195967	548733229	1195967	458	270		https://sra-downloadb.be-md.ncbi.nlm.nih.gov/sos12/sra-pub-zq-1214/SRR006/384/SRR6384780.sralite.1	SRX3478396	CH0701	WGS	RANDOM	GENOMIC	PAIRED	0	0	ILLUMINA	Illumina HiSeq 2500	SRP126937	PRJNA417903		417903	SRS2764385	SAMN08010959	simple	318829	Pyricularia oryzae	CH0701							no					INRA	SRA639502		public	9C793A4D5EBB069C9586F5B8804FE958	AE15A97A0734623B5EB7E069D9079B0D
SRR6384779	2017-12-18 11:15:11	2017-12-18 11:13:09	1099014	504255285	1099014	458	246		https://sra-downloadb.be-md.ncbi.nlm.nih.gov/sos12/sra-pub-zq-1214/SRR006/384/SRR6384779.sralite.1	SRX3478397	CH0860	WGS	RANDOM	GENOMIC	PAIRED	0	0	ILLUMINA	Illumina HiSeq 2500	SRP126937	PRJNA417903		417903	SRS2764386	SAMN08010960	simple	318829	Pyricularia oryzae	CH0860							no					INRA	SRA639502		public	5DCE425070B8730EDEDB1499C7C8A405	808C407AF9F0789C7B89D76F653362DB
SRR6384778	2017-12-18 11:15:11	2017-12-18 11:12:56	1218985	560035950	1218985	459	278		https://sra-downloadb.be-md.ncbi.nlm.nih.gov/sos12/sra-pub-zq-1214/SRR006/384/SRR6384778.sralite.1	SRX3478398	CH0999	WGS	RANDOM	GENOMIC	PAIRED	0	0	ILLUMINA	Illumina HiSeq 2500	SRP126937	PRJNA417903		417903	SRS2764387	SAMN08010961	simple	318829	Pyricularia oryzae	CH0999							no					INRA	SRA639502		public	AA9490E7C85B70480E878422B35182C6	E46CC46EB21A5BF89868AB139320FD68
SRR6384777	2017-12-18 11:15:11	2017-12-18 11:13:13	1201396	551463037	1201396	459	272		https://sra-downloadb.be-md.ncbi.nlm.nih.gov/sos12/sra-pub-zq-1214/SRR006/384/SRR6384777.sralite.1	SRX3478399	CH1016	WGS	RANDOM	GENOMIC	PAIRED	0	0	ILLUMINA	Illumina HiSeq 2500	SRP126937	PRJNA417903		417903	SRS2764388	SAMN08010962	simple	318829	Pyricularia oryzae	CH1016							no					INRA	SRA639502		public	40FA65059BADF673E31BEE260BE2EF91	EA0D3338FD5E9A099682257EFAA5D669
SRR6384787	2017-12-18 11:15:11	2017-12-18 11:13:33	1162061	532735615	1162061	458	260		https://sra-downloadb.be-md.ncbi.nlm.nih.gov/sos12/sra-pub-zq-1214/SRR006/384/SRR6384787.sralite.1	SRX3478389	CH1019	WGS	RANDOM	GENOMIC	PAIRED	0	0	ILLUMINA	Illumina HiSeq 2500	SRP126937	PRJNA417903		417903	SRS2764378	SAMN08010963	simple	318829	Pyricularia oryzae	CH1019							no					INRA	SRA639502		public	F72F718C256CAF60DB5587DCF4FD9CC2	530A37744D4B5C5B5F67F7B4218E0944
SRR6384786	2017-12-18 11:23:12	2017-12-18 11:18:59	21968939	2196893900	0	100	1308		https://sra-downloadb.be-md.ncbi.nlm.nih.gov/sos12/sra-pub-zq-1214/SRR006/384/SRR6384786.sralite.1	SRX3478390	CL0026	WGS	RANDOM	GENOMIC	SINGLE	0	0	ILLUMINA	Illumina HiSeq 2500	SRP126937	PRJNA417903		417903	SRS2764379	SAMN08010964	simple	318829	Pyricularia oryzae	CL0026							no					INRA	SRA639502		public	59F9BCC8BD369961D40951A3AD197E2A	FBD7E4F96EBDE2FBF1C65BD6C528B285
SRR6384774	2017-12-18 11:26:34	2017-12-18 11:22:33	27378423	2737842300	0	100	1752		https://sra-downloadb.be-md.ncbi.nlm.nih.gov/sos12/sra-pub-zq-1214/SRR006/384/SRR6384774.sralite.1	SRX3478402	ML0025	WGS	RANDOM	GENOMIC	SINGLE	0	0	ILLUMINA	Illumina HiSeq 2500	SRP126937	PRJNA417903		417903	SRS2764391	SAMN08010975	simple	318829	Pyricularia oryzae	ML0025							no					INRA	SRA639502		public	B33CC225AA26207ECDB546BDCD204390	34DB2B39D4B802005FA2E55A558DC66A
SRR6384773	2017-12-18 11:15:11	2017-12-18 11:13:03	1141030	523104241	1141030	458	256		https://sra-downloadb.be-md.ncbi.nlm.nih.gov/sos12/sra-pub-zq-1214/SRR006/384/SRR6384773.sralite.1	SRX3478403	NP0037	WGS	RANDOM	GENOMIC	PAIRED	0	0	ILLUMINA	Illumina HiSeq 2500	SRP126937	PRJNA417903		417903	SRS2764392	SAMN08010976	simple	318829	Pyricularia oryzae	NP0037							no					INRA	SRA639502		public	EDD3A7355E87DC2373A8F68C28D81616	14F025C0CDC8EE95DB0F04FDBAC571E0
SRR6384776	2017-12-18 11:16:34	2017-12-18 11:14:10	1460182	668880863	1460182	458	328		https://sra-downloadb.be-md.ncbi.nlm.nih.gov/sos12/sra-pub-zq-1214/SRR006/384/SRR6384776.sralite.1	SRX3478400	NP0041	WGS	RANDOM	GENOMIC	PAIRED	0	0	ILLUMINA	Illumina HiSeq 2500	SRP126937	PRJNA417903		417903	SRS2764389	SAMN08010977	simple	318829	Pyricularia oryzae	NP0041							no					INRA	SRA639502		public	0EAE4AE900ECBCDF639EDCFB32F6C2F4	AECCC6EEBC3F3DEB7030B49FAD7C31DF
SRR6384775	2017-12-18 11:15:11	2017-12-18 11:13:11	1258559	575475614	1258559	457	280		https://sra-downloadb.be-md.ncbi.nlm.nih.gov/sos12/sra-pub-zq-1214/SRR006/384/SRR6384775.sralite.1	SRX3478401	NP0052	WGS	RANDOM	GENOMIC	PAIRED	0	0	ILLUMINA	Illumina HiSeq 2500	SRP126937	PRJNA417903		417903	SRS2764390	SAMN08010978	simple	318829	Pyricularia oryzae	NP0052							no					INRA	SRA639502		public	45C86668C4AF3DCAE18067BD5FB93001	ADB2209975467EA14576415AC56C5182
SRR6384770	2017-12-18 11:15:11	2017-12-18 11:12:32	760487	348995635	760487	458	176		https://sra-downloadb.be-md.ncbi.nlm.nih.gov/sos12/sra-pub-zq-1214/SRR006/384/SRR6384770.sralite.1	SRX3478406	NP0061	WGS	RANDOM	GENOMIC	PAIRED	0	0	ILLUMINA	Illumina HiSeq 2500	SRP126937	PRJNA417903		417903	SRS2764395	SAMN08010979	simple	318829	Pyricularia oryzae	NP0061							no					INRA	SRA639502		public	80B8BD70E0089343D09A7388B31F8B89	9298BAE01BF7AE588BB25FFF74D4DA5E
SRR6384769	2017-12-21 17:43:33	2017-12-21 15:18:10	10972003	1097200300	0	100	853		https://sra-downloadb.be-md.ncbi.nlm.nih.gov/sos12/sra-pub-zq-1214/SRR006/384/SRR6384769.sralite.1	SRX3478407	PH0103	WGS	RANDOM	GENOMIC	SINGLE	0	0	ILLUMINA	Illumina HiSeq 2500	SRP126937	PRJNA417903		417903	SRS2764396	SAMN08010980	simple	318829	Pyricularia oryzae	PH0103							no					INRA	SRA639502		public	349DA30CF145F8DB4408A46CA94690E8	6A1EE65E33BAA2706D157C08D4806F9A
SRR6384772	2017-12-18 11:35:11	2017-12-18 11:29:13	31917780	3191778000	0	100	2037		https://sra-downloadb.be-md.ncbi.nlm.nih.gov/sos12/sra-pub-zq-1214/SRR006/384/SRR6384772.sralite.1	SRX3478404	PH0118	WGS	RANDOM	GENOMIC	SINGLE	0	0	ILLUMINA	Illumina HiSeq 2500	SRP126937	PRJNA417903		417903	SRS2764393	SAMN08010981	simple	318829	Pyricularia oryzae	PH0118							no					INRA	SRA639502		public	FADE9D72BB94013BFFFAEE0FC8FEC22F	CB98D616D2DC92546C6781925F41A6A0
SRR6384771	2017-12-18 11:22:10	2017-12-18 11:15:43	17023765	1702376500	0	100	1082		https://sra-downloadb.be-md.ncbi.nlm.nih.gov/sos12/sra-pub-zq-1214/SRR006/384/SRR6384771.sralite.1	SRX3478405	PR0009	WGS	RANDOM	GENOMIC	SINGLE	0	0	ILLUMINA	Illumina HiSeq 2500	SRP126937	PRJNA417903		417903	SRS2764394	SAMN08010982	simple	318829	Pyricularia oryzae	PR0009							no					INRA	SRA639502		public	ADD6158466025C7E0B1AF1DCAA7FAF56	DB7DD2F8CDA7159AC3F18030FD45C0CD
SRR6384768	2017-12-18 11:23:12	2017-12-18 11:17:10	27657272	2765727200	0	100	1765		https://sra-downloadb.be-md.ncbi.nlm.nih.gov/sos12/sra-pub-zq-1214/SRR006/384/SRR6384768.sralite.1	SRX3478408	SP0005	WGS	RANDOM	GENOMIC	SINGLE	0	0	ILLUMINA	Illumina HiSeq 2500	SRP126937	PRJNA417903		417903	SRS2764397	SAMN08010983	simple	318829	Pyricularia oryzae	SP0005							no					INRA	SRA639502		public	D98129315D74CCCA83DF5125ABB84690	F8345BEA270FB45442825B04BE337B5C
SRR6384767	2017-12-18 11:14:18	2017-12-18 11:11:55	1354335	621404500	1354335	458	303		https://sra-downloadb.be-md.ncbi.nlm.nih.gov/sos12/sra-pub-zq-1214/SRR006/384/SRR6384767.sralite.1	SRX3478409	TH0014	WGS	RANDOM	GENOMIC	PAIRED	0	0	ILLUMINA	Illumina HiSeq 2500	SRP126937	PRJNA417903		417903	SRS2764398	SAMN08010984	simple	318829	Pyricularia oryzae	TH0014							no					INRA	SRA639502		public	F58C971F6ADF3005D0181A6DCEC3A240	EB898026412AEFEC5067462F7BD3FB22
SRR6384785	2017-12-18 11:35:02	2017-12-18 11:28:07	22890299	2289029900	0	100	1462		https://sra-downloadb.be-md.ncbi.nlm.nih.gov/sos12/sra-pub-zq-1214/SRR006/384/SRR6384785.sralite.1	SRX3478391	US0098	WGS	RANDOM	GENOMIC	SINGLE	0	0	ILLUMINA	Illumina HiSeq 2500	SRP126937	PRJNA417903		417903	SRS2764380	SAMN08010987	simple	318829	Pyricularia oryzae	US0098							no					INRA	SRA639502		public	67CEAD6C4EEBBC170D4A1F4355D78C14	0651987BD28E5B5D3ED118AE852CB182
SRR6409440	2019-01-01 00:16:23	2017-12-21 12:19:34	8810404	1779701608	8810404	202	631		https://sra-downloadb.be-md.ncbi.nlm.nih.gov/sos12/sra-pub-zq-1214/SRR006/409/SRR6409440.sralite.1	SRX3502561	ID39	WGS	PCR	GENOMIC	PAIRED	0	0	ILLUMINA	Illumina HiSeq 2500	SRP127329	PRJNA427127		427127	SRS2780407	SAMN08224067	simple	318829	Pyricularia oryzae	ID39							no					CBGP	SRA640904		public	7B461C6B0A713473581C5324B31B55D1	E62459F1342032597BF27688B21BFB7F
SRR6409441	2019-01-01 00:16:23	2017-12-21 12:22:23	8281313	1672825226	8281313	202	623		https://sra-downloadb.be-md.ncbi.nlm.nih.gov/sos12/sra-pub-zq-1214/SRR006/409/SRR6409441.sralite.1	SRX3502560	ID4	WGS	PCR	GENOMIC	PAIRED	0	0	ILLUMINA	Illumina HiSeq 2500	SRP127329	PRJNA427127		427127	SRS2780406	SAMN08224066	simple	318829	Pyricularia oryzae	ID4							no					CBGP	SRA640904		public	57702D2DD7142F94F9219D769CB343D9	B458AEB370B6A31DCAE978729017AAFD
SRR6409439	2019-01-01 00:16:24	2017-12-21 12:22:26	11032868	2228639336	11032868	202	780		https://sra-downloadb.be-md.ncbi.nlm.nih.gov/sos12/sra-pub-zq-1214/SRR006/409/SRR6409439.sralite.1	SRX3502562	ID42	WGS	PCR	GENOMIC	PAIRED	0	0	ILLUMINA	Illumina HiSeq 2500	SRP127329	PRJNA427127		427127	SRS2780408	SAMN08224068	simple	318829	Pyricularia oryzae	ID42							no					CBGP	SRA640904		public	919CB2DBF3FD4E3174F081938C72E61C	E2306807B1C11D2C610620698C80B31A
SRR6409438	2019-01-01 00:16:24	2017-12-21 12:18:16	8598692	1736935784	8598692	202	613		https://sra-downloadb.be-md.ncbi.nlm.nih.gov/sos12/sra-pub-zq-1214/SRR006/409/SRR6409438.sralite.1	SRX3502563	ID46A	WGS	PCR	GENOMIC	PAIRED	0	0	ILLUMINA	Illumina HiSeq 2500	SRP127329	PRJNA427127		427127	SRS2780410	SAMN08224069	simple	318829	Pyricularia oryzae	ID46A							no					CBGP	SRA640904		public	C4D0AA2EB64BC29065BC31B15ACAFB1B	61AC034AE2390F5A75901063022D1BD1
SRR6409437	2019-01-01 00:16:24	2017-12-21 12:22:56	8750224	1767545248	8750224	202	630		https://sra-downloadb.be-md.ncbi.nlm.nih.gov/sos12/sra-pub-zq-1214/SRR006/409/SRR6409437.sralite.1	SRX3502564	ID46B	WGS	PCR	GENOMIC	PAIRED	0	0	ILLUMINA	Illumina HiSeq 2500	SRP127329	PRJNA427127		427127	SRS2780487	SAMN08224070	simple	318829	Pyricularia oryzae	ID46B							no					CBGP	SRA640904		public	FD505F72029751564663DA0100A3334F	0AD50849401E08BB5E2D3064F4CB43F2
SRR6409436	2019-01-01 00:16:24	2017-12-21 12:19:26	9614646	1942158492	9614646	202	689		https://sra-downloadb.be-md.ncbi.nlm.nih.gov/sos12/sra-pub-zq-1214/SRR006/409/SRR6409436.sralite.1	SRX3502565	ID49	WGS	PCR	GENOMIC	PAIRED	0	0	ILLUMINA	Illumina HiSeq 2500	SRP127329	PRJNA427127		427127	SRS2780411	SAMN08224071	simple	318829	Pyricularia oryzae	ID49							no					CBGP	SRA640904		public	C0417F1EB92686A1F47238BA708C6649	189871A130B1C35F182FAF57EAE22402
SRR6409442	2019-01-01 00:16:23	2017-12-21 12:20:18	8194579	1655304958	8194579	202	586		https://sra-downloadb.be-md.ncbi.nlm.nih.gov/sos12/sra-pub-zq-1214/SRR006/409/SRR6409442.sralite.1	SRX3502559	2D4_0	WGS	PCR	GENOMIC	PAIRED	0	0	ILLUMINA	Illumina HiSeq 2500	SRP127329	PRJNA427127		427127	SRS2780441	SAMN08224065	simple	318829	Pyricularia oryzae	2D4_0							no					CBGP	SRA640904		public	C489BEC327BBF5C8F2E5D2385B1235D6	4BB855CC9A3899A126EE4FB4C68C1F86
SRR6409435	2019-01-01 00:16:24	2017-12-21 12:18:20	8380632	1692887664	8380632	202	609		https://sra-downloadb.be-md.ncbi.nlm.nih.gov/sos12/sra-pub-zq-1214/SRR006/409/SRR6409435.sralite.1	SRX3502566	2D4_1	WGS	PCR	GENOMIC	PAIRED	0	0	ILLUMINA	Illumina HiSeq 2500	SRP127329	PRJNA427127		427127	SRS2780412	SAMN08224074	simple	318829	Pyricularia oryzae	2D4_1							no					CBGP	SRA640904		public	6093D727633EC7BDB4928E9F04A2179F	125D936136911F906680D368350138CA
SRR6409434	2019-01-01 00:16:24	2017-12-21 12:19:31	7961153	1608152906	7961153	202	586		https://sra-downloadb.be-md.ncbi.nlm.nih.gov/sos12/sra-pub-zq-1214/SRR006/409/SRR6409434.sralite.1	SRX3502567	2D4_2	WGS	PCR	GENOMIC	PAIRED	0	0	ILLUMINA	Illumina HiSeq 2500	SRP127329	PRJNA427127		427127	SRS2780413	SAMN08224075	simple	318829	Pyricularia oryzae	2D4_2							no					CBGP	SRA640904		public	7ADEEC24C3860A9F1DFBC6581A0DBBA6	A9427F48E053F39440F51563BF7AD04A
SRR6409443	2019-01-01 00:16:23	2017-12-21 12:17:38	8517016	1720437232	8517016	202	609		https://sra-downloadb.be-md.ncbi.nlm.nih.gov/sos12/sra-pub-zq-1214/SRR006/409/SRR6409443.sralite.1	SRX3502558	Guy11_0	WGS	PCR	GENOMIC	PAIRED	0	0	ILLUMINA	Illumina HiSeq 2500	SRP127329	PRJNA427127		427127	SRS2780433	SAMN08224064	simple	318829	Pyricularia oryzae	Guy11_0							no					CBGP	SRA640904		public	3BE847F67BE293B825067FA89E3EB4C2	DAC4CD482CE563577CCE3C650742CE78
SRR6409445	2019-01-01 00:16:23	2017-12-21 12:17:56	8849110	1787520220	8849110	202	629		https://sra-downloadb.be-md.ncbi.nlm.nih.gov/sos12/sra-pub-zq-1214/SRR006/409/SRR6409445.sralite.1	SRX3502556	Guy11_1	WGS	PCR	GENOMIC	PAIRED	0	0	ILLUMINA	Illumina HiSeq 2500	SRP127329	PRJNA427127		427127	SRS2780404	SAMN08224072	simple	318829	Pyricularia oryzae	Guy11_1							no					CBGP	SRA640904		public	D2677A229F438B3837EC9E3838A559B5	B2277CCB3C90CB420ACA37F66E52903B
SRR6409444	2019-01-01 00:16:23	2017-12-21 12:20:11	8912374	1800299548	8912374	202	633		https://sra-downloadb.be-md.ncbi.nlm.nih.gov/sos12/sra-pub-zq-1214/SRR006/409/SRR6409444.sralite.1	SRX3502557	Guy11_2	WGS	PCR	GENOMIC	PAIRED	0	0	ILLUMINA	Illumina HiSeq 2500	SRP127329	PRJNA427127		427127	SRS2780444	SAMN08224073	simple	318829	Pyricularia oryzae	Guy11_2							no					CBGP	SRA640904		public	7B5115355F9C7210487909CEA98B2277	7A98F9F3F2A3793F5B111BC527695AC6
SRR6669221	2018-03-22 10:40:12	2018-02-04 12:47:23	8684200	1736840000	8684200	200	1183		https://sra-downloadb.be-md.ncbi.nlm.nih.gov/sos12/sra-pub-zq-1214/SRR006/669/SRR6669221.sralite.1	SRX3645833	FJ2000-62A	WGS	size fractionation	GENOMIC	PAIRED	0	0	ILLUMINA	Illumina HiSeq 2500	SRP132141	PRJNA354675	2	354675	SRS2910530	SAMN06050074	simple	318829	Pyricularia oryzae	FJ2000-62A  genome							no					FUJIAN AGRICULTURE AND FORESTRY UNIVERSITY	SRA655366		public	2B1128B7EE6F7CA10520F4F47BF7520C	5CCD41993B1501DAEA2E4181038F1EF6
SRR6669222	2018-03-22 10:40:12	2018-02-04 12:46:44	7601098	1520219600	7601098	200	1038		https://sra-downloadb.be-md.ncbi.nlm.nih.gov/sos12/sra-pub-zq-1211/SRR006/669/SRR6669222/SRR6669222.sralite.1	SRX3645832	FJ2000-69A	WGS	size fractionation	GENOMIC	PAIRED	0	0	ILLUMINA	Illumina HiSeq 2500	SRP132141	PRJNA354675	2	354675	SRS2910529	SAMN06050075	simple	318829	Pyricularia oryzae	FJ2000-69A  genome							no					FUJIAN AGRICULTURE AND FORESTRY UNIVERSITY	SRA655366		public	A0D1001F89CD33B00B7A2B97B30B6F2F	A5E92EA39DEB55CDDBA8C380D8FCB6E5
SRR6669219	2018-03-22 10:40:12	2018-02-04 12:46:56	9404251	1880850200	9404251	200	1293		https://sra-downloadb.be-md.ncbi.nlm.nih.gov/sos12/sra-pub-zq-1211/SRR006/669/SRR6669219/SRR6669219.sralite.1	SRX3645835	FJ2001-112B	WGS	size fractionation	GENOMIC	PAIRED	0	0	ILLUMINA	Illumina HiSeq 2500	SRP132141	PRJNA354675	2	354675	SRS2910532	SAMN06050076	simple	318829	Pyricularia oryzae	FJ2001-112B  genome							no					FUJIAN AGRICULTURE AND FORESTRY UNIVERSITY	SRA655366		public	483854909C4615A009EDDE6586E7AC2B	5B99ACE174930C260B19B809EAAFCA6B
SRR6669220	2018-03-22 10:40:12	2018-02-04 12:46:11	8168590	1633718000	8168590	200	1101		https://sra-downloadb.be-md.ncbi.nlm.nih.gov/sos12/sra-pub-zq-1211/SRR006/669/SRR6669220/SRR6669220.sralite.1	SRX3645834	FJ2003-001A1	WGS	size fractionation	GENOMIC	PAIRED	0	0	ILLUMINA	Illumina HiSeq 2500	SRP132141	PRJNA354675	2	354675	SRS2910531	SAMN06050077	simple	318829	Pyricularia oryzae	FJ2003-001A1  genome							no					FUJIAN AGRICULTURE AND FORESTRY UNIVERSITY	SRA655366		public	A0F4B2736B1724459CE4DB4F4C3DDE8C	DE368E05DC084CB0B871BD531FC63068
SRR6669223	2018-03-22 10:40:12	2018-02-04 12:47:31	8686468	1737293600	8686468	200	1189		https://sra-downloadb.be-md.ncbi.nlm.nih.gov/sos12/sra-pub-zq-1211/SRR006/669/SRR6669223/SRR6669223.sralite.1	SRX3645831	FJ2005113B	WGS	size fractionation	GENOMIC	PAIRED	0	0	ILLUMINA	Illumina HiSeq 2500	SRP132141	PRJNA354675	2	354675	SRS2910528	SAMN06050078	simple	318829	Pyricularia oryzae	FJ2005113B  genome							no					FUJIAN AGRICULTURE AND FORESTRY UNIVERSITY	SRA655366		public	187E74B185D0E05381EBD2326A295DDA	566E7A3DBB3732C0F619490FF2B505AB
SRR6669224	2018-03-22 10:40:12	2018-02-04 12:46:42	8659013	1731802600	8659013	200	1183		https://sra-downloadb.be-md.ncbi.nlm.nih.gov/sos12/sra-pub-zq-1211/SRR006/669/SRR6669224/SRR6669224.sralite.1	SRX3645830	FJ2006-60A3	WGS	size fractionation	GENOMIC	PAIRED	0	0	ILLUMINA	Illumina HiSeq 2500	SRP132141	PRJNA354675	2	354675	SRS2910527	SAMN06050079	simple	318829	Pyricularia oryzae	FJ2006-60A3  genome							no					FUJIAN AGRICULTURE AND FORESTRY UNIVERSITY	SRA655366		public	740828F990A0F5F9D0E11DC18F36D48B	4E99C71EFA6BEFCD61F269A2CDF010F9
ERR2188723	2017-11-03 03:46:47		0	0	0	0	0			ERX2244842	unspecified	WGS	RANDOM	GENOMIC	PAIRED	470	0	ILLUMINA	Illumina HiSeq 2500	ERP024355	PRJEB22035		414061	ERS1990360	SAMEA104365382	simple	318829	Pyricularia oryzae	SAMEA104365382							no					UNIVERSITY OF EXETER	ERA1124366		public		
ERR2188724	2017-11-03 03:46:47		0	0	0	0	0			ERX2244843	unspecified	WGS	RANDOM	GENOMIC	PAIRED	429	0	ILLUMINA	Illumina HiSeq 2500	ERP024355	PRJEB22035		414061	ERS1990361	SAMEA104365383	simple	318829	Pyricularia oryzae	SAMEA104365383							no					UNIVERSITY OF EXETER	ERA1124366		public		
SRR6307185	2021-12-31 02:53:32	2017-11-19 10:16:22	5056987	2966424210	5056987	586	1760		https://sra-downloadb.be-md.ncbi.nlm.nih.gov/sos8/sra-pub-zq-818/SRR006/6307/SRR6307185/SRR6307185.lite.1	SRX3407571	K23/123_MiSeq2	WGS	RANDOM	GENOMIC	PAIRED	0	0	ILLUMINA	Illumina MiSeq	SRP125258	PRJNA418767		418767	SRS2700662	SAMN08033374	simple	318829	Pyricularia oryzae	K23/123							no					UNIVERSITY OF BEDFORDSHIRE	SRA631816		public	051B4D54DECBA8404F69A6A67DE953F8	1664AD70FE70BB07F35D4B921D40E2A6
SRR6307183	2021-12-31 02:53:33	2017-11-19 10:13:56	3226529	1927917998	3226529	597	1231		https://sra-downloadb.be-md.ncbi.nlm.nih.gov/sos8/sra-pub-zq-818/SRR006/6307/SRR6307183/SRR6307183.lite.1	SRX3407573	K23/123_MiSeq	WGS	RANDOM	GENOMIC	PAIRED	0	0	ILLUMINA	Illumina MiSeq	SRP125258	PRJNA418767		418767	SRS2700662	SAMN08033374	simple	318829	Pyricularia oryzae	K23/123							no					UNIVERSITY OF BEDFORDSHIRE	SRA631816		public	A7D96DCFEFBD977C96CFCB1C231E32A6	AB27904586740A25A510EB7DA35482DA
SRR6384809	2017-12-18 11:23:12	2017-12-18 11:19:58	22984499	2298449900	0	100	1360		https://sra-downloadb.be-md.ncbi.nlm.nih.gov/sos12/sra-pub-zq-1214/SRR006/384/SRR6384809.sralite.1	SRX3478367	HN0001	WGS	RANDOM	GENOMIC	SINGLE	0	0	ILLUMINA	Illumina HiSeq 2500	SRP126937	PRJNA417903		417903	SRS2764356	SAMN08010966	simple	318829	Pyricularia oryzae	HN0001							no					INRA	SRA639502		public	28C89D20EAB1C7066809B5B9A942BCE7	E88A3423799502370826BC3BE356613E
SRR6384808	2017-12-18 11:24:34	2017-12-18 11:20:56	25825435	2582543500	0	100	1539		https://sra-downloadb.be-md.ncbi.nlm.nih.gov/sos12/sra-pub-zq-1214/SRR006/384/SRR6384808.sralite.1	SRX3478368	CL3-6-7	WGS	RANDOM	GENOMIC	SINGLE	0	0	ILLUMINA	Illumina HiSeq 2500	SRP126937	PRJNA417903		417903	SRS2764357	SAMN08010965	simple	318829	Pyricularia oryzae	CL3.6.7							no					INRA	SRA639502		public	C8FFB1F0C582E1E7FCECCBB4769F17AC	9995F0E6C8B4A2279CB90E06A2B13118
SRR6384807	2017-12-18 11:23:12	2017-12-18 11:17:31	19563633	1956363300	0	100	1250		https://sra-downloadb.be-md.ncbi.nlm.nih.gov/sos12/sra-pub-zq-1214/SRR006/384/SRR6384807.sralite.1	SRX3478369	IN0082	WGS	RANDOM	GENOMIC	SINGLE	0	0	ILLUMINA	Illumina HiSeq 2500	SRP126937	PRJNA417903		417903	SRS2764358	SAMN08010968	simple	318829	Pyricularia oryzae	IN0082							no					INRA	SRA639502		public	CE702F1EAF988716B4B619AE884FDAAC	BD94A43FDB81840DC244B4FE4B8B7944
SRR6384806	2017-12-18 11:24:34	2017-12-18 11:20:55	26766332	2676633200	0	100	1585		https://sra-downloadb.be-md.ncbi.nlm.nih.gov/sos12/sra-pub-zq-1214/SRR006/384/SRR6384806.sralite.1	SRX3478370	IN0072	WGS	RANDOM	GENOMIC	SINGLE	0	0	ILLUMINA	Illumina HiSeq 2500	SRP126937	PRJNA417903		417903	SRS2764359	SAMN08010967	simple	318829	Pyricularia oryzae	IN0072							no					INRA	SRA639502		public	0A3DE997922B45B3A514FB61C07A5256	E0F4FCE1518DE784BB27134888E0FAB6
SRR6384805	2017-12-18 11:23:12	2017-12-18 11:19:30	25334358	2533435800	0	100	1626		https://sra-downloadb.be-md.ncbi.nlm.nih.gov/sos12/sra-pub-zq-1214/SRR006/384/SRR6384805.sralite.1	SRX3478371	JP0010	WGS	RANDOM	GENOMIC	SINGLE	0	0	ILLUMINA	Illumina HiSeq 2500	SRP126937	PRJNA417903		417903	SRS2764360	SAMN08010970	simple	318829	Pyricularia oryzae	JP0010							no					INRA	SRA639502		public	DB2AA0E5AAA6D1223B8E0E82D098122A	FBD35C9C0F9B2AD32A1C1EC3F77D15DF
SRR6384804	2017-12-18 11:23:12	2017-12-18 11:18:46	24918755	2491875500	0	100	1478		https://sra-downloadb.be-md.ncbi.nlm.nih.gov/sos12/sra-pub-zq-1214/SRR006/384/SRR6384804.sralite.1	SRX3478372	IN0094	WGS	RANDOM	GENOMIC	SINGLE	0	0	ILLUMINA	Illumina HiSeq 2500	SRP126937	PRJNA417903		417903	SRS2764361	SAMN08010969	simple	318829	Pyricularia oryzae	IN0094							no					INRA	SRA639502		public	51EA3EF19266D1442256F6B6144BFC8E	4A68C6C48125F8480A760A0A1395A5E0
SRR6384803	2017-12-18 11:17:12	2017-12-18 11:15:03	1224892	562221930	1224892	458	280		https://sra-downloadb.be-md.ncbi.nlm.nih.gov/sos12/sra-pub-zq-1214/SRR006/384/SRR6384803.sralite.1	SRX3478373	LA0021	WGS	RANDOM	GENOMIC	PAIRED	0	0	ILLUMINA	Illumina HiSeq 2500	SRP126937	PRJNA417903		417903	SRS2764362	SAMN08010972	simple	318829	Pyricularia oryzae	LA0021							no					INRA	SRA639502		public	2791C2C652699D935F5F70C9F4D8D447	8001A633C32BDF6EB1B65B0A457127F1
SRR6384802	2017-12-18 11:16:34	2017-12-18 11:14:58	1074131	491698356	1074131	457	245		https://sra-downloadb.be-md.ncbi.nlm.nih.gov/sos12/sra-pub-zq-1214/SRR006/384/SRR6384802.sralite.1	SRX3478374	LA0005	WGS	RANDOM	GENOMIC	PAIRED	0	0	ILLUMINA	Illumina HiSeq 2500	SRP126937	PRJNA417903		417903	SRS2764363	SAMN08010971	simple	318829	Pyricularia oryzae	LA0005							no					INRA	SRA639502		public	32E0CE8394360845E789D8D92485E52C	58C8A6955FEBE55D25D21868A3B129C4
SRR6384801	2017-12-18 11:23:12	2017-12-18 11:19:55	19837840	1983784000	0	100	1270		https://sra-downloadb.be-md.ncbi.nlm.nih.gov/sos12/sra-pub-zq-1214/SRR006/384/SRR6384801.sralite.1	SRX3478375	MD0929	WGS	RANDOM	GENOMIC	SINGLE	0	0	ILLUMINA	Illumina HiSeq 2500	SRP126937	PRJNA417903		417903	SRS2764364	SAMN08010974	simple	318829	Pyricularia oryzae	MD0929							no					INRA	SRA639502		public		
SRR6384800	2017-12-18 11:23:12	2017-12-18 11:17:56	15533521	1553352100	0	100	997		https://sra-downloadb.be-md.ncbi.nlm.nih.gov/sos12/sra-pub-zq-1214/SRR006/384/SRR6384800.sralite.1	SRX3478376	MC0016	WGS	RANDOM	GENOMIC	SINGLE	0	0	ILLUMINA	Illumina HiSeq 2500	SRP126937	PRJNA417903		417903	SRS2764365	SAMN08010973	simple	318829	Pyricularia oryzae	MC0016							no					INRA	SRA639502		public	44ADF2CD8E0F3A6360609BDB92E4D4D0	4007B3591E1DD1E939F3E6C0120122F8
SRR6384799	2017-12-18 11:26:34	2017-12-18 11:22:17	29914281	2991428100	0	100	1906		https://sra-downloadb.be-md.ncbi.nlm.nih.gov/sos12/sra-pub-zq-1214/SRR006/384/SRR6384799.sralite.1	SRX3478377	US0031	WGS	RANDOM	GENOMIC	SINGLE	0	0	ILLUMINA	Illumina HiSeq 2500	SRP126937	PRJNA417903		417903	SRS2764366	SAMN08010986	simple	318829	Pyricularia oryzae	US0031							no					INRA	SRA639502		public	B90B3BE1D1E12EBCF78451D8A9C37B69	9EDC3AFDC681789B36770E36ECB1201D
SRR6384798	2017-12-18 11:16:34	2017-12-18 11:14:55	1195772	548284295	1195772	458	270		https://sra-downloadb.be-md.ncbi.nlm.nih.gov/sos12/sra-pub-zq-1214/SRR006/384/SRR6384798.sralite.1	SRX3478378	TH0017	WGS	RANDOM	GENOMIC	PAIRED	0	0	ILLUMINA	Illumina HiSeq 2500	SRP126937	PRJNA417903		417903	SRS2764367	SAMN08010985	simple	318829	Pyricularia oryzae	TH0017							no					INRA	SRA639502		public	A11588FBE3D0C9001A07E1632333C8C2	E3AF2BB89525367FF1ED1FE5B9C11A99
SRR6384797	2017-12-18 11:24:34	2017-12-18 11:20:40	26855037	2685503700	0	100	1588		https://sra-downloadb.be-md.ncbi.nlm.nih.gov/sos12/sra-pub-zq-1214/SRR006/384/SRR6384797.sralite.1	SRX3478379	CH0333	WGS	RANDOM	GENOMIC	SINGLE	0	0	ILLUMINA	Illumina HiSeq 2500	SRP126937	PRJNA417903		417903	SRS2764368	SAMN08010953	simple	318829	Pyricularia oryzae	CH0333							no					INRA	SRA639502		public	F6347749F336F0C2607083F0E7F95CA8	89493D3ACC7D77AA6D150381B95095D5
SRR6384796	2017-12-18 11:17:12	2017-12-18 11:15:17	1191250	547185774	1191250	459	272		https://sra-downloadb.be-md.ncbi.nlm.nih.gov/sos12/sra-pub-zq-1214/SRR006/384/SRR6384796.sralite.1	SRX3478380	CH0532	WGS	RANDOM	GENOMIC	PAIRED	0	0	ILLUMINA	Illumina HiSeq 2500	SRP126937	PRJNA417903		417903	SRS2764369	SAMN08010954	simple	318829	Pyricularia oryzae	CH0532							no					INRA	SRA639502		public	5851746884FA4790D3AF3D99323010C3	3B887082805F37ABF7893E52430CE40A
SRR6384795	2017-12-18 11:23:12	2017-12-18 11:19:17	25741685	2574168500	0	100	1538		https://sra-downloadb.be-md.ncbi.nlm.nih.gov/sos12/sra-pub-zq-1214/SRR006/384/SRR6384795.sralite.1	SRX3478381	CD0073	WGS	RANDOM	GENOMIC	SINGLE	0	0	ILLUMINA	Illumina HiSeq 2500	SRP126937	PRJNA417903		417903	SRS2764370	SAMN08010947	simple	318829	Pyricularia oryzae	CD0073-1							no					INRA	SRA639502		public	45F1C0D8B0BC1A0E823ABFE4327B92B0	FD0013053A1EDEB3581D9C787A5EF3B3
SRR6384794	2017-12-18 11:23:12	2017-12-18 11:19:56	27851783	2785178300	0	100	1646		https://sra-downloadb.be-md.ncbi.nlm.nih.gov/sos12/sra-pub-zq-1214/SRR006/384/SRR6384794.sralite.1	SRX3478382	CD0203	WGS	RANDOM	GENOMIC	SINGLE	0	0	ILLUMINA	Illumina HiSeq 2500	SRP126937	PRJNA417903		417903	SRS2764371	SAMN08010948	simple	318829	Pyricularia oryzae	CD0203							no					INRA	SRA639502		public	EB3028F6B3B214A2789825F3619E875F	3FF6FD1D2AB56D3E3F446C3EF7D8D203
SRR6384793	2017-12-18 11:23:12	2017-12-18 11:19:51	20502533	2050253300	0	100	1217		https://sra-downloadb.be-md.ncbi.nlm.nih.gov/sos12/sra-pub-zq-1214/SRR006/384/SRR6384793.sralite.1	SRX3478383	BD0024	WGS	RANDOM	GENOMIC	SINGLE	0	0	ILLUMINA	Illumina HiSeq 2500	SRP126937	PRJNA417903		417903	SRS2764372	SAMN08010945	simple	318829	Pyricularia oryzae	BD0024							no					INRA	SRA639502		public	854FD840215A22D2697B8ECCA7799E13	1D74D730100B8C4D58C3E57D49631CA6
SRR6384792	2017-12-21 17:29:32	2017-12-21 14:39:02	2763784	276378400	0	100	204		https://sra-downloadb.be-md.ncbi.nlm.nih.gov/sos12/sra-pub-zq-1214/SRR006/384/SRR6384792.sralite.1	SRX3478384	BR0026	WGS	RANDOM	GENOMIC	SINGLE	0	0	ILLUMINA	Illumina HiSeq 2500	SRP126937	PRJNA417903		417903	SRS2764373	SAMN08010946	simple	318829	Pyricularia oryzae	BR0026							no					INRA	SRA639502		public	056E88F7477DD626E57B4D4AB83CC044	558EA195BDFCDDC8DF4D07D4588A677B
SRR6384791	2017-12-18 11:24:34	2017-12-18 11:20:17	24171114	2417111400	0	100	1434		https://sra-downloadb.be-md.ncbi.nlm.nih.gov/sos12/sra-pub-zq-1214/SRR006/384/SRR6384791.sralite.1	SRX3478385	CH0092	WGS	RANDOM	GENOMIC	SINGLE	0	0	ILLUMINA	Illumina HiSeq 2500	SRP126937	PRJNA417903		417903	SRS2764374	SAMN08010951	simple	318829	Pyricularia oryzae	CH0092							no					INRA	SRA639502		public	3E071CE0CCA335320DABEF3A99E3A219	285298BA8A9EDB2752ABEF63394EDCE1
SRR6384790	2017-12-18 11:17:12	2017-12-18 11:14:50	1235238	566846458	1235238	458	276		https://sra-downloadb.be-md.ncbi.nlm.nih.gov/sos12/sra-pub-zq-1214/SRR006/384/SRR6384790.sralite.1	SRX3478386	CH0328	WGS	RANDOM	GENOMIC	PAIRED	0	0	ILLUMINA	Illumina HiSeq 2500	SRP126937	PRJNA417903		417903	SRS2764375	SAMN08010952	simple	318829	Pyricularia oryzae	CH0328							no					INRA	SRA639502		public	9B4AC6B129097B2F5C87E7D01DB7AA99	3912E621EB760307D774694374B0EC54
SRR6384789	2017-12-18 11:23:12	2017-12-18 11:18:11	17138881	1713888100	0	100	1015		https://sra-downloadb.be-md.ncbi.nlm.nih.gov/sos12/sra-pub-zq-1214/SRR006/384/SRR6384789.sralite.1	SRX3478387	CH0052	WGS	RANDOM	GENOMIC	SINGLE	0	0	ILLUMINA	Illumina HiSeq 2500	SRP126937	PRJNA417903		417903	SRS2764376	SAMN08010949	simple	318829	Pyricularia oryzae	CH0052							no					INRA	SRA639502		public	CF198E7798437D0679C2E4D068891BA8	0FF86E4D3879D325A99C89C00CFE714F
SRR6384788	2017-12-18 11:29:34	2017-12-18 11:24:18	30796486	3079648600	0	100	1970		https://sra-downloadb.be-md.ncbi.nlm.nih.gov/sos12/sra-pub-zq-1214/SRR006/384/SRR6384788.sralite.1	SRX3478388	CH0063	WGS	RANDOM	GENOMIC	SINGLE	0	0	ILLUMINA	Illumina HiSeq 2500	SRP126937	PRJNA417903		417903	SRS2764377	SAMN08010950	simple	318829	Pyricularia oryzae	CH0063							no					INRA	SRA639502		public	64970158BB9F1F82CED68DCCA9253BEA	813414343FC9D2F47FAC5E2D718A1872
DRR079310	2017-07-13 17:13:18	2017-07-13 17:16:04	2823346	1689691256	2823346	598	993		https://sra-downloadb.be-md.ncbi.nlm.nih.gov/sos12/sra-pub-zq-1211/DRR000/079/DRR079310/DRR079310.sralite.1	DRX073154		WGS	size fractionation	GENOMIC	PAIRED	600	0	ILLUMINA	Illumina MiSeq	DRP003713	PRJDB5385	2	393951	DRS048295	SAMD00069324	simple	318829	Pyricularia oryzae	SAMD00069324							no					KOBE_U	DRA005349		public	A29130160BD936FFD2B1730C8D9C3618	EB7F15DAF2258862C1ADD3BF5B58A1BC
DRR079311	2017-07-13 17:13:18	2017-07-13 17:15:10	2203213	1318388944	2203213	598	769		https://sra-downloadb.be-md.ncbi.nlm.nih.gov/sos12/sra-pub-zq-1211/DRR000/079/DRR079311/DRR079311.sralite.1	DRX073155		WGS	size fractionation	GENOMIC	PAIRED	600	0	ILLUMINA	Illumina MiSeq	DRP003713	PRJDB5385	2	393951	DRS048296	SAMD00069325	simple	318829	Pyricularia oryzae	SAMD00069325							no					KOBE_U	DRA005349		public	E45A33198E6CECAFB9E9A02B98F7A97A	7D0148CD6A8C947528D2A812CAE2BC3A
DRR079312	2017-07-13 17:13:18	2017-07-13 17:14:08	2517327	1504432050	2517327	597	893		https://sra-downloadb.be-md.ncbi.nlm.nih.gov/sos12/sra-pub-zq-1211/DRR000/079/DRR079312/DRR079312.sralite.1	DRX073156		WGS	size fractionation	GENOMIC	PAIRED	600	0	ILLUMINA	Illumina MiSeq	DRP003713	PRJDB5385	2	393951	DRS048297	SAMD00069326	simple	318829	Pyricularia oryzae	SAMD00069326							no					KOBE_U	DRA005349		public	06649DE6250A64BCD56F66004E3BC6FF	628C3DF15487FC00397C4DC61500380A
DRR079313	2017-07-13 17:13:18	2017-07-13 17:14:33	2084185	1247411173	2084185	598	731		https://sra-downloadb.be-md.ncbi.nlm.nih.gov/sos12/sra-pub-zq-1211/DRR000/079/DRR079313/DRR079313.sralite.1	DRX073157		WGS	size fractionation	GENOMIC	PAIRED	600	0	ILLUMINA	Illumina MiSeq	DRP003713	PRJDB5385	2	393951	DRS048298	SAMD00069327	simple	318829	Pyricularia oryzae	SAMD00069327							no					KOBE_U	DRA005349		public	A9D1F49D16180175D110810830F5D8FB	9D75199D075596122C5B39E7675B0765
DRR079314	2017-07-13 17:13:18	2017-07-13 17:14:00	2436859	1456594927	2436859	597	844		https://sra-downloadb.be-md.ncbi.nlm.nih.gov/sos12/sra-pub-zq-1211/DRR000/079/DRR079314/DRR079314.sralite.1	DRX073158		WGS	size fractionation	GENOMIC	PAIRED	600	0	ILLUMINA	Illumina MiSeq	DRP003713	PRJDB5385	2	393951	DRS048299	SAMD00069328	simple	318829	Pyricularia oryzae	SAMD00069328							no					KOBE_U	DRA005349		public	C27203CACD8ADAAED875F0F929E98621	0BE7E81EF01E8DE80DF8028F2A4599BB
DRR079315	2017-07-13 17:13:18	2017-07-13 17:17:40	27112024	4066803600	27112024	150	2261		https://sra-downloadb.be-md.ncbi.nlm.nih.gov/sos12/sra-pub-zq-1211/DRR000/079/DRR079315/DRR079315.sralite.1	DRX073159		WGS	size fractionation	GENOMIC	PAIRED	2200	0	ILLUMINA	Illumina Genome Analyzer IIx	DRP003713	PRJDB5385	2	393951	DRS048300	SAMD00069329	simple	318829	Pyricularia oryzae	SAMD00069329							no					KOBE_U	DRA005349		public	1D370B0DB4DF04157130F3C9B08D6FFC	61E28E2057CBE11956833391B0C4D0E7
ERR2061608	2017-10-13 03:04:18		0	0	0	0	0			ERX2120665	unspecified	WGS	RANDOM	GENOMIC	PAIRED	370	0	ILLUMINA	Illumina HiSeq 2500	ERP024355	PRJEB22035		414061	ERS1849824	SAMEA104190806	simple	318829	Pyricularia oryzae	SAMEA104190806							no					UNIVERSITY OF EXETER	ERA981854		public		
ERR2061609	2017-10-13 03:04:18		0	0	0	0	0			ERX2120666	unspecified	WGS	RANDOM	GENOMIC	PAIRED	292	0	ILLUMINA	Illumina HiSeq 2500	ERP024355	PRJEB22035		414061	ERS1849825	SAMEA104190807	simple	318829	Pyricularia oryzae	SAMEA104190807							no					UNIVERSITY OF EXETER	ERA981854		public		
ERR2061610	2017-10-13 03:04:18		0	0	0	0	0			ERX2120667	unspecified	WGS	RANDOM	GENOMIC	PAIRED	403	0	ILLUMINA	Illumina HiSeq 2500	ERP024355	PRJEB22035		414061	ERS1849826	SAMEA104190808	simple	318829	Pyricularia oryzae	SAMEA104190808							no					UNIVERSITY OF EXETER	ERA981854		public		
ERR2061611	2017-10-13 03:04:18		0	0	0	0	0			ERX2120668	unspecified	WGS	RANDOM	GENOMIC	PAIRED	393	0	ILLUMINA	Illumina HiSeq 2500	ERP024355	PRJEB22035		414061	ERS1849827	SAMEA104190809	simple	318829	Pyricularia oryzae	SAMEA104190809							no					UNIVERSITY OF EXETER	ERA981854		public		
ERR2061612	2017-10-13 03:04:18		0	0	0	0	0			ERX2120669	unspecified	WGS	RANDOM	GENOMIC	PAIRED	378	0	ILLUMINA	Illumina HiSeq 2500	ERP024355	PRJEB22035		414061	ERS1849828	SAMEA104190810	simple	318829	Pyricularia oryzae	SAMEA104190810							no					UNIVERSITY OF EXETER	ERA981854		public		
ERR2061613	2017-10-13 03:04:18		0	0	0	0	0			ERX2120670	unspecified	WGS	RANDOM	GENOMIC	PAIRED	304	0	ILLUMINA	Illumina HiSeq 2500	ERP024355	PRJEB22035		414061	ERS1849829	SAMEA104190811	simple	318829	Pyricularia oryzae	SAMEA104190811							no					UNIVERSITY OF EXETER	ERA981854		public		
ERR2061614	2017-10-13 03:04:18		0	0	0	0	0			ERX2120671	unspecified	WGS	RANDOM	GENOMIC	PAIRED	298	0	ILLUMINA	Illumina HiSeq 2500	ERP024355	PRJEB22035		414061	ERS1849830	SAMEA104190812	simple	318829	Pyricularia oryzae	SAMEA104190812							no					UNIVERSITY OF EXETER	ERA981854		public		
ERR2061615	2017-10-13 03:04:18		0	0	0	0	0			ERX2120672	unspecified	WGS	RANDOM	GENOMIC	PAIRED	312	0	ILLUMINA	Illumina HiSeq 2500	ERP024355	PRJEB22035		414061	ERS1849831	SAMEA104190813	simple	318829	Pyricularia oryzae	SAMEA104190813							no					UNIVERSITY OF EXETER	ERA981854		public		
ERR2061616	2017-10-13 03:04:18		0	0	0	0	0			ERX2120673	unspecified	WGS	RANDOM	GENOMIC	PAIRED	320	0	ILLUMINA	Illumina HiSeq 2500	ERP024355	PRJEB22035		414061	ERS1849832	SAMEA104190814	simple	318829	Pyricularia oryzae	SAMEA104190814							no					UNIVERSITY OF EXETER	ERA981854		public		
ERR2061617	2017-10-13 03:04:18		0	0	0	0	0			ERX2120674	unspecified	WGS	RANDOM	GENOMIC	PAIRED	414	0	ILLUMINA	Illumina HiSeq 2500	ERP024355	PRJEB22035		414061	ERS1849833	SAMEA104190815	simple	318829	Pyricularia oryzae	SAMEA104190815							no					UNIVERSITY OF EXETER	ERA981854		public		
ERR2061618	2017-10-13 03:04:18		0	0	0	0	0			ERX2120675	unspecified	WGS	RANDOM	GENOMIC	PAIRED	347	0	ILLUMINA	Illumina HiSeq 2500	ERP024355	PRJEB22035		414061	ERS1849834	SAMEA104190816	simple	318829	Pyricularia oryzae	SAMEA104190816							no					UNIVERSITY OF EXETER	ERA981854		public		
ERR2061619	2017-10-13 03:04:18		0	0	0	0	0			ERX2120676	unspecified	WGS	RANDOM	GENOMIC	PAIRED	325	0	ILLUMINA	Illumina HiSeq 2500	ERP024355	PRJEB22035		414061	ERS1849835	SAMEA104190817	simple	318829	Pyricularia oryzae	SAMEA104190817							no					UNIVERSITY OF EXETER	ERA981854		public		
ERR2061620	2017-10-13 03:04:18		0	0	0	0	0			ERX2120677	unspecified	WGS	RANDOM	GENOMIC	PAIRED	308	0	ILLUMINA	Illumina HiSeq 2500	ERP024355	PRJEB22035		414061	ERS1849836	SAMEA104190818	simple	318829	Pyricularia oryzae	SAMEA104190818							no					UNIVERSITY OF EXETER	ERA981854		public		
ERR2061621	2017-10-13 03:04:18		0	0	0	0	0			ERX2120678	unspecified	WGS	RANDOM	GENOMIC	PAIRED	298	0	ILLUMINA	Illumina HiSeq 2500	ERP024355	PRJEB22035		414061	ERS1849837	SAMEA104190819	simple	318829	Pyricularia oryzae	SAMEA104190819							no					UNIVERSITY OF EXETER	ERA981854		public		
ERR2061622	2017-10-13 03:04:18		0	0	0	0	0			ERX2120679	unspecified	WGS	RANDOM	GENOMIC	PAIRED	397	0	ILLUMINA	Illumina HiSeq 2500	ERP024355	PRJEB22035		414061	ERS1849838	SAMEA104190820	simple	318829	Pyricularia oryzae	SAMEA104190820							no					UNIVERSITY OF EXETER	ERA981854		public		
ERR2061623	2017-10-13 03:04:18		0	0	0	0	0			ERX2120680	unspecified	WGS	RANDOM	GENOMIC	PAIRED	409	0	ILLUMINA	Illumina HiSeq 2500	ERP024355	PRJEB22035		414061	ERS1849839	SAMEA104190821	simple	318829	Pyricularia oryzae	SAMEA104190821							no					UNIVERSITY OF EXETER	ERA981854		public		
ERR2061624	2017-10-13 03:04:18		0	0	0	0	0			ERX2120681	unspecified	WGS	RANDOM	GENOMIC	PAIRED	306	0	ILLUMINA	Illumina HiSeq 2500	ERP024355	PRJEB22035		414061	ERS1849840	SAMEA104190822	simple	318829	Pyricularia oryzae	SAMEA104190822							no					UNIVERSITY OF EXETER	ERA981854		public		
ERR2061625	2017-10-13 03:04:18		0	0	0	0	0			ERX2120682	unspecified	WGS	RANDOM	GENOMIC	PAIRED	325	0	ILLUMINA	Illumina HiSeq 2500	ERP024355	PRJEB22035		414061	ERS1849841	SAMEA104190823	simple	318829	Pyricularia oryzae	SAMEA104190823							no					UNIVERSITY OF EXETER	ERA981854		public		
ERR2061626	2017-10-13 03:04:18		0	0	0	0	0			ERX2120683	unspecified	WGS	RANDOM	GENOMIC	PAIRED	294	0	ILLUMINA	Illumina HiSeq 2500	ERP024355	PRJEB22035		414061	ERS1849842	SAMEA104190824	simple	318829	Pyricularia oryzae	SAMEA104190824							no					UNIVERSITY OF EXETER	ERA981854		public		
ERR2188721	2017-11-03 03:46:47		0	0	0	0	0			ERX2244840	unspecified	WGS	RANDOM	GENOMIC	PAIRED	400	0	ILLUMINA	Illumina HiSeq 2500	ERP024355	PRJEB22035		414061	ERS1990358	SAMEA104365380	simple	318829	Pyricularia oryzae	SAMEA104365380							no					UNIVERSITY OF EXETER	ERA1124366		public		
ERR2188722	2017-11-03 03:46:47		0	0	0	0	0			ERX2244841	unspecified	WGS	RANDOM	GENOMIC	PAIRED	417	0	ILLUMINA	Illumina HiSeq 2500	ERP024355	PRJEB22035		414061	ERS1990359	SAMEA104365381	simple	318829	Pyricularia oryzae	SAMEA104365381							no					UNIVERSITY OF EXETER	ERA1124366		public		
SRR6207174	2018-10-31 00:09:03	2017-10-24 10:55:22	12665689	3191753628	12665689	252	1624		https://sra-downloadb.be-md.ncbi.nlm.nih.gov/sos12/sra-pub-zq-1214/SRR006/207/SRR6207174.sralite.1	SRX3316472	12.0.007i	WGS	RANDOM	GENOMIC	PAIRED	0	0	ILLUMINA	Illumina HiSeq 2000	SRP076116	PRJNA324432	2	324432	SRS2622044	SAMN07829570	simple	318829	Pyricularia oryzae	12.0.007i							no					UNIVERSITY OF NEUCHATEL	SRA623084		public	5F506280B4B3A9E9BC3CEE3E8EE80E36	CDD65F12F73EACCBCF935BE4163B171B
SRR6207177	2018-10-31 00:09:03	2017-10-24 10:56:26	12721745	3205879740	12721745	252	1670		https://sra-downloadb.be-md.ncbi.nlm.nih.gov/sos12/sra-pub-zq-1214/SRR006/207/SRR6207177.sralite.1	SRX3316469	12.0.009i	WGS	RANDOM	GENOMIC	PAIRED	0	0	ILLUMINA	Illumina HiSeq 2000	SRP076116	PRJNA324432	2	324432	SRS2622041	SAMN07829571	simple	318829	Pyricularia oryzae	12.0.009i							no					UNIVERSITY OF NEUCHATEL	SRA623084		public	68B25AC918CC631DF16D3D03ECBEA5C9	7F9DBE537A19EC5FDC6EDDA75EE4C71C
SRR6207176	2018-10-31 00:09:03	2017-10-24 10:56:47	13676405	3446454060	13676405	252	1757		https://sra-downloadb.be-md.ncbi.nlm.nih.gov/sos12/sra-pub-zq-1214/SRR006/207/SRR6207176.sralite.1	SRX3316470	12.0.012i	WGS	RANDOM	GENOMIC	PAIRED	0	0	ILLUMINA	Illumina HiSeq 2000	SRP076116	PRJNA324432	2	324432	SRS2622043	SAMN07829572	simple	318829	Pyricularia oryzae	12.0.012i							no					UNIVERSITY OF NEUCHATEL	SRA623084		public	D6943E581C5FAF1D4150DD3F9EB52045	82C789321AC810136809497F2D6B39A6
SRR6207179	2018-10-31 00:09:03	2017-10-24 10:56:23	14286490	3600195480	14286490	252	1836		https://sra-downloadb.be-md.ncbi.nlm.nih.gov/sos12/sra-pub-zq-1214/SRR006/207/SRR6207179.sralite.1	SRX3316467	12.0.326	WGS	RANDOM	GENOMIC	PAIRED	0	0	ILLUMINA	Illumina HiSeq 2000	SRP076116	PRJNA324432	2	324432	SRS2622039	SAMN07829573	simple	318829	Pyricularia oryzae	12.0.326							no					UNIVERSITY OF NEUCHATEL	SRA623084		public	862E8D10A743C228B011174521213B1F	626DCD39F143D3CE20FAF52C7BFA8393
SRR6207178	2018-10-31 00:09:03	2017-10-24 10:56:52	14291769	3601525788	14291769	252	1853		https://sra-downloadb.be-md.ncbi.nlm.nih.gov/sos12/sra-pub-zq-1214/SRR006/207/SRR6207178.sralite.1	SRX3316468	12.0.345	WGS	RANDOM	GENOMIC	PAIRED	0	0	ILLUMINA	Illumina HiSeq 2000	SRP076116	PRJNA324432	2	324432	SRS2622040	SAMN07829574	simple	318829	Pyricularia oryzae	12.0.345							no					UNIVERSITY OF NEUCHATEL	SRA623084		public	BE922688B03CE6A09B72796F61C26CE9	68BF7180B33E0BF2FD31DF1CC31D06C2
SRR6207181	2018-10-31 00:09:03	2017-10-24 10:57:39	14619008	3683990016	14619008	252	1895		https://sra-downloadb.be-md.ncbi.nlm.nih.gov/sos12/sra-pub-zq-1214/SRR006/207/SRR6207181.sralite.1	SRX3316465	12.0.368	WGS	RANDOM	GENOMIC	PAIRED	0	0	ILLUMINA	Illumina HiSeq 2000	SRP076116	PRJNA324432	2	324432	SRS2622037	SAMN07829575	simple	318829	Pyricularia oryzae	12.0.368							no					UNIVERSITY OF NEUCHATEL	SRA623084		public	8D28365EE90835C12ECB87CA07B1098D	F1DE65259A7774CB16F8F2527B70BF81
SRR6207180	2018-10-31 00:09:03	2017-10-24 10:56:53	14947157	3766683564	14947157	252	1978		https://sra-downloadb.be-md.ncbi.nlm.nih.gov/sos12/sra-pub-zq-1214/SRR006/207/SRR6207180.sralite.1	SRX3316466	12.0.534i	WGS	RANDOM	GENOMIC	PAIRED	0	0	ILLUMINA	Illumina HiSeq 2000	SRP076116	PRJNA324432	2	324432	SRS2622038	SAMN07829576	simple	318829	Pyricularia oryzae	12.0.534i							no					UNIVERSITY OF NEUCHATEL	SRA623084		public	74AFED2EC9556E4CFC96AFD646BB3C11	3C0CA9C7FCD14BC5229DC0066A49588E
SRR6207183	2018-10-31 00:09:03	2017-10-24 10:57:32	16086757	4053862764	16086757	252	2092		https://sra-downloadb.be-md.ncbi.nlm.nih.gov/sos12/sra-pub-zq-1214/SRR006/207/SRR6207183.sralite.1	SRX3316463	12.0.555i	WGS	RANDOM	GENOMIC	PAIRED	0	0	ILLUMINA	Illumina HiSeq 2000	SRP076116	PRJNA324432	2	324432	SRS2622035	SAMN07829577	simple	318829	Pyricularia oryzae	12.0.555i							no					UNIVERSITY OF NEUCHATEL	SRA623084		public	7538BB6C3D81A6BE4C9AB2C227601263	41B88076E63CD654985F3E404D3809C7
SRR6207182	2018-10-31 00:09:03	2017-10-24 10:57:57	16226054	4088965608	16226054	252	2105		https://sra-downloadb.be-md.ncbi.nlm.nih.gov/sos12/sra-pub-zq-1214/SRR006/207/SRR6207182.sralite.1	SRX3316464	12.0.642i	WGS	RANDOM	GENOMIC	PAIRED	0	0	ILLUMINA	Illumina HiSeq 2000	SRP076116	PRJNA324432	2	324432	SRS2622036	SAMN07829578	simple	318829	Pyricularia oryzae	12.0.642i							no					UNIVERSITY OF NEUCHATEL	SRA623084		public	4BCA77E8BF3C0E4858B0E0D2D78FE4ED	0C6AB4589DB8C3D82F0530F8D8C209E9
SRR6207175	2018-10-31 00:09:03	2017-10-24 10:56:18	13961618	3518327736	13961618	252	1840		https://sra-downloadb.be-md.ncbi.nlm.nih.gov/sos12/sra-pub-zq-1214/SRR006/207/SRR6207175.sralite.1	SRX3316471	363	WGS	RANDOM	GENOMIC	PAIRED	0	0	ILLUMINA	Illumina HiSeq 2000	SRP076116	PRJNA324432	2	324432	SRS2622042	SAMN07829569	simple	318829	Pyricularia oryzae	363							no					UNIVERSITY OF NEUCHATEL	SRA623084		public	CBD5A207B6D093B4F9C2F4CB60AD0C21	C05B37F3241A36E9A3C1AF8F365BFE4F
SRR6227419	2017-10-26 23:28:12	2017-10-26 23:21:11	16189479	4856843700	16189479	300	2094		https://sra-downloadb.be-md.ncbi.nlm.nih.gov/sos12/sra-pub-zq-1214/SRR006/227/SRR6227419.sralite.1	SRX3336022	H08-1a	WGS	RANDOM	GENOMIC	PAIRED	0	0	ILLUMINA	Illumina HiSeq 4000	SRP122259	PRJNA391416		391416	SRS2638415	SAMN07267886	simple	318829	Pyricularia oryzae	H08-1a							no					HUAZHONG AGRICULTURAL UNIVERSITY	SRA625495		public	8BA1875129C3851205FE2C1EEBB4B2B1	34A0ED88348A3FDEBCA5A5CACDA126AD
SRR6227418	2017-10-26 23:19:12	2017-10-26 23:17:13	8165707	2449712100	8165707	300	1063		https://sra-downloadb.be-md.ncbi.nlm.nih.gov/sos12/sra-pub-zq-1214/SRR006/227/SRR6227418.sralite.1	SRX3336023	H08-1c	WGS	RANDOM	GENOMIC	PAIRED	0	0	ILLUMINA	Illumina HiSeq 4000	SRP122259	PRJNA391416		391416	SRS2638416	SAMN07267887	simple	318829	Pyricularia oryzae	H08-1c							no					HUAZHONG AGRICULTURAL UNIVERSITY	SRA625495		public	F4CB71758A4DBA16298DDCB4D58562BC	7AB191C40CA13961527FE92E04EB5C68
SRR6227503	2017-10-27 00:08:12	2017-10-27 00:05:30	6944597	2083379100	6944597	300	931		https://sra-downloadb.be-md.ncbi.nlm.nih.gov/sos12/sra-pub-zq-1214/SRR006/227/SRR6227503.sralite.1	SRX3336104	1a_mut	WGS	RANDOM	GENOMIC	PAIRED	0	0	ILLUMINA	Illumina HiSeq 4000	SRP122259	PRJNA391416		391416	SRS2638492	SAMN07840098	simple	318829	Pyricularia oryzae	1a_mut							no					HUAZHONG AGRICULTURAL UNIVERSITY	SRA625497		public	81B1D74C53A1BDE3FB5847A9267679CD	2CBEBFE84FA33E7C8A7B3DFDEBE33524
SRR6227504	2017-10-27 00:26:54	2017-10-27 00:06:20	8286072	2485821600	8286072	300	1080		https://sra-downloadb.be-md.ncbi.nlm.nih.gov/sos12/sra-pub-zq-1214/SRR006/227/SRR6227504.sralite.1	SRX3336103	1c_mut	WGS	RANDOM	GENOMIC	PAIRED	0	0	ILLUMINA	Illumina HiSeq 4000	SRP122259	PRJNA391416		391416	SRS2638493	SAMN07840099	simple	318829	Pyricularia oryzae	1c_mut							no					HUAZHONG AGRICULTURAL UNIVERSITY	SRA625497		public	E90D1FC0897E80DF95419488705D1D41	7992F73F05C0EABAB56B47E676FD1E8E
SRR6232156	2018-12-01 00:11:06	2017-10-28 00:35:42	20045622	10022811000	20045622	500	6185		https://sra-downloadb.be-md.ncbi.nlm.nih.gov/sos12/sra-pub-zq-1214/SRR006/232/SRR6232156.sralite.1	SRX3340584	MoT_B71	WGS	RANDOM	GENOMIC	PAIRED	0	0	ILLUMINA	Illumina HiSeq 2500	SRP122556	PRJNA355407	3	355407	SRS2642219	SAMN06076154	simple	318829	Pyricularia oryzae	MoT-B71							no					KANSAS STATE UNIVERSITY	SRA625801		public	5A6B8E4B080AB90B115D3378029A27D5	06C55FC915104C274649BCB060417DB5
ERR1448256	2016-10-01 18:56:49		0	0	0	0	0			ERX1518734	unspecified	WGS	RANDOM	GENOMIC	PAIRED	400	0	ILLUMINA	Illumina HiSeq 2500	ERP016009	PRJEB14371		345081	ERS1200997	SAMEA4029887	simple	318829	Pyricularia oryzae	SAMEA4029887							no					UNIVERSITY OF EXETER	ERA651125		public		
ERR1448257	2016-10-01 18:56:49		0	0	0	0	0			ERX1518735	unspecified	WGS	RANDOM	GENOMIC	PAIRED	400	0	ILLUMINA	Illumina HiSeq 2500	ERP016009	PRJEB14371		345081	ERS1200998	SAMEA4029888	simple	318829	Pyricularia oryzae	SAMEA4029888							no					UNIVERSITY OF EXETER	ERA651125		public		
ERR1448258	2016-10-01 18:56:49		0	0	0	0	0			ERX1518736	unspecified	WGS	RANDOM	GENOMIC	PAIRED	400	0	ILLUMINA	Illumina HiSeq 2500	ERP016009	PRJEB14371		345081	ERS1200999	SAMEA4029889	simple	318829	Pyricularia oryzae	SAMEA4029889							no					UNIVERSITY OF EXETER	ERA651125		public		
ERR1448259	2016-10-01 18:56:49		0	0	0	0	0			ERX1518737	unspecified	WGS	RANDOM	GENOMIC	PAIRED	400	0	ILLUMINA	Illumina HiSeq 2500	ERP016009	PRJEB14371		345081	ERS1201000	SAMEA4029890	simple	318829	Pyricularia oryzae	SAMEA4029890							no					UNIVERSITY OF EXETER	ERA651125		public		
ERR1448260	2016-10-01 18:56:49		0	0	0	0	0			ERX1518738	unspecified	WGS	RANDOM	GENOMIC	PAIRED	400	0	ILLUMINA	Illumina HiSeq 2500	ERP016009	PRJEB14371		345081	ERS1201001	SAMEA4029891	simple	318829	Pyricularia oryzae	SAMEA4029891							no					UNIVERSITY OF EXETER	ERA651125		public		
ERR1448261	2016-10-01 18:56:49		0	0	0	0	0			ERX1518739	unspecified	WGS	RANDOM	GENOMIC	PAIRED	400	0	ILLUMINA	Illumina HiSeq 2500	ERP016009	PRJEB14371		345081	ERS1201002	SAMEA4029892	simple	318829	Pyricularia oryzae	SAMEA4029892							no					UNIVERSITY OF EXETER	ERA651125		public		
ERR1448262	2016-10-01 18:56:49		0	0	0	0	0			ERX1518740	unspecified	WGS	RANDOM	GENOMIC	PAIRED	400	0	ILLUMINA	Illumina HiSeq 2500	ERP016009	PRJEB14371		345081	ERS1201003	SAMEA4029893	simple	318829	Pyricularia oryzae	SAMEA4029893							no					UNIVERSITY OF EXETER	ERA651125		public		
ERR1448263	2016-10-01 18:56:49		0	0	0	0	0			ERX1518741	unspecified	WGS	RANDOM	GENOMIC	PAIRED	400	0	ILLUMINA	Illumina HiSeq 2500	ERP016009	PRJEB14371		345081	ERS1201004	SAMEA4029894	simple	318829	Pyricularia oryzae	SAMEA4029894							no					UNIVERSITY OF EXETER	ERA651125		public		
ERR1448264	2016-10-01 18:56:49		0	0	0	0	0			ERX1518742	unspecified	WGS	RANDOM	GENOMIC	PAIRED	400	0	ILLUMINA	Illumina HiSeq 2500	ERP016009	PRJEB14371		345081	ERS1201005	SAMEA4029895	simple	318829	Pyricularia oryzae	SAMEA4029895							no					UNIVERSITY OF EXETER	ERA651125		public		
ERR1448265	2016-10-01 18:56:49		0	0	0	0	0			ERX1518743	unspecified	WGS	RANDOM	GENOMIC	PAIRED	400	0	ILLUMINA	Illumina HiSeq 2500	ERP016009	PRJEB14371		345081	ERS1201006	SAMEA4029896	simple	318829	Pyricularia oryzae	SAMEA4029896							no					UNIVERSITY OF EXETER	ERA651125		public		
ERR1448266	2016-10-01 18:56:49		0	0	0	0	0			ERX1518744	unspecified	WGS	RANDOM	GENOMIC	PAIRED	400	0	ILLUMINA	Illumina HiSeq 2500	ERP016009	PRJEB14371		345081	ERS1201007	SAMEA4029897	simple	318829	Pyricularia oryzae	SAMEA4029897							no					UNIVERSITY OF EXETER	ERA651125		public		
SRR3624698	2017-02-24 09:14:06	2016-06-03 16:35:10	16011194	4034820888	16011194	252	2104		https://sra-downloadb.be-md.ncbi.nlm.nih.gov/sos12/sra-pub-zq-1211/SRR003/624/SRR3624698/SRR3624698.sralite.1	SRX1819513	032i	WGS	RANDOM	GENOMIC	PAIRED	0	0	ILLUMINA	Illumina HiSeq 2000	SRP076116	PRJNA324432	2	324432	SRS1483367	SAMN05203342	simple	318829	Pyricularia oryzae	032i							no					ETH ZURICH	SRA430741		public	4F9E3EE472F7C39FDA4FC4CB41128066	95E51EF0A522768E195BAEA6C72A0EB9
SRR3624699	2017-02-24 09:14:06	2016-06-03 16:40:07	19474753	4907637756	19474753	252	2473		https://sra-downloadb.be-md.ncbi.nlm.nih.gov/sos12/sra-pub-zq-1211/SRR003/624/SRR3624699/SRR3624699.sralite.1	SRX1819514	37	WGS	RANDOM	GENOMIC	PAIRED	0	0	ILLUMINA	Illumina HiSeq 2000	SRP076116	PRJNA324432	2	324432	SRS1483368	SAMN05203343	simple	318829	Pyricularia oryzae	37							no					ETH ZURICH	SRA430741		public	5923E6B6ED1848608C831B517CE07591	FEC25592B1CEBF78D5664BFFB7977A8F
SRR3624700	2017-02-24 09:14:06	2016-06-03 16:36:09	16845158	4244979816	16845158	252	2143		https://sra-downloadb.be-md.ncbi.nlm.nih.gov/sos12/sra-pub-zq-1211/SRR003/624/SRR3624700/SRR3624700.sralite.1	SRX1819515	053i	WGS	RANDOM	GENOMIC	PAIRED	0	0	ILLUMINA	Illumina HiSeq 2000	SRP076116	PRJNA324432	2	324432	SRS1483369	SAMN05203344	simple	318829	Pyricularia oryzae	053i							no					ETH ZURICH	SRA430741		public	5E1A2ABA6FD8AB1947AECC0CD6EAB748	3D8F10E21AE7031119CDF040DE5C5A56
SRR3624701	2017-02-24 09:14:06	2016-06-03 16:40:10	20161589	5080720428	20161589	252	2571		https://sra-downloadb.be-md.ncbi.nlm.nih.gov/sos12/sra-pub-zq-1211/SRR003/624/SRR3624701/SRR3624701.sralite.1	SRX1819516	117	WGS	RANDOM	GENOMIC	PAIRED	0	0	ILLUMINA	Illumina HiSeq 2000	SRP076116	PRJNA324432	2	324432	SRS1483370	SAMN05203345	simple	318829	Pyricularia oryzae	117							no					ETH ZURICH	SRA430741		public	4EA684989B7622B2ACF7EB35835318BA	0010B965A7A80BC1A60B7B4ECBBEF9AC
SRR3624703	2017-02-24 09:14:06	2016-06-03 16:36:47	13417430	3381192360	13417430	252	1735		https://sra-downloadb.be-md.ncbi.nlm.nih.gov/sos12/sra-pub-zq-1211/SRR003/624/SRR3624703/SRR3624703.sralite.1	SRX1819518	169	WGS	RANDOM	GENOMIC	PAIRED	0	0	ILLUMINA	Illumina HiSeq 2000	SRP076116	PRJNA324432	2	324432	SRS1483371	SAMN05203347	simple	318829	Pyricularia oryzae	169							no					ETH ZURICH	SRA430741		public	D400412D8ED76D878A1A0C849D2D0A03	909EED8C8A63D33F38EF5EDFD700915D
SRR3624702	2017-02-24 09:14:06	2016-06-03 16:33:59	11684475	2944487700	11684475	252	1490		https://sra-downloadb.be-md.ncbi.nlm.nih.gov/sos12/sra-pub-zq-1211/SRR003/624/SRR3624702/SRR3624702.sralite.1	SRX1819517	127	WGS	RANDOM	GENOMIC	PAIRED	0	0	ILLUMINA	Illumina HiSeq 2000	SRP076116	PRJNA324432	2	324432	SRS1483372	SAMN05203346	simple	318829	Pyricularia oryzae	127							no					ETH ZURICH	SRA430741		public	1E7BD68C8E4A1D3F0278332776CA168A	BA492F437B1DC35DF2E819375254B78C
SRR3624706	2017-02-24 09:14:06	2016-06-03 16:36:00	10217611	2574837972	10217611	252	1305		https://sra-downloadb.be-md.ncbi.nlm.nih.gov/sos12/sra-pub-zq-1211/SRR003/624/SRR3624706/SRR3624706.sralite.1	SRX1819520	205	WGS	RANDOM	GENOMIC	PAIRED	0	0	ILLUMINA	Illumina HiSeq 2000	SRP076116	PRJNA324432	2	324432	SRS1483373	SAMN05203349	simple	318829	Pyricularia oryzae	205							no					ETH ZURICH	SRA430741		public	9021FCC670901AA0ABDB6F43CA5B3D9E	76A78C49FE766357A129D47918CBC592
SRR3624705	2017-02-24 09:14:06	2016-06-03 16:37:49	11269513	2839917276	11269513	252	1460		https://sra-downloadb.be-md.ncbi.nlm.nih.gov/sos12/sra-pub-zq-1211/SRR003/624/SRR3624705/SRR3624705.sralite.1	SRX1819519	204	WGS	RANDOM	GENOMIC	PAIRED	0	0	ILLUMINA	Illumina HiSeq 2000	SRP076116	PRJNA324432	2	324432	SRS1483374	SAMN05203348	simple	318829	Pyricularia oryzae	204							no					ETH ZURICH	SRA430741		public	4DD84D8A73B1B0A9B69CD5C55215EE45	3AEBCC81348DFF082E365296F37A8B8F
ERR1448267	2016-10-01 18:56:49		0	0	0	0	0			ERX1518745	unspecified	WGS	RANDOM	GENOMIC	PAIRED	400	0	ILLUMINA	Illumina HiSeq 2500	ERP016009	PRJEB14371		345081	ERS1201008	SAMEA4029898	simple	318829	Pyricularia oryzae	SAMEA4029898							no					UNIVERSITY OF EXETER	ERA651125		public		
ERR1448268	2016-10-01 18:56:49		0	0	0	0	0			ERX1518746	unspecified	WGS	RANDOM	GENOMIC	PAIRED	400	0	ILLUMINA	Illumina HiSeq 2500	ERP016009	PRJEB14371		345081	ERS1201009	SAMEA4029899	simple	318829	Pyricularia oryzae	SAMEA4029899							no					UNIVERSITY OF EXETER	ERA651125		public		
ERR1448269	2016-10-01 18:56:49		0	0	0	0	0			ERX1518747	unspecified	WGS	RANDOM	GENOMIC	PAIRED	400	0	ILLUMINA	Illumina HiSeq 2500	ERP016009	PRJEB14371		345081	ERS1201010	SAMEA4029900	simple	318829	Pyricularia oryzae	SAMEA4029900							no					UNIVERSITY OF EXETER	ERA651125		public		
DRR059884	2016-05-17 12:08:01	2016-05-17 10:16:57	28816283	4322442450	28816283	150	1928		https://sra-downloadb.be-md.ncbi.nlm.nih.gov/sos13/sra-pub-zq-1305/DRR000/059/DRR059884/DRR059884.sralite.1	DRX054194		WGS	RANDOM	GENOMIC	PAIRED	210	0	ILLUMINA	Illumina Genome Analyzer IIx	DRP003117	PRJDB4326	2	322027	DRS029686	SAMD00051169	simple	318829	Pyricularia oryzae	SAMD00051169							no					KOBE_U	DRA004665		public	F743A40452F40B33B0D6BB75CB1D6200	2ED0C6368B6480CB4D7C50F7F501621A
DRR059885	2016-05-17 12:08:01	2016-05-17 10:18:15	30360775	4554116250	30360775	150	2643		https://sra-downloadb.be-md.ncbi.nlm.nih.gov/sos13/sra-pub-zq-1307/DRR000/059/DRR059885/DRR059885.sralite.1	DRX054195		WGS	RANDOM	GENOMIC	PAIRED	210	0	ILLUMINA	Illumina Genome Analyzer IIx	DRP003117	PRJDB4326	2	322027	DRS029687	SAMD00051170	simple	318829	Pyricularia oryzae	SAMD00051170							no					KOBE_U	DRA004665		public	98B2EA0B34DC9B78D889FC91E006FF5D	7532ACF9C9D0F3BBF5080FFBC83BD6BC
DRR059886	2016-05-17 12:08:01	2016-05-17 10:18:18	28281923	4242288450	28281923	150	2439		https://sra-downloadb.be-md.ncbi.nlm.nih.gov/sos13/sra-pub-zq-1305/DRR000/059/DRR059886/DRR059886.sralite.1	DRX054196		WGS	RANDOM	GENOMIC	PAIRED	210	0	ILLUMINA	Illumina Genome Analyzer IIx	DRP003117	PRJDB4326	2	322027	DRS029688	SAMD00051171	simple	318829	Pyricularia oryzae	SAMD00051171							no					KOBE_U	DRA004665		public	A2AA8A220AE7426EA6B52C4019B067E5	C1F70125900DD9159288161C049140FD
DRR059887	2016-05-17 12:08:01	2016-05-17 10:18:21	26755095	4013264250	26755095	150	2212		https://sra-downloadb.be-md.ncbi.nlm.nih.gov/sos12/sra-pub-zq-1211/DRR000/059/DRR059887/DRR059887.sralite.1	DRX054197		WGS	RANDOM	GENOMIC	PAIRED	210	0	ILLUMINA	Illumina Genome Analyzer IIx	DRP003117	PRJDB4326	2	322027	DRS029689	SAMD00051172	simple	318829	Pyricularia oryzae	SAMD00051172							no					KOBE_U	DRA004665		public	4488F5BB6F85996ED57C08B469C5EF87	124CB811791F5A288B7656EA7F08F0BA
DRR059888	2016-05-17 12:08:01	2016-05-17 10:19:39	30523217	4578482550	30523217	150	2554		https://sra-downloadb.be-md.ncbi.nlm.nih.gov/sos13/sra-pub-zq-1305/DRR000/059/DRR059888/DRR059888.sralite.1	DRX054198		WGS	RANDOM	GENOMIC	PAIRED	210	0	ILLUMINA	Illumina Genome Analyzer IIx	DRP003117	PRJDB4326	2	322027	DRS029690	SAMD00051173	simple	318829	Pyricularia oryzae	SAMD00051173							no					KOBE_U	DRA004665		public	0FB7EFC672DAB5D67857BC7A8555ED5C	1A9B7EC9E3DE98388614790F8C9CE886
DRR059890	2016-05-17 12:08:01	2016-05-17 10:16:21	6828914	1024337100	6828914	150	518		https://sra-downloadb.be-md.ncbi.nlm.nih.gov/sos12/sra-pub-zq-1211/DRR000/059/DRR059890/DRR059890.sralite.1	DRX054200		WGS	RANDOM	GENOMIC	PAIRED	210	0	ILLUMINA	Illumina Genome Analyzer IIx	DRP003117	PRJDB4326	2	322027	DRS029692	SAMD00051175	simple	318829	Pyricularia oryzae	SAMD00051175							no					KOBE_U	DRA004665		public	F0D54B94062B49AF9F7B68821609BA93	37A6A2BC633FBFC37C9BB35613E9E9C8
DRR059891	2016-05-17 12:08:02	2016-05-17 10:17:10	20988545	3148281750	20988545	150	1764		https://sra-downloadb.be-md.ncbi.nlm.nih.gov/sos12/sra-pub-zq-1211/DRR000/059/DRR059891/DRR059891.sralite.1	DRX054201		WGS	RANDOM	GENOMIC	PAIRED	210	0	ILLUMINA	Illumina Genome Analyzer IIx	DRP003117	PRJDB4326	2	322027	DRS029693	SAMD00051176	simple	318829	Pyricularia oryzae	SAMD00051176							no					KOBE_U	DRA004665		public	6779EC91B099CBE5580C0B7ED5867FDB	B154256E1C9F005B027B295FA73812A8
ERR748824	2015-02-09 18:04:04	2015-02-10 02:02:11	31044942	2359415592	0	76	1739		https://sra-downloadb.be-md.ncbi.nlm.nih.gov/sos12/sra-pub-zq-1211/ERR000/748/ERR748824/ERR748824.sralite.1	ERX692506	unspecified	WGS	size fractionation	GENOMIC	SINGLE	0	0	ILLUMINA	Illumina Genome Analyzer IIx	ERP009415	PRJEB8341		276752	ERS652739	SAMEA3231517	simple	318829	Pyricularia oryzae	SAMEA3231517							no					INRA TOULOUSE	ERA407352		public	7FA27B9AE68FBEE658F365A30D8A3E86	0F7E307714CD2F259F1735824594021B
ERR747964	2015-03-01 05:23:08	2015-03-03 07:32:24	24574931	1867694756	0	76	1638		https://sra-downloadb.be-md.ncbi.nlm.nih.gov/sos12/sra-pub-zq-1211/ERR000/747/ERR747964/ERR747964.sralite.1	ERX691646	unspecified	WGS	size fractionation	GENOMIC	SINGLE	0	0	ILLUMINA	Illumina Genome Analyzer IIx	ERP009415	PRJEB8341		276752	ERS652447	SAMEA3231213	simple	318829	Pyricularia oryzae	SAMEA3231213							no					INRA TOULOUSE	ERA407258		public	53AB7AF8F4A552ADBD6F54EF4FB62147	E8B1E5C1DDC83E28CACB3C07D67CC078
ERR748792	2015-03-01 05:23:10	2015-03-03 07:31:39	29760843	2261824068	0	76	1662		https://sra-downloadb.be-md.ncbi.nlm.nih.gov/sos12/sra-pub-zq-1211/ERR000/748/ERR748792/ERR748792.sralite.1	ERX692474	unspecified	WGS	size fractionation	GENOMIC	SINGLE	0	0	ILLUMINA	Illumina Genome Analyzer IIx	ERP009415	PRJEB8341		276752	ERS652731	SAMEA3231509	simple	318829	Pyricularia oryzae	SAMEA3231509							no					INRA TOULOUSE	ERA407348		public	A07DE4E28576690DC30E9C20EEE936BC	466FA68B1FFACB70C1049951A20F2450
ERR748793	2015-03-01 05:23:10	2015-03-03 07:37:02	30298575	2302691700	0	76	1719		https://sra-downloadb.be-md.ncbi.nlm.nih.gov/sos12/sra-pub-zq-1211/ERR000/748/ERR748793/ERR748793.sralite.1	ERX692475	unspecified	WGS	size fractionation	GENOMIC	SINGLE	0	0	ILLUMINA	Illumina Genome Analyzer IIx	ERP009415	PRJEB8341		276752	ERS652737	SAMEA3231515	simple	318829	Pyricularia oryzae	SAMEA3231515							no					INRA TOULOUSE	ERA407350		public	AAE9FCD81F2E792B0C729759CA8F58DA	B46566E2D799354B3C45C53A598FBC99
ERR748831	2015-03-01 05:23:11	2015-03-03 07:30:26	32255371	2451408196	0	76	1845		https://sra-downloadb.be-md.ncbi.nlm.nih.gov/sos12/sra-pub-zq-1211/ERR000/748/ERR748831/ERR748831.sralite.1	ERX692513	unspecified	WGS	size fractionation	GENOMIC	SINGLE	0	0	ILLUMINA	Illumina Genome Analyzer IIx	ERP009415	PRJEB8341		276752	ERS653011	SAMEA3231789	simple	318829	Pyricularia oryzae	SAMEA3231789							no					INRA TOULOUSE	ERA407370		public	A3FBAAF69336B4581824201BA7753E59	7E4883207532BFA40FFFCF4CC81CDF6F
ERR748982	2015-03-01 05:23:12	2015-03-03 07:32:34	24716278	1878437128	0	76	1343		https://sra-downloadb.be-md.ncbi.nlm.nih.gov/sos12/sra-pub-zq-1211/ERR000/748/ERR748982/ERR748982.sralite.1	ERX692664	unspecified	WGS	size fractionation	GENOMIC	SINGLE	0	0	ILLUMINA	Illumina Genome Analyzer IIx	ERP009415	PRJEB8341		276752	ERS653255	SAMEA3232033	simple	318829	Pyricularia oryzae	SAMEA3232033							no					INRA TOULOUSE	ERA407376		public	A01DC8578C7941690CA787C5B73EEF5F	8B7AB9BA4F93DD3D86A6A12FF39FB782
ERR868295	2015-05-05 10:07:30	2015-05-05 23:48:29	33879702	3421849902	0	101	2550		https://sra-downloadb.be-md.ncbi.nlm.nih.gov/sos12/sra-pub-zq-1211/ERR000/868/ERR868295/ERR868295.sralite.1	ERX947896	unspecified	WGS	size fractionation	GENOMIC	SINGLE	0	0	ILLUMINA	Illumina Genome Analyzer	ERP009415	PRJEB8341		276752	ERS715602	SAMEA3373385	simple	318829	Pyricularia oryzae	SAMEA3373385							no					INRA TOULOUSE	ERA434644		public	3F4513FDFF33A461316985A75A9ECB81	D9422A14D6F9FAB2BC7C0ED843554582
SRR3056583	2016-12-27 08:00:29	2015-12-27 12:54:41	26415620	5335955240	26415620	202	3354		https://sra-downloadb.be-md.ncbi.nlm.nih.gov/sos12/sra-pub-zq-1214/SRR003/056/SRR3056583.sralite.1	SRX1502624	MG02	WGS	RANDOM	GENOMIC	PAIRED	300	30	ILLUMINA	Illumina HiSeq 1000	SRP067816	PRJNA304094		304094	SRS1169062	SAMN04216992	simple	318829	Pyricularia oryzae	MG02							no					C-CAMP	SRA322783		public	969AD8D97DC4BF09ACA271EDBBEA7694	160309E03E1576F6767298C7F5220608
SRR3056585	2016-12-27 08:00:29	2015-12-27 19:29:45	87077437	17589642274	87077437	202	11722		https://sra-downloadb.be-md.ncbi.nlm.nih.gov/sos12/sra-pub-zq-1214/SRR003/056/SRR3056585.sralite.1	SRX1502626	MG04	WGS	RANDOM	GENOMIC	PAIRED	300	30	ILLUMINA	Illumina HiSeq 1000	SRP067816	PRJNA304094		304094	SRS1223731	SAMN04216996	simple	318829	Pyricularia oryzae	MG04							no					C-CAMP	SRA322783		public	36F8A5C155FD4195159FEAF71F28C7BB	9189C8702543812EF07F82E4F6D88972
SRR3056613	2016-12-27 08:00:29	2015-12-27 20:56:53	10916531	2205139262	10916531	202	1320		https://sra-downloadb.be-md.ncbi.nlm.nih.gov/sos12/sra-pub-zq-1214/SRR003/056/SRR3056613.sralite.1	SRX1502640	MG10	WGS	RANDOM	GENOMIC	PAIRED	300	30	ILLUMINA	Illumina HiSeq 1000	SRP067816	PRJNA304094		304094	SRS1223739	SAMN04217083	simple	318829	Pyricularia oryzae	MG10							no					C-CAMP	SRA322783		public	7AF5FD028B54FDFB59B6EDA5FE708E01	35F13962EBEFE1A96B81F11AC3DAFCDE
DRR059892	2016-05-17 12:08:02	2016-05-17 10:17:59	10361435	1554215250	10361435	150	796		https://sra-downloadb.be-md.ncbi.nlm.nih.gov/sos12/sra-pub-zq-1211/DRR000/059/DRR059892/DRR059892.sralite.1	DRX054202		WGS	RANDOM	GENOMIC	PAIRED	210	0	ILLUMINA	Illumina Genome Analyzer IIx	DRP003117	PRJDB4326	2	322027	DRS029694	SAMD00051177	simple	318829	Pyricularia oryzae	SAMD00051177							no					KOBE_U	DRA004665		public	3993125355218EDF777D868DFC418B91	22721CD90CF56DF82B39C5B8995CBCC2
DRR059893	2016-05-17 12:08:02	2016-05-17 10:16:48	20493412	3074011800	20493412	150	1712		https://sra-downloadb.be-md.ncbi.nlm.nih.gov/sos12/sra-pub-zq-1211/DRR000/059/DRR059893/DRR059893.sralite.1	DRX054203		WGS	RANDOM	GENOMIC	PAIRED	210	0	ILLUMINA	Illumina Genome Analyzer IIx	DRP003117	PRJDB4326	2	322027	DRS029695	SAMD00051178	simple	318829	Pyricularia oryzae	SAMD00051178							no					KOBE_U	DRA004665		public	C126C35B157BA2D4396D95116D63E492	ECF338D48ACFC19C81E8860BF9F493FE
DRR059894	2016-05-17 12:08:02	2016-05-17 10:15:31	9499470	1424920500	9499470	150	729		https://sra-downloadb.be-md.ncbi.nlm.nih.gov/sos12/sra-pub-zq-1211/DRR000/059/DRR059894/DRR059894.sralite.1	DRX054204		WGS	RANDOM	GENOMIC	PAIRED	210	0	ILLUMINA	Illumina Genome Analyzer IIx	DRP003117	PRJDB4326	2	322027	DRS029696	SAMD00051179	simple	318829	Pyricularia oryzae	SAMD00051179							no					KOBE_U	DRA004665		public	AF075D7010DFA3B5015F951C5835CE4F	D1FBEF1AEC6C4FBAF4379209A3039741
DRR059895	2016-05-17 12:08:02	2016-05-17 10:16:33	13477709	2021656350	13477709	150	1044		https://sra-downloadb.be-md.ncbi.nlm.nih.gov/sos12/sra-pub-zq-1211/DRR000/059/DRR059895/DRR059895.sralite.1	DRX054205		WGS	RANDOM	GENOMIC	PAIRED	210	0	ILLUMINA	Illumina Genome Analyzer IIx	DRP003117	PRJDB4326	2	322027	DRS029697	SAMD00051180	simple	318829	Pyricularia oryzae	SAMD00051180							no					KOBE_U	DRA004665		public	793B778220BA16D9E79DCC48DA5638BB	A4F0EC2FB5C014617E1DDE720707042D
SRR654051	2015-07-22 17:09:05	2015-09-05 13:26:30	17986286	1295012592	0	72	725		https://sra-downloadb.be-md.ncbi.nlm.nih.gov/sos12/sra-pub-run-1232/SRR000/654/SRR654051/SRR654051.2	SRX220856		WGS	RANDOM	GENOMIC	SINGLE	0	0	ILLUMINA	Illumina Genome Analyzer IIx	SRP018326	PRJNA188153		188153	SRS388128	SAMN01907218	simple	242507	Pyricularia oryzae 70-15	S0							no					SEOUL NATIONAL UNIVERSITY	SRA065845		public	B87B1A119427ACC0BDE0B736EB4D79B3	7CAE2F0308CD3565E55B630A286D3D8A
SRR654053	2015-07-22 17:09:05	2015-09-05 13:22:50	35307978	4095725448	0	116	2606		https://sra-downloadb.be-md.ncbi.nlm.nih.gov/sos12/sra-pub-run-1232/SRR000/654/SRR654053/SRR654053.2	SRX220857		WGS	RANDOM	GENOMIC	SINGLE	0	0	ILLUMINA	Illumina Genome Analyzer IIx	SRP018326	PRJNA188153		188153	SRS388129	SAMN01907219	simple	242507	Pyricularia oryzae 70-15	S10-1							no					SEOUL NATIONAL UNIVERSITY	SRA065845		public	56070C955A6B3F103FD93D1AA4DA34F4	7319CE4D8057BC4702D8A572A1B86D08
SRR654054	2015-07-22 17:09:05	2015-09-05 13:22:52	34349874	4156334754	0	121	2540		https://sra-downloadb.be-md.ncbi.nlm.nih.gov/sos12/sra-pub-run-1232/SRR000/654/SRR654054/SRR654054.2	SRX220858		WGS	RANDOM	GENOMIC	SINGLE	0	0	ILLUMINA	Illumina Genome Analyzer IIx	SRP018326	PRJNA188153		188153	SRS388130	SAMN01907220	simple	242507	Pyricularia oryzae 70-15	S10-2							no					SEOUL NATIONAL UNIVERSITY	SRA065845		public	B7595C63417966D5E0E2DD95729EBEEB	D8589ECFBCEC69698A898CF51899466C
SRR654055	2015-07-22 17:09:05	2015-09-05 13:16:55	33802598	4090114358	0	121	2496		https://sra-downloadb.be-md.ncbi.nlm.nih.gov/sos12/sra-pub-run-1232/SRR000/654/SRR654055/SRR654055.2	SRX220859		WGS	RANDOM	GENOMIC	SINGLE	0	0	ILLUMINA	Illumina Genome Analyzer II	SRP018326	PRJNA188153		188153	SRS388131	SAMN01907221	simple	242507	Pyricularia oryzae 70-15	S10-3							no					SEOUL NATIONAL UNIVERSITY	SRA065845		public	CA9F5C68F5E5F6B9EBA1C244E3AD98E2	99BBD207C4FE2FBE92B1C47E34390A02
SRR654052	2015-07-22 17:09:05	2015-09-05 13:27:07	23705150	1706770800	0	72	1008		https://sra-downloadb.be-md.ncbi.nlm.nih.gov/sos12/sra-pub-run-1232/SRR000/654/SRR654052/SRR654052.2	SRX220860		WGS	RANDOM	GENOMIC	SINGLE	0	0	ILLUMINA	Illumina Genome Analyzer IIx	SRP018326	PRJNA188153		188153	SRS388132	SAMN01907222	simple	242507	Pyricularia oryzae 70-15	S20-1							no					SEOUL NATIONAL UNIVERSITY	SRA065845		public	104F96BB2DB0419581F6892085A3ADC0	57E88377B3B04B2DC300BECA9588F64E
SRR654056	2015-07-22 17:09:05	2015-09-05 13:17:21	33846891	4095473811	0	121	2585		https://sra-downloadb.be-md.ncbi.nlm.nih.gov/sos12/sra-pub-run-1232/SRR000/654/SRR654056/SRR654056.2	SRX220861		WGS	RANDOM	GENOMIC	SINGLE	0	0	ILLUMINA	Illumina Genome Analyzer IIx	SRP018326	PRJNA188153		188153	SRS388133	SAMN01907223	simple	242507	Pyricularia oryzae 70-15	S20-2							no					SEOUL NATIONAL UNIVERSITY	SRA065845		public	D08054738DFF5556D599BEC942561B9A	1BCD3DF2BBA358C3E3FD02F0F0CBF437
SRR654057	2015-07-22 17:09:05	2015-09-05 13:15:17	33454905	4048043505	0	121	2521		https://sra-downloadb.be-md.ncbi.nlm.nih.gov/sos12/sra-pub-run-1232/SRR000/654/SRR654057/SRR654057.2	SRX220862		WGS	RANDOM	GENOMIC	SINGLE	0	0	ILLUMINA	Illumina Genome Analyzer IIx	SRP018326	PRJNA188153		188153	SRS388134	SAMN01907224	simple	242507	Pyricularia oryzae 70-15	S20-3							no					SEOUL NATIONAL UNIVERSITY	SRA065845		public	E544C56069C5A1E0A620942FF7DB8DC9	A6698D2FD1775E86B5C0186609313BC8
